Area Code,State,Market,Market Size,Profit,Margin,Sales,COGS,Total Expenses,Marketing,Inventory,Budget Profit,Budget COGS,Budget Margin,Budget Sales,ProductId,Date,Product Type,Product,Type,Year,Month,Day,Predicted_Sales
203,2,1,1,107.0,176.0,292.0,116.0,69.0,38.0,962.0,110.0,110.0,160.0,270.0,2,2010-01-04,0,4,1,2010,1,4,282.85974
203,2,1,1,75.0,135.0,225.0,90.0,60.0,29.0,1148.0,90.0,80.0,130.0,210.0,2,2010-01-07,0,4,1,2010,1,7,238.2373
203,2,1,1,122.0,195.0,325.0,130.0,73.0,42.0,1134.0,130.0,110.0,180.0,290.0,2,2010-01-11,0,4,1,2010,1,11,286.139
203,2,1,1,105.0,174.0,289.0,115.0,69.0,37.0,1166.0,110.0,100.0,160.0,260.0,2,2010-01-12,0,4,1,2010,1,12,288.411
203,2,1,1,104.0,135.0,223.0,90.0,56.0,29.0,1148.0,90.0,80.0,130.0,210.0,2,2011-01-07,0,4,1,2011,1,7,239.9048
203,2,1,1,104.0,135.0,223.0,90.0,56.0,29.0,1139.0,90.0,80.0,130.0,210.0,2,2011-01-08,0,4,1,2011,1,8,230.8611
203,2,1,1,135.0,155.0,275.0,103.0,64.0,33.0,1130.0,110.0,90.0,150.0,240.0,2,2011-01-09,0,4,1,2011,1,9,244.13464
203,2,1,1,171.0,188.0,334.0,125.0,73.0,41.0,1119.0,130.0,100.0,160.0,260.0,2,2011-01-10,0,4,1,2011,1,10,266.2672
203,2,1,1,181.0,195.0,346.0,130.0,73.0,42.0,1134.0,130.0,110.0,180.0,290.0,2,2011-01-11,0,4,1,2011,1,11,273.99664
203,2,1,1,15.0,31.0,51.0,20.0,16.0,5.0,804.0,20.0,20.0,30.0,50.0,13,2010-01-06,3,9,1,2010,1,6,49.05638
203,2,1,1,33.0,54.0,90.0,36.0,21.0,10.0,809.0,40.0,30.0,60.0,90.0,13,2010-01-11,3,9,1,2010,1,11,86.384285
203,2,1,1,17.0,28.0,47.0,19.0,15.0,5.0,811.0,20.0,20.0,30.0,50.0,13,2011-01-08,3,9,1,2011,1,8,45.58622
203,2,1,1,27.0,36.0,64.0,24.0,18.0,6.0,806.0,40.0,20.0,40.0,60.0,13,2011-01-10,3,9,1,2011,1,10,78.197655
203,2,1,1,49.0,54.0,96.0,36.0,21.0,10.0,809.0,40.0,30.0,60.0,90.0,13,2011-01-11,3,9,1,2011,1,11,86.56411
203,2,1,1,-2.0,75.0,128.0,53.0,77.0,48.0,597.0,10.0,50.0,70.0,120.0,5,2010-01-06,1,2,1,2010,1,6,130.08757
203,2,1,1,1.0,84.0,144.0,60.0,83.0,54.0,606.0,40.0,40.0,90.0,130.0,5,2010-01-10,1,2,1,2010,1,10,138.20157
203,2,1,1,2.0,86.0,147.0,61.0,84.0,55.0,613.0,10.0,60.0,80.0,140.0,5,2010-01-11,1,2,1,2010,1,11,143.8327
203,2,1,1,11.0,105.0,201.0,75.0,103.0,68.0,522.0,20.0,70.0,100.0,170.0,5,2011-01-01,1,2,1,2011,1,1,179.84964
203,2,1,1,4.0,90.0,165.0,65.0,87.0,58.0,513.0,20.0,60.0,90.0,150.0,5,2011-01-02,1,2,1,2011,1,2,163.70473
203,2,1,1,0.0,87.0,160.0,63.0,87.0,57.0,506.0,10.0,60.0,80.0,140.0,5,2011-01-03,1,2,1,2011,1,3,161.11124
203,2,1,1,0.0,87.0,160.0,63.0,87.0,57.0,521.0,10.0,60.0,80.0,140.0,5,2011-01-04,1,2,1,2011,1,4,156.78279
203,2,1,1,4.0,90.0,153.0,64.0,81.0,58.0,551.0,20.0,60.0,90.0,150.0,5,2011-01-05,1,2,1,2011,1,5,147.14816
203,2,1,1,3.0,87.0,159.0,62.0,85.0,56.0,612.0,20.0,50.0,90.0,140.0,5,2011-01-09,1,2,1,2011,1,9,124.23743
203,2,1,1,-3.0,76.0,140.0,55.0,78.0,49.0,627.0,10.0,50.0,70.0,120.0,5,2011-01-12,1,2,1,2011,1,12,136.09831
203,2,1,1,29.0,75.0,130.0,55.0,46.0,18.0,305.0,40.0,50.0,70.0,120.0,6,2010-01-02,1,6,0,2010,1,2,130.13821
203,2,1,1,22.0,65.0,113.0,48.0,43.0,15.0,334.0,40.0,40.0,70.0,110.0,6,2010-01-05,1,6,0,2010,1,5,106.78894
203,2,1,1,16.0,57.0,100.0,43.0,41.0,14.0,388.0,20.0,40.0,50.0,90.0,6,2010-01-07,1,6,0,2010,1,7,93.40065
203,2,1,1,16.0,56.0,98.0,42.0,40.0,13.0,384.0,20.0,40.0,50.0,90.0,6,2010-01-08,1,6,0,2010,1,8,95.76308
203,2,1,1,47.0,75.0,145.0,55.0,47.0,18.0,312.0,40.0,50.0,70.0,120.0,6,2011-01-01,1,6,0,2011,1,1,143.80496
203,2,1,1,39.0,71.0,132.0,53.0,45.0,17.0,299.0,40.0,50.0,70.0,120.0,6,2011-01-03,1,6,0,2011,1,3,130.73262
203,2,1,1,22.0,56.0,97.0,42.0,37.0,13.0,384.0,20.0,40.0,50.0,90.0,6,2011-01-08,1,6,0,2011,1,8,80.327095
203,2,1,1,31.0,64.0,118.0,47.0,43.0,15.0,375.0,50.0,30.0,60.0,90.0,6,2011-01-10,1,6,0,2011,1,10,102.23363
203,2,1,1,39.0,71.0,132.0,53.0,45.0,17.0,380.0,40.0,50.0,70.0,120.0,6,2011-01-11,1,6,0,2011,1,11,106.273445
203,2,1,1,31.0,65.0,121.0,49.0,44.0,16.0,392.0,40.0,40.0,70.0,110.0,6,2011-01-12,1,6,0,2011,1,12,114.39179
203,2,1,1,39.0,104.0,189.0,85.0,65.0,32.0,476.0,40.0,60.0,80.0,140.0,9,2010-01-03,2,10,0,2010,1,3,189.6139
203,2,1,1,32.0,93.0,169.0,76.0,61.0,28.0,580.0,40.0,50.0,80.0,130.0,9,2010-01-06,2,10,0,2010,1,6,168.52751
203,2,1,1,50.0,98.0,190.0,80.0,64.0,30.0,494.0,30.0,60.0,70.0,130.0,9,2011-01-04,2,10,0,2011,1,4,192.4866
203,2,1,1,36.0,83.0,160.0,67.0,59.0,25.0,599.0,20.0,50.0,60.0,110.0,9,2011-01-09,2,10,0,2011,1,9,192.69493
203,2,1,1,50.0,98.0,189.0,79.0,64.0,30.0,593.0,30.0,40.0,50.0,90.0,9,2011-01-10,2,10,0,2011,1,10,189.74266
203,2,1,1,46.0,89.0,163.0,74.0,43.0,22.0,949.0,50.0,50.0,70.0,120.0,10,2010-01-03,2,11,0,2010,1,3,163.04584
203,2,1,1,68.0,90.0,176.0,75.0,44.0,23.0,956.0,50.0,50.0,70.0,120.0,10,2011-01-02,2,11,0,2011,1,2,173.17986
203,2,1,1,52.0,80.0,147.0,68.0,39.0,21.0,998.0,40.0,50.0,60.0,110.0,10,2011-01-05,2,11,0,2011,1,5,139.99008
203,2,1,1,49.0,74.0,145.0,62.0,41.0,19.0,1059.0,40.0,40.0,60.0,100.0,10,2011-01-09,2,11,0,2011,1,9,142.89583
203,2,1,1,52.0,77.0,151.0,65.0,42.0,20.0,1053.0,50.0,30.0,50.0,80.0,10,2011-01-10,2,11,0,2011,1,10,143.45209
203,2,1,1,53.0,76.0,148.0,63.0,40.0,19.0,1075.0,40.0,40.0,60.0,100.0,10,2011-01-12,2,11,0,2011,1,12,155.57317
203,2,1,1,43.0,68.0,115.0,47.0,25.0,13.0,821.0,60.0,40.0,80.0,120.0,11,2010-01-04,3,5,1,2010,1,4,114.58866
203,2,1,1,32.0,52.0,87.0,35.0,20.0,9.0,894.0,50.0,30.0,60.0,90.0,11,2010-01-07,3,5,1,2010,1,7,100.691864
203,2,1,1,28.0,49.0,83.0,34.0,21.0,9.0,890.0,40.0,30.0,50.0,80.0,11,2010-01-08,3,5,1,2010,1,8,100.99725
203,2,1,1,41.0,64.0,108.0,44.0,23.0,12.0,886.0,50.0,40.0,70.0,110.0,11,2010-01-09,3,5,1,2010,1,9,110.98253
203,2,1,1,46.0,55.0,91.0,37.0,20.0,10.0,876.0,40.0,30.0,60.0,90.0,11,2011-01-06,3,5,1,2011,1,6,102.39784
206,18,3,1,38.0,77.0,130.0,53.0,39.0,16.0,338.0,70.0,60.0,100.0,160.0,2,2010-01-01,0,4,1,2010,1,1,140.02852
206,18,3,1,48.0,89.0,150.0,61.0,41.0,19.0,325.0,80.0,70.0,110.0,180.0,2,2010-01-03,0,4,1,2010,1,3,158.85243
206,18,3,1,56.0,99.0,167.0,68.0,43.0,21.0,438.0,110.0,90.0,140.0,230.0,2,2010-01-10,0,4,1,2010,1,10,177.19756
206,18,3,1,59.0,77.0,145.0,53.0,41.0,16.0,338.0,70.0,60.0,100.0,160.0,2,2011-01-01,0,4,1,2011,1,1,157.40033
206,18,3,1,80.0,100.0,180.0,69.0,46.0,22.0,340.0,90.0,80.0,130.0,210.0,2,2011-01-04,0,4,1,2011,1,4,178.93924
206,18,3,1,91.0,114.0,191.0,79.0,45.0,25.0,425.0,110.0,90.0,150.0,240.0,2,2011-01-06,0,4,1,2011,1,6,190.83545
206,18,3,1,15.0,128.0,220.0,92.0,113.0,83.0,541.0,60.0,110.0,160.0,270.0,3,2010-01-02,0,7,0,2010,1,2,229.143
206,18,3,1,16.0,132.0,227.0,95.0,116.0,86.0,532.0,70.0,110.0,170.0,280.0,3,2010-01-03,0,7,0,2010,1,3,232.90604
206,18,3,1,17.0,132.0,227.0,95.0,115.0,86.0,554.0,70.0,110.0,170.0,280.0,3,2010-01-04,0,7,0,2010,1,4,234.8478
206,18,3,1,24.0,154.0,264.0,110.0,130.0,100.0,665.0,90.0,130.0,200.0,330.0,3,2010-01-06,0,7,0,2010,1,6,257.30377
206,18,3,1,34.0,184.0,317.0,133.0,150.0,120.0,705.0,100.0,160.0,230.0,390.0,3,2010-01-08,0,7,0,2010,1,8,270.5028
206,18,3,1,24.0,132.0,242.0,95.0,116.0,86.0,532.0,70.0,110.0,170.0,280.0,3,2011-01-03,0,7,0,2011,1,3,239.77876
206,18,3,1,33.0,154.0,262.0,110.0,121.0,100.0,665.0,90.0,130.0,200.0,330.0,3,2011-01-06,0,7,0,2011,1,6,253.99174
206,18,3,1,43.0,173.0,294.0,124.0,132.0,112.0,717.0,100.0,150.0,220.0,370.0,3,2011-01-07,0,7,0,2011,1,7,269.84082
206,18,3,1,24.0,130.0,238.0,93.0,114.0,84.0,692.0,60.0,110.0,160.0,270.0,3,2011-01-09,0,7,0,2011,1,9,240.52628
206,18,3,1,25.0,134.0,245.0,96.0,117.0,87.0,683.0,100.0,140.0,190.0,330.0,3,2011-01-10,0,7,0,2011,1,10,235.11758
206,18,3,1,30.0,145.0,266.0,105.0,125.0,95.0,716.0,50.0,120.0,170.0,290.0,3,2011-01-12,0,7,0,2011,1,12,230.76334
206,18,3,1,0.0,87.0,150.0,63.0,87.0,57.0,506.0,10.0,40.0,60.0,100.0,13,2010-01-03,3,9,1,2010,1,3,151.03781
206,18,3,1,-8.0,61.0,105.0,44.0,69.0,39.0,617.0,10.0,20.0,50.0,70.0,13,2010-01-08,3,9,1,2010,1,8,114.87492
206,18,3,1,0.0,84.0,144.0,60.0,84.0,54.0,606.0,10.0,20.0,40.0,60.0,13,2010-01-10,3,9,1,2010,1,10,130.6708
206,18,3,1,1.0,86.0,147.0,61.0,85.0,55.0,613.0,0.0,40.0,60.0,100.0,13,2010-01-11,3,9,1,2010,1,11,134.37402
206,18,3,1,0.0,87.0,160.0,63.0,87.0,57.0,521.0,10.0,40.0,60.0,100.0,13,2011-01-04,3,9,1,2011,1,4,151.61026
206,18,3,1,3.0,90.0,153.0,64.0,82.0,58.0,551.0,10.0,40.0,60.0,100.0,13,2011-01-05,3,9,1,2011,1,5,138.1984
206,18,3,1,3.0,87.0,159.0,62.0,85.0,56.0,612.0,10.0,40.0,60.0,100.0,13,2011-01-09,3,9,1,2011,1,9,130.48994
206,18,3,1,0.0,84.0,153.0,60.0,84.0,54.0,606.0,10.0,20.0,40.0,60.0,13,2011-01-10,3,9,1,2011,1,10,131.1832
206,18,3,1,16.0,72.0,130.0,58.0,56.0,22.0,338.0,20.0,50.0,70.0,120.0,5,2010-01-05,1,2,1,2010,1,5,132.59915
206,18,3,1,18.0,74.0,133.0,59.0,56.0,22.0,403.0,20.0,50.0,70.0,120.0,5,2010-01-07,1,2,1,2010,1,7,141.04173
206,18,3,1,20.0,66.0,134.0,54.0,56.0,20.0,312.0,20.0,50.0,60.0,110.0,5,2011-01-01,1,2,1,2011,1,1,139.4405
206,18,3,1,18.0,65.0,126.0,53.0,53.0,20.0,306.0,20.0,50.0,60.0,110.0,5,2011-01-02,1,2,1,2011,1,2,140.67912
206,18,3,1,22.0,70.0,135.0,57.0,55.0,21.0,313.0,30.0,50.0,70.0,120.0,5,2011-01-04,1,2,1,2011,1,4,140.23193
206,18,3,1,19.0,67.0,129.0,54.0,54.0,20.0,391.0,20.0,50.0,60.0,110.0,5,2011-01-11,1,2,1,2011,1,11,141.79553
206,18,3,1,39.0,81.0,150.0,69.0,42.0,21.0,965.0,60.0,60.0,80.0,140.0,6,2010-01-01,1,6,0,2010,1,1,161.48215
206,18,3,1,39.0,82.0,151.0,69.0,43.0,21.0,965.0,60.0,60.0,80.0,140.0,6,2010-01-04,1,6,0,2010,1,4,167.45969
206,18,3,1,47.0,92.0,170.0,78.0,45.0,24.0,995.0,60.0,70.0,90.0,160.0,6,2010-01-05,1,6,0,2010,1,5,167.41135
206,18,3,1,71.0,123.0,226.0,103.0,52.0,31.0,1073.0,90.0,90.0,120.0,210.0,6,2010-01-08,1,6,0,2010,1,8,174.84827
206,18,3,1,53.0,99.0,182.0,83.0,46.0,25.0,1063.0,70.0,70.0,100.0,170.0,6,2010-01-09,1,6,0,2010,1,9,185.49393
206,18,3,1,45.0,89.0,164.0,75.0,44.0,23.0,1063.0,40.0,70.0,80.0,150.0,6,2010-01-11,1,6,0,2010,1,11,183.19977
206,18,3,1,59.0,84.0,165.0,71.0,44.0,22.0,950.0,50.0,60.0,80.0,140.0,6,2011-01-03,1,6,0,2011,1,3,174.05103
206,18,3,1,58.0,82.0,161.0,69.0,43.0,21.0,965.0,60.0,60.0,80.0,140.0,6,2011-01-04,1,6,0,2011,1,4,172.04765
206,18,3,1,65.0,92.0,168.0,78.0,42.0,24.0,995.0,60.0,70.0,90.0,160.0,6,2011-01-05,1,6,0,2011,1,5,164.2031
206,18,3,1,79.0,99.0,194.0,83.0,46.0,25.0,1063.0,70.0,70.0,100.0,170.0,6,2011-01-09,1,6,0,2011,1,9,169.34729
206,18,3,1,115.0,186.0,310.0,124.0,71.0,40.0,961.0,120.0,100.0,170.0,270.0,8,2010-01-01,2,3,0,2010,1,1,317.21472
206,18,3,1,121.0,195.0,325.0,130.0,74.0,42.0,945.0,120.0,110.0,170.0,280.0,8,2010-01-02,2,3,0,2010,1,2,320.82892
206,18,3,1,115.0,186.0,309.0,123.0,71.0,40.0,932.0,120.0,100.0,170.0,270.0,8,2010-01-03,2,3,0,2010,1,3,317.88345
206,18,3,1,98.0,165.0,275.0,110.0,67.0,36.0,1020.0,100.0,90.0,150.0,240.0,8,2010-01-05,2,3,0,2010,1,5,274.74298
206,18,3,1,79.0,140.0,232.0,92.0,61.0,30.0,1102.0,90.0,70.0,130.0,200.0,8,2010-01-06,2,3,0,2010,1,6,270.12228
206,18,3,1,115.0,188.0,313.0,125.0,73.0,41.0,1119.0,130.0,90.0,160.0,250.0,8,2010-01-10,2,3,0,2010,1,10,302.78604
206,18,3,1,122.0,195.0,325.0,130.0,73.0,42.0,1134.0,120.0,120.0,180.0,300.0,8,2010-01-11,2,3,0,2010,1,11,306.3767
206,18,3,1,180.0,195.0,346.0,130.0,74.0,42.0,945.0,120.0,110.0,170.0,280.0,8,2011-01-02,2,3,0,2011,1,2,303.68466
206,18,3,1,157.0,176.0,311.0,116.0,70.0,38.0,962.0,110.0,90.0,160.0,250.0,8,2011-01-04,2,3,0,2011,1,4,289.13684
206,18,3,1,181.0,195.0,346.0,130.0,73.0,42.0,1134.0,120.0,120.0,180.0,300.0,8,2011-01-11,2,3,0,2011,1,11,291.63535
206,18,3,1,36.0,59.0,99.0,40.0,23.0,11.0,793.0,50.0,30.0,50.0,80.0,9,2010-01-05,2,10,0,2010,1,5,119.66347
206,18,3,1,50.0,59.0,98.0,40.0,21.0,11.0,793.0,50.0,30.0,50.0,80.0,9,2011-01-05,2,10,0,2011,1,5,115.88041
206,18,3,1,62.0,105.0,167.0,62.0,43.0,19.0,346.0,40.0,40.0,70.0,110.0,11,2010-01-03,3,5,1,2010,1,3,155.3101
206,18,3,1,57.0,99.0,159.0,60.0,42.0,18.0,329.0,40.0,20.0,50.0,70.0,11,2010-01-10,3,5,1,2010,1,10,151.8783
206,18,3,1,98.0,109.0,185.0,65.0,43.0,20.0,372.0,40.0,40.0,70.0,110.0,11,2011-01-02,3,5,1,2011,1,2,173.47325
206,18,3,1,57.0,78.0,124.0,47.0,34.0,14.0,371.0,30.0,30.0,50.0,80.0,11,2011-01-06,3,5,1,2011,1,6,130.23836
206,18,3,1,80.0,94.0,161.0,57.0,40.0,17.0,349.0,40.0,30.0,70.0,100.0,11,2011-01-09,3,5,1,2011,1,9,130.53618
206,18,3,1,41.0,81.0,137.0,56.0,40.0,17.0,382.0,40.0,30.0,60.0,90.0,12,2010-01-02,3,8,1,2010,1,2,141.49644
206,18,3,1,24.0,59.0,99.0,40.0,35.0,12.0,443.0,20.0,20.0,40.0,60.0,12,2010-01-06,3,8,1,2010,1,6,111.75263
206,18,3,1,20.0,54.0,90.0,36.0,34.0,11.0,458.0,30.0,20.0,40.0,60.0,12,2010-01-08,3,8,1,2010,1,8,111.59347
206,18,3,1,34.0,71.0,120.0,49.0,37.0,15.0,454.0,30.0,30.0,50.0,80.0,12,2010-01-11,3,8,1,2010,1,11,125.04196
206,18,3,1,75.0,89.0,168.0,61.0,43.0,19.0,390.0,40.0,40.0,60.0,100.0,12,2011-01-01,3,8,1,2011,1,1,155.37439
206,18,3,1,56.0,77.0,137.0,52.0,39.0,16.0,376.0,30.0,30.0,50.0,80.0,12,2011-01-03,3,8,1,2011,1,3,143.54092
206,18,3,1,45.0,68.0,121.0,46.0,38.0,14.0,388.0,20.0,30.0,40.0,70.0,12,2011-01-04,3,8,1,2011,1,4,129.73723
206,18,3,1,33.0,59.0,98.0,40.0,33.0,12.0,443.0,20.0,20.0,40.0,60.0,12,2011-01-06,3,8,1,2011,1,6,105.24736
206,18,3,1,28.0,54.0,89.0,36.0,32.0,11.0,458.0,30.0,20.0,40.0,60.0,12,2011-01-08,3,8,1,2011,1,8,92.80427
206,18,3,1,50.0,71.0,128.0,49.0,37.0,15.0,454.0,30.0,30.0,50.0,80.0,12,2011-01-11,3,8,1,2011,1,11,108.709816
206,18,3,1,32.0,58.0,103.0,45.0,26.0,14.0,605.0,30.0,40.0,50.0,90.0,4,2010-01-04,1,1,1,2010,1,4,100.92491
206,18,3,1,34.0,62.0,110.0,48.0,28.0,15.0,599.0,40.0,40.0,60.0,100.0,4,2010-01-05,1,1,1,2010,1,5,108.52299
206,18,3,1,34.0,62.0,110.0,48.0,28.0,15.0,593.0,40.0,40.0,60.0,100.0,4,2010-01-06,1,1,1,2010,1,6,103.548615
206,18,3,1,36.0,65.0,115.0,50.0,29.0,16.0,587.0,50.0,40.0,70.0,110.0,4,2010-01-07,1,1,1,2010,1,7,105.2902
206,18,3,1,17.0,39.0,69.0,30.0,22.0,9.0,581.0,30.0,20.0,40.0,60.0,4,2010-01-08,1,1,1,2010,1,8,75.395454
206,18,3,1,21.0,43.0,76.0,33.0,22.0,10.0,577.0,30.0,30.0,40.0,70.0,4,2010-01-09,1,1,1,2010,1,9,72.72679
206,18,3,1,10.0,29.0,51.0,22.0,19.0,7.0,573.0,20.0,10.0,20.0,30.0,4,2010-01-10,1,1,1,2010,1,10,70.717026
206,18,3,1,55.0,62.0,123.0,48.0,28.0,15.0,623.0,40.0,40.0,60.0,100.0,4,2011-01-01,1,1,1,2011,1,1,118.30753
206,18,3,1,47.0,62.0,109.0,48.0,26.0,15.0,599.0,40.0,40.0,60.0,100.0,4,2011-01-05,1,1,1,2011,1,5,103.940636
206,18,3,1,50.0,65.0,114.0,50.0,27.0,16.0,587.0,50.0,40.0,70.0,110.0,4,2011-01-07,1,1,1,2011,1,7,104.39843
206,18,3,1,15.0,29.0,54.0,22.0,19.0,7.0,573.0,20.0,10.0,20.0,30.0,4,2011-01-10,1,1,1,2011,1,10,55.54267
206,18,3,1,19.0,32.0,60.0,24.0,19.0,7.0,567.0,20.0,20.0,30.0,50.0,4,2011-01-12,1,1,1,2011,1,12,58.02991
209,0,3,0,-84.0,-21.0,106.0,127.0,63.0,40.0,1215.0,-80.0,160.0,-30.0,130.0,1,2010-01-05,0,0,1,2010,1,5,105.21095
209,0,3,0,-138.0,-67.0,87.0,154.0,71.0,49.0,1832.0,-150.0,190.0,-90.0,100.0,1,2010-01-07,0,0,1,2010,1,7,92.94898
209,0,3,0,-3.0,50.0,162.0,95.0,55.0,30.0,608.0,30.0,110.0,70.0,180.0,1,2011-01-01,0,0,1,2011,1,1,160.1287
209,0,3,0,-131.0,-25.0,109.0,127.0,63.0,40.0,2947.0,-90.0,150.0,-30.0,120.0,1,2011-01-12,0,0,1,2011,1,12,117.64294
209,0,3,0,276.0,428.0,712.0,284.0,152.0,99.0,2108.0,400.0,350.0,540.0,890.0,2,2010-01-04,0,4,1,2010,1,4,711.6601
209,0,3,0,410.0,428.0,759.0,284.0,152.0,99.0,2108.0,400.0,350.0,540.0,890.0,2,2011-01-04,0,4,1,2011,1,4,734.1182
209,0,3,0,88.0,114.0,201.0,75.0,55.0,24.0,659.0,40.0,50.0,80.0,130.0,13,2011-01-11,3,9,1,2011,1,11,175.96683
209,0,3,0,25.0,168.0,289.0,121.0,143.0,109.0,788.0,30.0,110.0,160.0,270.0,5,2010-01-05,1,2,1,2010,1,5,326.46198
209,0,3,0,216.0,329.0,576.0,247.0,113.0,81.0,1744.0,210.0,240.0,310.0,550.0,6,2010-01-12,1,6,0,2010,1,12,567.3387
209,0,3,0,321.0,329.0,614.0,247.0,113.0,81.0,1744.0,210.0,240.0,310.0,550.0,6,2011-01-12,1,6,0,2011,1,12,584.64996
209,0,3,0,148.0,137.0,247.0,95.0,37.0,26.0,809.0,100.0,80.0,120.0,200.0,8,2011-01-02,2,3,0,2011,1,2,255.58112
209,0,3,0,196.0,295.0,546.0,251.0,99.0,77.0,1268.0,200.0,210.0,270.0,480.0,9,2010-01-09,2,10,0,2010,1,9,532.8854
209,0,3,0,291.0,295.0,582.0,251.0,99.0,77.0,1268.0,200.0,210.0,270.0,480.0,9,2011-01-09,2,10,0,2011,1,9,535.8017
209,0,3,0,26.0,51.0,90.0,39.0,25.0,12.0,541.0,40.0,20.0,40.0,60.0,10,2010-01-10,2,11,0,2010,1,10,99.41069
209,0,3,0,120.0,163.0,276.0,113.0,43.0,31.0,897.0,90.0,70.0,110.0,180.0,11,2010-01-06,3,5,1,2010,1,6,277.85068
209,0,3,0,79.0,111.0,187.0,76.0,32.0,21.0,580.0,50.0,30.0,50.0,80.0,12,2010-01-10,3,8,1,2010,1,10,183.67548
210,16,2,0,192.0,288.0,532.0,244.0,96.0,75.0,1213.0,270.0,300.0,360.0,660.0,2,2010-01-06,0,4,1,2010,1,6,516.69574
210,16,2,0,112.0,152.0,256.0,104.0,40.0,29.0,952.0,120.0,80.0,140.0,220.0,5,2010-01-07,1,2,1,2010,1,7,256.62448
210,16,2,0,133.0,179.0,302.0,123.0,46.0,34.0,915.0,100.0,70.0,120.0,190.0,5,2010-01-10,1,2,1,2010,1,10,267.4429
210,16,2,0,184.0,178.0,298.0,123.0,42.0,34.0,941.0,120.0,100.0,150.0,250.0,5,2011-01-08,1,2,1,2011,1,8,256.92905
210,16,2,0,48.0,73.0,123.0,50.0,25.0,14.0,589.0,40.0,30.0,60.0,90.0,6,2010-01-11,1,6,0,2010,1,11,167.81898
210,16,2,0,26.0,51.0,84.0,34.0,30.0,10.0,428.0,30.0,30.0,50.0,80.0,9,2011-01-08,2,10,0,2011,1,8,103.05308
212,12,1,0,83.0,117.0,198.0,81.0,34.0,22.0,460.0,100.0,80.0,130.0,210.0,13,2010-01-04,3,9,1,2010,1,4,193.06433
212,12,1,0,84.0,80.0,150.0,54.0,27.0,15.0,456.0,70.0,50.0,90.0,140.0,13,2011-01-01,3,9,1,2011,1,1,158.86465
212,12,1,0,123.0,124.0,208.0,86.0,33.0,24.0,499.0,100.0,90.0,130.0,220.0,13,2011-01-05,3,9,1,2011,1,5,199.73721
212,12,1,0,-224.0,-69.0,66.0,135.0,155.0,122.0,3641.0,-210.0,130.0,-70.0,60.0,5,2010-01-12,1,2,1,2010,1,12,90.37382
212,12,1,0,-304.0,-59.0,70.0,125.0,146.0,113.0,1382.0,-190.0,120.0,-60.0,60.0,5,2011-01-04,1,2,1,2011,1,4,97.59087
212,12,1,0,-392.0,-95.0,77.0,173.0,176.0,156.0,2615.0,-260.0,160.0,-90.0,70.0,5,2011-01-08,1,2,1,2011,1,8,109.236145
212,12,1,0,316.0,369.0,647.0,284.0,130.0,107.0,1565.0,180.0,210.0,290.0,500.0,9,2011-01-08,2,10,0,2011,1,8,613.6541
212,12,1,0,-238.0,-139.0,112.0,251.0,99.0,77.0,3948.0,-180.0,190.0,-110.0,80.0,10,2010-01-09,2,11,0,2010,1,9,138.25302
212,12,1,0,138.0,185.0,312.0,127.0,47.0,35.0,1007.0,160.0,130.0,200.0,330.0,11,2010-01-07,3,5,1,2010,1,7,292.3186
212,12,1,0,190.0,185.0,309.0,127.0,44.0,35.0,1007.0,160.0,130.0,200.0,330.0,11,2011-01-07,3,5,1,2011,1,7,279.0372
212,12,1,0,187.0,283.0,543.0,260.0,96.0,72.0,1271.0,210.0,240.0,290.0,530.0,7,2010-01-05,1,12,1,2010,1,5,538.87933
212,12,1,0,646.0,526.0,815.0,239.0,91.0,66.0,1197.0,450.0,210.0,510.0,720.0,7,2011-01-10,1,12,1,2011,1,10,607.88367
213,0,3,0,364.0,387.0,687.0,258.0,142.0,90.0,2067.0,360.0,320.0,480.0,800.0,2,2011-01-02,0,4,1,2011,1,2,693.76074
213,0,3,0,508.0,546.0,902.0,364.0,166.0,127.0,2617.0,520.0,450.0,680.0,1130.0,2,2011-01-08,0,4,1,2011,1,8,875.57465
213,0,3,0,349.0,374.0,664.0,249.0,139.0,87.0,2580.0,310.0,290.0,450.0,740.0,2,2011-01-11,0,4,1,2011,1,11,684.5381
213,0,3,0,47.0,101.0,168.0,67.0,54.0,22.0,677.0,50.0,40.0,80.0,120.0,13,2010-01-12,3,9,1,2010,1,12,170.22272
213,0,3,0,203.0,312.0,546.0,234.0,109.0,77.0,1310.0,200.0,220.0,300.0,520.0,6,2010-01-01,1,6,0,2010,1,1,540.37366
213,0,3,0,220.0,336.0,589.0,253.0,116.0,83.0,1686.0,220.0,240.0,320.0,560.0,6,2010-01-09,1,6,0,2010,1,9,559.33014
213,0,3,0,292.0,304.0,567.0,228.0,107.0,75.0,1691.0,190.0,220.0,290.0,510.0,6,2011-01-11,1,6,0,2011,1,11,563.3084
213,0,3,0,84.0,117.0,198.0,81.0,33.0,22.0,984.0,80.0,70.0,110.0,180.0,8,2010-01-11,2,3,0,2010,1,11,224.71567
213,0,3,0,165.0,253.0,467.0,214.0,88.0,66.0,923.0,170.0,180.0,230.0,410.0,9,2010-01-03,2,10,0,2010,1,3,472.23068
213,0,3,0,174.0,265.0,490.0,225.0,91.0,69.0,1272.0,160.0,210.0,240.0,450.0,9,2010-01-11,2,10,0,2010,1,11,509.89963
213,0,3,0,52.0,68.0,119.0,52.0,28.0,17.0,554.0,40.0,40.0,60.0,100.0,10,2011-01-08,2,11,0,2011,1,8,153.06456
213,0,3,0,128.0,172.0,290.0,118.0,44.0,33.0,930.0,110.0,80.0,130.0,210.0,11,2010-01-11,3,5,1,2010,1,11,270.52933
213,0,3,0,230.0,266.0,527.0,266.0,92.0,74.0,1819.0,170.0,250.0,260.0,510.0,4,2011-01-07,1,1,1,2011,1,7,518.27496
213,0,3,0,230.0,266.0,527.0,266.0,92.0,74.0,1797.0,170.0,250.0,260.0,510.0,4,2011-01-08,1,1,1,2011,1,8,509.06912
214,16,2,0,197.0,295.0,546.0,251.0,98.0,77.0,1268.0,280.0,310.0,370.0,680.0,2,2010-01-09,0,4,1,2010,1,9,515.47205
214,16,2,0,70.0,109.0,193.0,84.0,39.0,27.0,603.0,110.0,100.0,140.0,240.0,3,2010-01-03,0,7,0,2010,1,3,180.4345
214,16,2,0,26.0,51.0,90.0,39.0,25.0,12.0,541.0,80.0,40.0,90.0,130.0,3,2010-01-10,0,7,0,2010,1,10,119.27402
214,16,2,0,52.0,79.0,133.0,54.0,27.0,15.0,601.0,40.0,40.0,60.0,100.0,6,2010-01-12,1,6,0,2010,1,12,161.73431
214,16,2,0,119.0,112.0,201.0,77.0,32.0,21.0,449.0,90.0,60.0,100.0,160.0,6,2011-01-02,1,6,0,2011,1,2,220.11163
214,16,2,0,33.0,80.0,140.0,60.0,47.0,19.0,329.0,50.0,50.0,80.0,130.0,8,2010-01-02,2,3,0,2010,1,2,126.83125
214,16,2,0,31.0,77.0,134.0,57.0,46.0,18.0,323.0,50.0,50.0,80.0,130.0,8,2010-01-03,2,3,0,2010,1,3,124.921005
214,16,2,0,28.0,63.0,109.0,47.0,40.0,15.0,420.0,30.0,40.0,60.0,100.0,8,2011-01-07,2,3,0,2011,1,7,108.296326
214,16,2,0,24.0,60.0,101.0,41.0,36.0,13.0,435.0,30.0,30.0,60.0,90.0,9,2010-01-12,2,10,0,2010,1,12,105.03268
216,13,0,0,37.0,71.0,122.0,52.0,41.0,17.0,361.0,40.0,50.0,70.0,120.0,1,2011-01-05,0,0,1,2011,1,5,124.480095
216,13,0,0,42.0,72.0,133.0,53.0,44.0,17.0,410.0,50.0,50.0,80.0,130.0,1,2011-01-09,0,0,1,2011,1,9,125.31594
216,13,0,0,-5.0,71.0,122.0,51.0,76.0,46.0,503.0,30.0,40.0,70.0,110.0,3,2010-01-10,0,7,0,2010,1,10,107.86707
216,13,0,0,81.0,146.0,291.0,145.0,65.0,40.0,1304.0,120.0,160.0,180.0,340.0,5,2010-01-07,1,2,1,2010,1,7,295.56018
216,13,0,0,138.0,163.0,346.0,162.0,70.0,45.0,1091.0,130.0,180.0,200.0,380.0,5,2011-01-04,1,2,1,2011,1,4,312.43918
216,13,0,0,116.0,149.0,295.0,149.0,60.0,41.0,1156.0,120.0,170.0,180.0,350.0,5,2011-01-05,1,2,1,2011,1,5,300.0487
216,13,0,0,112.0,146.0,288.0,145.0,60.0,40.0,1304.0,120.0,160.0,180.0,340.0,5,2011-01-07,1,2,1,2011,1,7,299.2123
216,13,0,0,15.0,65.0,117.0,53.0,50.0,20.0,361.0,20.0,60.0,70.0,130.0,6,2011-01-05,1,6,0,2011,1,5,119.22996
216,13,0,0,11.0,60.0,108.0,49.0,48.0,18.0,414.0,20.0,50.0,70.0,120.0,6,2011-01-08,1,6,0,2011,1,8,107.964355
216,13,0,0,16.0,32.0,53.0,21.0,16.0,5.0,454.0,30.0,10.0,30.0,40.0,8,2010-01-04,2,3,0,2010,1,4,66.552574
216,13,0,0,12.0,26.0,44.0,18.0,16.0,5.0,478.0,20.0,10.0,20.0,30.0,8,2011-01-06,2,3,0,2011,1,6,53.933357
216,13,0,0,67.0,116.0,200.0,84.0,49.0,26.0,500.0,60.0,70.0,100.0,170.0,12,2010-01-01,3,8,1,2010,1,1,208.5253
217,4,0,0,111.0,201.0,345.0,144.0,90.0,47.0,862.0,130.0,150.0,210.0,360.0,2,2010-01-01,0,4,1,2010,1,1,349.28494
217,4,0,0,119.0,213.0,367.0,154.0,94.0,50.0,829.0,140.0,160.0,220.0,380.0,2,2010-01-03,0,4,1,2010,1,3,375.6781
217,4,0,0,156.0,265.0,456.0,191.0,109.0,63.0,865.0,170.0,200.0,270.0,470.0,2,2010-01-04,0,4,1,2010,1,4,439.34125
217,4,0,0,150.0,222.0,376.0,154.0,72.0,49.0,833.0,170.0,160.0,230.0,390.0,3,2010-01-07,0,7,0,2010,1,7,366.22708
217,4,0,0,136.0,139.0,262.0,95.0,55.0,30.0,608.0,100.0,100.0,140.0,240.0,3,2011-01-01,0,7,0,2011,1,1,286.70233
217,4,0,0,220.0,335.0,587.0,252.0,115.0,83.0,1316.0,280.0,290.0,400.0,690.0,5,2010-01-04,1,2,1,2010,1,4,585.50903
217,4,0,0,313.0,324.0,604.0,243.0,113.0,80.0,1260.0,260.0,280.0,380.0,660.0,5,2011-01-03,1,2,1,2011,1,3,583.38916
217,4,0,0,149.0,239.0,478.0,239.0,90.0,66.0,1464.0,200.0,270.0,290.0,560.0,6,2010-01-04,1,6,0,2010,1,4,458.2272
217,4,0,0,68.0,107.0,190.0,83.0,39.0,27.0,584.0,60.0,70.0,90.0,160.0,9,2010-01-05,2,10,0,2010,1,5,187.30302
217,4,0,0,53.0,80.0,134.0,54.0,27.0,15.0,456.0,50.0,40.0,70.0,110.0,11,2010-01-01,3,5,1,2010,1,1,154.15327
217,4,0,0,105.0,145.0,245.0,100.0,40.0,28.0,598.0,100.0,80.0,130.0,210.0,11,2010-01-08,3,5,1,2010,1,8,219.29945
217,4,0,0,78.0,111.0,187.0,76.0,33.0,21.0,580.0,80.0,50.0,80.0,130.0,11,2010-01-10,3,5,1,2010,1,10,180.90004
217,4,0,0,83.0,80.0,150.0,54.0,28.0,15.0,456.0,50.0,40.0,70.0,110.0,11,2011-01-01,3,5,1,2011,1,1,170.37538
224,4,0,0,225.0,271.0,463.0,196.0,100.0,64.0,1167.0,190.0,200.0,290.0,490.0,2,2011-01-08,0,4,1,2011,1,8,469.76468
224,4,0,0,259.0,387.0,678.0,291.0,128.0,96.0,1742.0,340.0,330.0,470.0,800.0,5,2010-01-07,1,2,1,2010,1,7,617.19794
224,4,0,0,196.0,304.0,532.0,228.0,108.0,75.0,1691.0,290.0,290.0,390.0,680.0,5,2010-01-11,1,2,1,2010,1,11,563.85974
224,4,0,0,91.0,126.0,213.0,87.0,35.0,24.0,756.0,90.0,70.0,110.0,180.0,8,2010-01-03,2,3,0,2010,1,3,245.4477
224,4,0,0,95.0,132.0,223.0,91.0,37.0,25.0,777.0,100.0,70.0,120.0,190.0,8,2010-01-04,2,3,0,2010,1,4,251.3139
224,4,0,0,62.0,100.0,178.0,78.0,38.0,25.0,593.0,60.0,60.0,90.0,150.0,9,2010-01-04,2,10,0,2010,1,4,176.75803
224,4,0,0,157.0,139.0,262.0,95.0,40.0,26.0,821.0,100.0,80.0,120.0,200.0,10,2011-01-01,2,11,0,2011,1,1,254.39961
225,6,2,1,30.0,51.0,85.0,34.0,21.0,9.0,777.0,50.0,40.0,60.0,100.0,2,2010-01-01,0,4,1,2010,1,1,84.71138
225,6,2,1,29.0,49.0,82.0,33.0,20.0,9.0,768.0,50.0,40.0,60.0,100.0,2,2010-01-03,0,4,1,2010,1,3,94.42863
225,6,2,1,47.0,71.0,119.0,48.0,24.0,13.0,829.0,80.0,70.0,90.0,160.0,2,2010-01-10,0,4,1,2010,1,10,119.20833
225,6,2,1,44.0,68.0,115.0,47.0,24.0,13.0,834.0,60.0,50.0,80.0,130.0,2,2010-01-11,0,4,1,2010,1,11,117.62931
225,6,2,1,45.0,51.0,92.0,35.0,21.0,9.0,776.0,50.0,40.0,60.0,100.0,2,2011-01-04,0,4,1,2011,1,4,112.25006
225,6,2,1,55.0,64.0,106.0,43.0,22.0,12.0,822.0,60.0,50.0,80.0,130.0,2,2011-01-06,0,4,1,2011,1,6,111.115005
225,6,2,1,45.0,70.0,118.0,48.0,25.0,13.0,851.0,80.0,70.0,90.0,160.0,3,2010-01-10,0,7,0,2010,1,10,112.56767
225,6,2,1,31.0,51.0,85.0,34.0,20.0,9.0,863.0,50.0,40.0,60.0,100.0,3,2010-01-12,0,7,0,2010,1,12,105.80419
225,6,2,1,80.0,85.0,143.0,59.0,25.0,16.0,842.0,90.0,70.0,110.0,180.0,3,2011-01-06,0,7,0,2011,1,6,116.86216
225,6,2,1,45.0,84.0,133.0,49.0,39.0,15.0,342.0,50.0,40.0,70.0,110.0,5,2010-01-04,1,2,1,2010,1,4,123.15949
225,6,2,1,44.0,82.0,130.0,48.0,38.0,14.0,351.0,50.0,40.0,70.0,110.0,5,2010-01-05,1,2,1,2010,1,5,126.90499
225,6,2,1,41.0,78.0,125.0,47.0,37.0,14.0,371.0,40.0,40.0,60.0,100.0,5,2010-01-06,1,2,1,2010,1,6,128.01619
225,6,2,1,30.0,65.0,104.0,39.0,35.0,12.0,380.0,30.0,30.0,50.0,80.0,5,2010-01-07,1,2,1,2010,1,7,128.8071
225,6,2,1,49.0,88.0,141.0,53.0,39.0,16.0,321.0,30.0,40.0,60.0,100.0,5,2010-01-11,1,2,1,2010,1,11,138.9416
225,6,2,1,109.0,113.0,201.0,67.0,45.0,20.0,400.0,80.0,50.0,100.0,150.0,5,2011-01-01,1,2,1,2011,1,1,177.72829
225,6,2,1,96.0,109.0,185.0,65.0,44.0,20.0,372.0,70.0,50.0,90.0,140.0,5,2011-01-02,1,2,1,2011,1,2,152.14816
225,6,2,1,86.0,99.0,169.0,60.0,41.0,18.0,329.0,70.0,30.0,70.0,100.0,5,2011-01-10,1,2,1,2011,1,10,125.88489
225,6,2,1,46.0,66.0,114.0,41.0,35.0,12.0,320.0,20.0,30.0,50.0,80.0,5,2011-01-12,1,2,1,2011,1,12,119.87061
225,6,2,1,31.0,68.0,114.0,46.0,37.0,14.0,388.0,40.0,30.0,60.0,90.0,6,2010-01-04,1,6,0,2010,1,4,113.349335
225,6,2,1,21.0,54.0,90.0,36.0,33.0,11.0,462.0,20.0,30.0,40.0,70.0,6,2010-01-07,1,6,0,2010,1,7,115.25385
225,6,2,1,34.0,71.0,120.0,49.0,37.0,15.0,454.0,30.0,30.0,60.0,90.0,6,2010-01-11,1,6,0,2010,1,11,119.713486
225,6,2,1,27.0,63.0,106.0,43.0,36.0,13.0,466.0,20.0,30.0,50.0,80.0,6,2010-01-12,1,6,0,2010,1,12,116.93455
225,6,2,1,39.0,65.0,109.0,45.0,34.0,14.0,410.0,40.0,30.0,60.0,90.0,6,2011-01-05,1,6,0,2011,1,5,115.46019
225,6,2,1,32.0,59.0,98.0,40.0,33.0,12.0,443.0,30.0,30.0,50.0,80.0,6,2011-01-06,1,6,0,2011,1,6,113.61795
225,6,2,1,29.0,54.0,89.0,36.0,31.0,11.0,462.0,20.0,30.0,40.0,70.0,6,2011-01-07,1,6,0,2011,1,7,111.1755
225,6,2,1,36.0,63.0,111.0,48.0,27.0,15.0,593.0,40.0,40.0,60.0,100.0,8,2010-01-06,2,3,0,2010,1,6,154.80113
225,6,2,1,87.0,133.0,236.0,103.0,46.0,33.0,564.0,110.0,80.0,130.0,210.0,8,2010-01-10,2,3,0,2010,1,10,171.04457
225,6,2,1,77.0,120.0,214.0,94.0,43.0,31.0,540.0,70.0,80.0,110.0,190.0,8,2010-01-12,2,3,0,2010,1,12,165.13235
225,6,2,1,42.0,107.0,193.0,86.0,65.0,32.0,484.0,40.0,80.0,100.0,180.0,9,2010-01-02,2,10,0,2010,1,2,163.92365
225,6,2,1,25.0,83.0,150.0,67.0,58.0,25.0,599.0,30.0,60.0,80.0,140.0,9,2010-01-09,2,10,0,2010,1,9,165.21898
225,6,2,1,39.0,88.0,159.0,72.0,56.0,27.0,606.0,40.0,60.0,90.0,150.0,9,2011-01-08,2,10,0,2011,1,8,167.73262
225,6,2,1,50.0,98.0,189.0,79.0,64.0,30.0,593.0,60.0,60.0,90.0,150.0,9,2011-01-10,2,10,0,2011,1,10,168.7581
225,6,2,1,1.0,87.0,160.0,63.0,86.0,57.0,187.0,0.0,50.0,70.0,120.0,4,2011-01-03,1,1,1,2011,1,3,158.59102
225,6,2,1,-4.0,75.0,127.0,53.0,73.0,48.0,-267.0,10.0,40.0,70.0,110.0,4,2011-01-06,1,1,1,2011,1,6,132.93282
225,6,2,1,-8.0,66.0,112.0,47.0,67.0,42.0,-395.0,0.0,40.0,50.0,90.0,4,2011-01-07,1,1,1,2011,1,7,130.2823
225,6,2,1,-4.0,76.0,140.0,55.0,79.0,49.0,-1053.0,0.0,40.0,60.0,100.0,4,2011-01-12,1,1,1,2011,1,12,111.37454
234,13,0,0,19.0,62.0,108.0,46.0,43.0,15.0,415.0,40.0,40.0,70.0,110.0,1,2010-01-08,0,0,1,2010,1,8,107.86462
234,13,0,0,49.0,79.0,147.0,59.0,46.0,19.0,411.0,50.0,50.0,80.0,130.0,1,2011-01-11,0,0,1,2011,1,11,123.779816
234,13,0,0,43.0,73.0,135.0,54.0,44.0,17.0,424.0,40.0,50.0,70.0,120.0,1,2011-01-12,0,0,1,2011,1,12,125.15954
234,13,0,0,19.0,51.0,85.0,34.0,32.0,10.0,428.0,30.0,30.0,50.0,80.0,2,2010-01-08,0,4,1,2010,1,8,118.206985
234,13,0,0,33.0,61.0,102.0,42.0,34.0,13.0,384.0,30.0,40.0,60.0,100.0,2,2011-01-05,0,4,1,2011,1,5,109.22977
234,13,0,0,26.0,55.0,92.0,38.0,33.0,12.0,414.0,20.0,40.0,50.0,90.0,2,2011-01-06,0,4,1,2011,1,6,106.434685
234,13,0,0,25.0,51.0,84.0,34.0,31.0,10.0,432.0,30.0,30.0,50.0,80.0,2,2011-01-07,0,4,1,2011,1,7,105.42501
234,13,0,0,47.0,68.0,121.0,46.0,36.0,14.0,424.0,40.0,40.0,70.0,110.0,2,2011-01-11,0,4,1,2011,1,11,99.044
234,13,0,0,-3.0,74.0,126.0,52.0,77.0,47.0,509.0,20.0,50.0,80.0,130.0,3,2010-01-09,0,7,0,2010,1,9,110.417885
234,13,0,0,-3.0,75.0,127.0,53.0,72.0,48.0,458.0,20.0,50.0,80.0,130.0,3,2011-01-05,0,7,0,2011,1,5,115.264565
234,13,0,0,-8.0,63.0,106.0,44.0,64.0,40.0,496.0,20.0,40.0,70.0,110.0,3,2011-01-06,0,7,0,2011,1,6,108.380775
234,13,0,0,-7.0,71.0,130.0,51.0,76.0,46.0,503.0,30.0,40.0,70.0,110.0,3,2011-01-10,0,7,0,2011,1,10,102.81553
234,13,0,0,98.0,170.0,340.0,170.0,72.0,47.0,1073.0,140.0,190.0,210.0,400.0,5,2010-01-02,1,2,1,2010,1,2,297.67175
234,13,0,0,154.0,171.0,382.0,170.0,76.0,47.0,1091.0,140.0,190.0,210.0,400.0,5,2011-01-01,1,2,1,2011,1,1,343.03214
234,13,0,0,159.0,182.0,387.0,181.0,75.0,50.0,1283.0,170.0,230.0,230.0,460.0,5,2011-01-11,1,2,1,2011,1,11,296.8348
234,13,0,0,15.0,71.0,129.0,58.0,56.0,22.0,325.0,40.0,60.0,90.0,150.0,6,2010-01-03,1,6,0,2010,1,3,128.27324
234,13,0,0,15.0,32.0,53.0,21.0,17.0,5.0,449.0,30.0,10.0,30.0,40.0,8,2010-01-03,2,3,0,2010,1,3,71.17842
234,13,0,0,22.0,32.0,56.0,21.0,17.0,5.0,449.0,30.0,10.0,30.0,40.0,8,2011-01-03,2,3,0,2011,1,3,67.490074
234,13,0,0,24.0,32.0,56.0,21.0,16.0,5.0,454.0,30.0,10.0,30.0,40.0,8,2011-01-04,2,3,0,2011,1,4,66.65367
234,13,0,0,79.0,141.0,235.0,94.0,62.0,31.0,697.0,70.0,80.0,120.0,200.0,11,2010-01-05,3,5,1,2010,1,5,227.84207
234,13,0,0,103.0,172.0,286.0,114.0,69.0,37.0,810.0,100.0,90.0,160.0,250.0,11,2010-01-08,3,5,1,2010,1,8,250.09666
234,13,0,0,65.0,123.0,205.0,82.0,58.0,27.0,788.0,60.0,50.0,90.0,140.0,11,2010-01-10,3,5,1,2010,1,10,220.54965
234,13,0,0,144.0,155.0,285.0,112.0,58.0,34.0,502.0,90.0,90.0,140.0,230.0,12,2011-01-04,3,8,1,2011,1,4,255.38733
234,13,0,0,120.0,134.0,245.0,96.0,53.0,29.0,666.0,80.0,80.0,120.0,200.0,12,2011-01-09,3,8,1,2011,1,9,251.05186
239,3,1,0,52.0,77.0,130.0,53.0,25.0,14.0,803.0,70.0,50.0,90.0,140.0,13,2010-01-05,3,9,1,2010,1,5,126.743866
239,3,1,0,44.0,48.0,91.0,33.0,21.0,9.0,777.0,40.0,30.0,50.0,80.0,13,2011-01-01,3,9,1,2011,1,1,111.81059
239,3,1,0,80.0,85.0,143.0,59.0,25.0,16.0,842.0,70.0,60.0,90.0,150.0,13,2011-01-06,3,9,1,2011,1,6,125.82162
239,3,1,0,80.0,85.0,143.0,59.0,25.0,16.0,870.0,70.0,60.0,90.0,150.0,13,2011-01-07,3,9,1,2011,1,7,135.34709
239,3,1,0,9.0,111.0,190.0,79.0,102.0,72.0,551.0,30.0,70.0,110.0,180.0,5,2010-01-01,1,2,1,2010,1,1,207.76616
239,3,1,0,18.0,134.0,230.0,96.0,116.0,87.0,683.0,50.0,80.0,130.0,210.0,5,2010-01-10,1,2,1,2010,1,10,227.43082
239,3,1,0,14.0,111.0,213.0,79.0,107.0,72.0,551.0,30.0,70.0,110.0,180.0,5,2011-01-01,1,2,1,2011,1,1,230.47987
239,3,1,0,44.0,173.0,294.0,124.0,131.0,112.0,717.0,60.0,110.0,180.0,290.0,5,2011-01-07,1,2,1,2011,1,7,260.67786
239,3,1,0,60.0,116.0,202.0,86.0,56.0,28.0,547.0,90.0,70.0,110.0,180.0,6,2010-01-10,1,6,0,2010,1,10,194.79045
239,3,1,0,48.0,62.0,109.0,48.0,25.0,15.0,593.0,30.0,30.0,50.0,80.0,8,2011-01-06,2,3,0,2011,1,6,115.69523
239,3,1,0,13.0,66.0,120.0,54.0,53.0,20.0,312.0,20.0,40.0,50.0,90.0,9,2010-01-01,2,10,0,2010,1,1,105.63788
239,3,1,0,47.0,92.0,170.0,78.0,45.0,24.0,995.0,50.0,50.0,80.0,130.0,10,2010-01-05,2,11,0,2010,1,5,169.34291
239,3,1,0,76.0,103.0,187.0,86.0,45.0,26.0,1081.0,50.0,60.0,80.0,140.0,10,2011-01-07,2,11,0,2011,1,7,190.40231
239,3,1,0,44.0,48.0,90.0,32.0,21.0,8.0,821.0,40.0,30.0,50.0,80.0,11,2011-01-01,3,5,1,2011,1,1,89.57123
239,3,1,0,52.0,62.0,104.0,43.0,22.0,12.0,864.0,50.0,40.0,70.0,110.0,11,2011-01-06,3,5,1,2011,1,6,100.291504
253,18,3,1,58.0,104.0,175.0,71.0,46.0,22.0,373.0,90.0,80.0,130.0,210.0,2,2010-01-05,0,4,1,2010,1,5,175.82063
253,18,3,1,58.0,104.0,176.0,72.0,46.0,23.0,461.0,80.0,80.0,120.0,200.0,2,2010-01-12,0,4,1,2010,1,12,171.24898
253,18,3,1,80.0,104.0,173.0,71.0,43.0,22.0,373.0,90.0,80.0,130.0,210.0,2,2011-01-05,0,4,1,2011,1,5,170.70317
253,18,3,1,104.0,125.0,209.0,86.0,46.0,27.0,463.0,120.0,100.0,160.0,260.0,2,2011-01-07,0,4,1,2011,1,7,197.99051
253,18,3,1,74.0,93.0,166.0,63.0,43.0,20.0,446.0,70.0,70.0,110.0,180.0,2,2011-01-11,0,4,1,2011,1,11,172.53299
253,18,3,1,16.0,129.0,221.0,92.0,113.0,83.0,599.0,60.0,110.0,160.0,270.0,3,2010-01-05,0,7,0,2010,1,5,230.85846
253,18,3,1,16.0,130.0,224.0,94.0,114.0,85.0,694.0,40.0,110.0,150.0,260.0,3,2010-01-11,0,7,0,2010,1,11,227.98619
253,18,3,1,22.0,128.0,234.0,92.0,113.0,83.0,541.0,60.0,110.0,160.0,270.0,3,2011-01-02,0,7,0,2011,1,2,229.77557
253,18,3,1,22.0,129.0,219.0,92.0,105.0,83.0,599.0,60.0,110.0,160.0,270.0,3,2011-01-05,0,7,0,2011,1,5,228.78142
253,18,3,1,3.0,90.0,155.0,65.0,87.0,58.0,513.0,10.0,40.0,60.0,100.0,13,2010-01-02,3,9,1,2010,1,2,157.05939
253,18,3,1,0.0,87.0,150.0,63.0,87.0,57.0,521.0,10.0,40.0,60.0,100.0,13,2010-01-04,3,9,1,2010,1,4,143.55687
253,18,3,1,-5.0,66.0,113.0,47.0,71.0,42.0,622.0,0.0,30.0,40.0,70.0,13,2010-01-07,3,9,1,2010,1,7,126.155235
253,18,3,1,-11.0,61.0,104.0,44.0,64.0,39.0,617.0,10.0,20.0,50.0,70.0,13,2011-01-08,3,9,1,2011,1,8,121.722496
253,18,3,1,13.0,66.0,120.0,54.0,53.0,20.0,312.0,20.0,50.0,60.0,110.0,5,2010-01-01,1,2,1,2010,1,1,129.61087
253,18,3,1,12.0,65.0,118.0,53.0,53.0,20.0,306.0,20.0,50.0,60.0,110.0,5,2010-01-02,1,2,1,2010,1,2,130.19644
253,18,3,1,12.0,66.0,120.0,54.0,54.0,20.0,301.0,20.0,50.0,60.0,110.0,5,2010-01-03,1,2,1,2010,1,3,127.04191
253,18,3,1,15.0,70.0,127.0,57.0,55.0,21.0,313.0,30.0,50.0,70.0,120.0,5,2010-01-04,1,2,1,2010,1,4,128.81337
253,18,3,1,23.0,82.0,149.0,67.0,59.0,25.0,391.0,30.0,60.0,80.0,140.0,5,2010-01-09,1,2,1,2010,1,9,145.10754
253,18,3,1,16.0,70.0,126.0,56.0,54.0,21.0,385.0,50.0,40.0,70.0,110.0,5,2010-01-10,1,2,1,2010,1,10,147.92213
253,18,3,1,49.0,96.0,177.0,81.0,47.0,25.0,1046.0,60.0,70.0,90.0,160.0,6,2010-01-06,1,6,0,2010,1,6,163.46036
253,18,3,1,56.0,103.0,189.0,86.0,47.0,26.0,1081.0,70.0,80.0,100.0,180.0,6,2010-01-07,1,6,0,2010,1,7,163.41273
253,18,3,1,48.0,94.0,174.0,80.0,46.0,24.0,1055.0,80.0,60.0,90.0,150.0,6,2010-01-10,1,6,0,2010,1,10,164.0973
253,18,3,1,51.0,96.0,176.0,80.0,45.0,24.0,1079.0,60.0,70.0,100.0,170.0,6,2010-01-12,1,6,0,2010,1,12,157.18126
253,18,3,1,106.0,176.0,292.0,116.0,70.0,38.0,962.0,110.0,90.0,160.0,250.0,8,2010-01-04,2,3,0,2010,1,4,256.35178
253,18,3,1,91.0,155.0,258.0,103.0,64.0,33.0,1130.0,100.0,80.0,140.0,220.0,8,2010-01-09,2,3,0,2010,1,9,256.90723
253,18,3,1,109.0,140.0,230.0,92.0,57.0,30.0,1102.0,90.0,70.0,130.0,200.0,8,2011-01-06,2,3,0,2011,1,6,245.9999
253,18,3,1,104.0,135.0,223.0,90.0,56.0,29.0,1139.0,80.0,70.0,120.0,190.0,8,2011-01-08,2,3,0,2011,1,8,238.84262
253,18,3,1,156.0,174.0,308.0,115.0,69.0,37.0,1166.0,110.0,100.0,160.0,260.0,8,2011-01-12,2,3,0,2011,1,12,245.36382
253,18,3,1,45.0,70.0,118.0,48.0,25.0,13.0,839.0,50.0,40.0,60.0,100.0,9,2010-01-08,2,10,0,2010,1,8,126.41388
253,18,3,1,55.0,64.0,106.0,43.0,22.0,12.0,822.0,50.0,30.0,60.0,90.0,9,2011-01-06,2,10,0,2011,1,6,118.827995
253,18,3,1,65.0,68.0,123.0,47.0,24.0,13.0,834.0,40.0,40.0,60.0,100.0,9,2011-01-11,2,10,0,2011,1,11,132.97514
253,18,3,1,45.0,84.0,133.0,49.0,39.0,15.0,342.0,40.0,30.0,60.0,90.0,11,2010-01-04,3,5,1,2010,1,4,140.78175
253,18,3,1,42.0,79.0,126.0,47.0,37.0,14.0,366.0,30.0,30.0,50.0,80.0,11,2010-01-08,3,5,1,2010,1,8,140.29897
253,18,3,1,109.0,113.0,201.0,67.0,45.0,20.0,400.0,50.0,40.0,80.0,120.0,11,2011-01-01,3,5,1,2011,1,1,182.98465
253,18,3,1,67.0,84.0,142.0,49.0,39.0,15.0,342.0,40.0,30.0,60.0,90.0,11,2011-01-04,3,5,1,2011,1,4,148.09393
253,18,3,1,45.0,66.0,114.0,41.0,36.0,12.0,320.0,20.0,30.0,40.0,70.0,11,2011-01-12,3,5,1,2011,1,12,123.368744
253,18,3,1,48.0,89.0,150.0,61.0,41.0,19.0,390.0,40.0,40.0,60.0,100.0,12,2010-01-01,3,8,1,2010,1,1,146.16602
253,18,3,1,38.0,77.0,129.0,52.0,39.0,16.0,376.0,30.0,30.0,50.0,80.0,12,2010-01-03,3,8,1,2010,1,3,139.39256
253,18,3,1,30.0,68.0,114.0,46.0,38.0,14.0,388.0,20.0,30.0,40.0,70.0,12,2010-01-04,3,8,1,2010,1,4,127.0387
253,18,3,1,42.0,63.0,113.0,43.0,35.0,13.0,466.0,20.0,30.0,40.0,70.0,12,2011-01-12,3,8,1,2011,1,12,106.37212
253,18,3,1,35.0,63.0,112.0,49.0,28.0,16.0,611.0,40.0,40.0,60.0,100.0,4,2010-01-03,1,1,1,2010,1,3,106.75224
253,18,3,1,11.0,30.0,52.0,22.0,19.0,7.0,570.0,20.0,20.0,30.0,50.0,4,2010-01-11,1,1,1,2010,1,11,61.83147
253,18,3,1,13.0,32.0,56.0,24.0,19.0,7.0,567.0,20.0,20.0,30.0,50.0,4,2010-01-12,1,1,1,2010,1,12,65.24699
253,18,3,1,52.0,62.0,117.0,48.0,27.0,15.0,617.0,40.0,40.0,60.0,100.0,4,2011-01-02,1,1,1,2011,1,2,118.53247
254,16,2,0,112.0,152.0,256.0,104.0,40.0,29.0,821.0,120.0,80.0,140.0,220.0,5,2010-01-05,1,2,1,2010,1,5,244.63802
254,16,2,0,197.0,179.0,322.0,123.0,46.0,34.0,959.0,110.0,90.0,140.0,230.0,5,2011-01-12,1,2,1,2011,1,12,250.18027
254,16,2,0,121.0,124.0,208.0,86.0,33.0,24.0,499.0,90.0,70.0,110.0,180.0,6,2011-01-05,1,6,0,2011,1,5,211.37595
254,16,2,0,135.0,136.0,228.0,94.0,35.0,26.0,608.0,90.0,80.0,110.0,190.0,6,2011-01-07,1,6,0,2011,1,7,206.99847
254,16,2,0,71.0,73.0,131.0,50.0,25.0,14.0,589.0,40.0,30.0,60.0,90.0,6,2011-01-11,1,6,0,2011,1,11,178.15076
254,16,2,0,42.0,83.0,140.0,57.0,41.0,18.0,364.0,50.0,50.0,80.0,130.0,9,2010-01-01,2,10,0,2010,1,1,125.55893
254,16,2,0,65.0,83.0,157.0,57.0,43.0,18.0,364.0,50.0,50.0,80.0,130.0,9,2011-01-01,2,10,0,2011,1,1,139.03035
254,16,2,0,35.0,61.0,102.0,42.0,33.0,13.0,384.0,30.0,40.0,60.0,100.0,9,2011-01-05,2,10,0,2011,1,5,106.946205
254,16,2,0,26.0,51.0,84.0,34.0,30.0,10.0,432.0,30.0,30.0,50.0,80.0,9,2011-01-07,2,10,0,2011,1,7,109.80217
254,16,2,0,44.0,96.0,160.0,64.0,52.0,21.0,-161.0,50.0,50.0,80.0,130.0,4,2010-01-05,1,1,1,2010,1,5,155.24132
262,19,0,1,13.0,66.0,120.0,54.0,53.0,20.0,312.0,30.0,50.0,70.0,120.0,1,2010-01-01,0,0,1,2010,1,1,120.37064
262,19,0,1,12.0,65.0,118.0,53.0,53.0,20.0,306.0,30.0,50.0,70.0,120.0,1,2010-01-02,0,0,1,2010,1,2,120.61575
262,19,0,1,13.0,66.0,120.0,54.0,53.0,20.0,301.0,30.0,50.0,70.0,120.0,1,2010-01-03,0,0,1,2010,1,3,122.73944
262,19,0,1,17.0,72.0,130.0,58.0,55.0,22.0,338.0,20.0,60.0,70.0,130.0,1,2010-01-05,0,0,1,2010,1,5,129.33348
262,19,0,1,14.0,67.0,121.0,54.0,53.0,20.0,391.0,20.0,50.0,60.0,110.0,1,2010-01-11,0,0,1,2010,1,11,123.01439
262,19,0,1,19.0,66.0,128.0,54.0,53.0,20.0,301.0,30.0,50.0,70.0,120.0,1,2011-01-03,0,0,1,2011,1,3,132.16824
262,19,0,1,25.0,74.0,132.0,59.0,52.0,22.0,403.0,20.0,60.0,70.0,130.0,1,2011-01-07,0,0,1,2011,1,7,135.05446
262,19,0,1,21.0,67.0,129.0,54.0,53.0,20.0,391.0,20.0,50.0,60.0,110.0,1,2011-01-11,0,0,1,2011,1,11,124.16628
262,19,0,1,9.0,111.0,190.0,79.0,102.0,72.0,551.0,20.0,80.0,110.0,190.0,2,2010-01-01,0,4,1,2010,1,1,200.21968
262,19,0,1,17.0,132.0,227.0,95.0,115.0,86.0,532.0,30.0,100.0,130.0,230.0,2,2010-01-03,0,4,1,2010,1,3,216.13539
262,19,0,1,17.0,129.0,221.0,92.0,112.0,83.0,599.0,40.0,90.0,140.0,230.0,2,2010-01-05,0,4,1,2010,1,5,219.54735
262,19,0,1,32.0,173.0,297.0,124.0,141.0,112.0,717.0,60.0,130.0,180.0,310.0,2,2010-01-07,0,4,1,2010,1,7,264.78635
262,19,0,1,16.0,130.0,224.0,94.0,114.0,85.0,694.0,30.0,90.0,130.0,220.0,2,2010-01-11,0,4,1,2010,1,11,216.49243
262,19,0,1,23.0,129.0,219.0,92.0,104.0,83.0,599.0,40.0,90.0,140.0,230.0,2,2011-01-05,0,4,1,2011,1,5,221.20943
262,19,0,1,33.0,154.0,262.0,110.0,121.0,100.0,665.0,50.0,110.0,160.0,270.0,2,2011-01-06,0,4,1,2011,1,6,248.65413
262,19,0,1,30.0,145.0,266.0,105.0,125.0,95.0,716.0,30.0,100.0,140.0,240.0,2,2011-01-12,0,4,1,2011,1,12,217.00798
262,19,0,1,58.0,114.0,199.0,85.0,56.0,28.0,555.0,70.0,90.0,110.0,200.0,3,2010-01-09,0,7,0,2010,1,9,197.07051
262,19,0,1,51.0,103.0,180.0,77.0,52.0,25.0,557.0,60.0,70.0,100.0,170.0,3,2010-01-11,0,7,0,2010,1,11,188.29579
262,19,0,1,74.0,103.0,192.0,77.0,53.0,25.0,423.0,60.0,80.0,100.0,180.0,3,2011-01-02,0,7,0,2011,1,2,201.40414
262,19,0,1,86.0,112.0,208.0,83.0,54.0,27.0,433.0,80.0,80.0,120.0,200.0,3,2011-01-04,0,7,0,2011,1,4,206.91359
262,19,0,1,87.0,121.0,210.0,91.0,54.0,30.0,533.0,90.0,90.0,130.0,220.0,3,2011-01-06,0,7,0,2011,1,6,220.75566
262,19,0,1,98.0,130.0,225.0,97.0,55.0,32.0,575.0,80.0,100.0,130.0,230.0,3,2011-01-07,0,7,0,2011,1,7,227.8376
262,19,0,1,50.0,96.0,177.0,81.0,46.0,25.0,1046.0,70.0,90.0,110.0,200.0,5,2010-01-06,1,2,1,2010,1,6,163.39427
262,19,0,1,59.0,81.0,168.0,69.0,45.0,21.0,965.0,50.0,80.0,90.0,170.0,5,2011-01-01,1,2,1,2011,1,1,177.95558
262,19,0,1,62.0,84.0,164.0,70.0,42.0,21.0,957.0,60.0,80.0,100.0,180.0,5,2011-01-02,1,2,1,2011,1,2,165.57112
262,19,0,1,71.0,94.0,185.0,80.0,46.0,24.0,1055.0,120.0,110.0,140.0,250.0,5,2011-01-10,1,2,1,2011,1,10,155.61394
262,19,0,1,74.0,96.0,188.0,80.0,46.0,24.0,1079.0,80.0,100.0,120.0,220.0,5,2011-01-12,1,2,1,2011,1,12,151.88826
262,19,0,1,34.0,62.0,110.0,48.0,28.0,15.0,623.0,50.0,50.0,70.0,120.0,6,2010-01-01,1,6,0,2010,1,1,114.40269
262,19,0,1,35.0,62.0,110.0,48.0,27.0,15.0,599.0,50.0,50.0,70.0,120.0,6,2010-01-05,1,6,0,2010,1,5,110.51967
262,19,0,1,34.0,62.0,110.0,48.0,28.0,15.0,593.0,50.0,50.0,70.0,120.0,6,2010-01-06,1,6,0,2010,1,6,114.5129
262,19,0,1,18.0,39.0,69.0,30.0,21.0,9.0,581.0,30.0,30.0,50.0,80.0,6,2010-01-08,1,6,0,2010,1,8,109.349945
262,19,0,1,13.0,32.0,56.0,24.0,19.0,7.0,567.0,30.0,30.0,40.0,70.0,6,2010-01-12,1,6,0,2010,1,12,81.28858
262,19,0,1,50.0,63.0,119.0,49.0,29.0,16.0,611.0,60.0,50.0,80.0,130.0,6,2011-01-03,1,6,0,2011,1,3,120.48702
262,19,0,1,25.0,39.0,68.0,30.0,20.0,9.0,581.0,30.0,30.0,50.0,80.0,6,2011-01-08,1,6,0,2011,1,8,92.78425
262,19,0,1,15.0,29.0,54.0,22.0,19.0,7.0,573.0,50.0,20.0,50.0,70.0,6,2011-01-10,1,6,0,2011,1,10,74.28676
262,19,0,1,63.0,105.0,167.0,62.0,42.0,19.0,346.0,70.0,50.0,90.0,140.0,8,2010-01-03,2,3,0,2010,1,3,158.90852
262,19,0,1,46.0,84.0,133.0,49.0,38.0,15.0,342.0,50.0,40.0,70.0,110.0,8,2010-01-04,2,3,0,2010,1,4,148.06432
262,19,0,1,40.0,65.0,103.0,39.0,33.0,12.0,380.0,40.0,30.0,60.0,90.0,8,2011-01-07,2,3,0,2011,1,7,137.73598
262,19,0,1,79.0,94.0,161.0,57.0,41.0,17.0,349.0,70.0,40.0,90.0,130.0,8,2011-01-09,2,3,0,2011,1,9,132.40219
262,19,0,1,71.0,88.0,150.0,53.0,40.0,16.0,321.0,50.0,50.0,80.0,130.0,8,2011-01-11,2,3,0,2011,1,11,129.14003
262,19,0,1,43.0,68.0,115.0,47.0,25.0,13.0,772.0,50.0,40.0,60.0,100.0,9,2010-01-02,2,10,0,2010,1,2,119.736786
262,19,0,1,51.0,77.0,130.0,53.0,26.0,14.0,803.0,60.0,40.0,70.0,110.0,9,2010-01-05,2,10,0,2010,1,5,126.66874
262,19,0,1,58.0,85.0,144.0,59.0,27.0,16.0,870.0,60.0,50.0,70.0,120.0,9,2010-01-07,2,10,0,2010,1,7,127.620995
262,19,0,1,63.0,91.0,154.0,63.0,28.0,17.0,864.0,70.0,50.0,80.0,130.0,9,2010-01-08,2,10,0,2010,1,8,126.56304
262,19,0,1,45.0,70.0,118.0,48.0,25.0,13.0,851.0,60.0,30.0,60.0,90.0,9,2010-01-10,2,10,0,2010,1,10,110.83797
262,19,0,1,27.0,47.0,78.0,31.0,20.0,8.0,856.0,40.0,20.0,50.0,70.0,9,2010-01-11,2,10,0,2010,1,11,95.38077
262,19,0,1,70.0,72.0,129.0,49.0,25.0,13.0,779.0,50.0,40.0,60.0,100.0,9,2011-01-04,2,10,0,2011,1,4,124.57427
262,19,0,1,70.0,77.0,129.0,53.0,24.0,14.0,803.0,60.0,40.0,70.0,110.0,9,2011-01-05,2,10,0,2011,1,5,125.51604
262,19,0,1,80.0,85.0,143.0,59.0,25.0,16.0,870.0,60.0,50.0,70.0,120.0,9,2011-01-07,2,10,0,2011,1,7,121.7616
262,19,0,1,87.0,91.0,153.0,63.0,26.0,17.0,864.0,70.0,50.0,80.0,130.0,9,2011-01-08,2,10,0,2011,1,8,125.54912
262,19,0,1,67.0,70.0,126.0,48.0,25.0,13.0,851.0,60.0,30.0,60.0,90.0,9,2011-01-10,2,10,0,2011,1,10,115.92779
262,19,0,1,31.0,68.0,114.0,46.0,37.0,14.0,388.0,40.0,30.0,70.0,100.0,11,2010-01-04,3,5,1,2010,1,4,118.86863
262,19,0,1,30.0,67.0,113.0,46.0,37.0,14.0,449.0,40.0,20.0,50.0,70.0,11,2010-01-10,3,5,1,2010,1,10,108.681015
262,19,0,1,33.0,71.0,120.0,49.0,38.0,15.0,454.0,20.0,40.0,50.0,90.0,11,2010-01-11,3,5,1,2010,1,11,109.505356
262,19,0,1,28.0,63.0,106.0,43.0,35.0,13.0,466.0,20.0,30.0,50.0,80.0,11,2010-01-12,3,5,1,2010,1,12,105.77759
262,19,0,1,46.0,68.0,121.0,46.0,37.0,14.0,388.0,40.0,30.0,70.0,100.0,11,2011-01-04,3,5,1,2011,1,4,129.35649
262,19,0,1,33.0,59.0,98.0,40.0,33.0,12.0,443.0,20.0,30.0,50.0,80.0,11,2011-01-06,3,5,1,2011,1,6,115.97553
262,19,0,1,29.0,54.0,89.0,36.0,31.0,11.0,462.0,10.0,30.0,40.0,70.0,11,2011-01-07,3,5,1,2011,1,7,112.96279
262,19,0,1,45.0,67.0,120.0,46.0,37.0,14.0,449.0,40.0,20.0,50.0,70.0,11,2011-01-10,3,5,1,2011,1,10,95.24954
262,19,0,1,42.0,63.0,113.0,43.0,35.0,13.0,466.0,20.0,30.0,50.0,80.0,11,2011-01-12,3,5,1,2011,1,12,93.02541
262,19,0,1,7.0,105.0,180.0,75.0,98.0,68.0,522.0,10.0,60.0,90.0,150.0,12,2010-01-01,3,8,1,2010,1,1,155.48132
262,19,0,1,2.0,90.0,154.0,64.0,88.0,58.0,551.0,10.0,50.0,80.0,130.0,12,2010-01-05,3,8,1,2010,1,5,143.43324
262,19,0,1,11.0,105.0,201.0,75.0,103.0,68.0,522.0,10.0,60.0,90.0,150.0,12,2011-01-01,3,8,1,2011,1,1,180.01569
262,19,0,1,1.0,87.0,160.0,63.0,86.0,57.0,506.0,10.0,50.0,80.0,130.0,12,2011-01-03,3,8,1,2011,1,3,158.82849
262,19,0,1,0.0,84.0,153.0,60.0,84.0,54.0,606.0,0.0,40.0,50.0,90.0,12,2011-01-10,3,8,1,2011,1,10,116.0398
262,19,0,1,-4.0,76.0,140.0,55.0,79.0,49.0,627.0,0.0,40.0,60.0,100.0,12,2011-01-12,3,8,1,2011,1,12,111.64949
281,16,2,0,292.0,295.0,582.0,251.0,98.0,77.0,1268.0,280.0,310.0,370.0,680.0,2,2011-01-09,0,4,1,2011,1,9,528.5662
281,16,2,0,94.0,107.0,188.0,83.0,36.0,27.0,584.0,100.0,100.0,130.0,230.0,3,2011-01-05,0,7,0,2011,1,5,179.24365
281,16,2,0,39.0,51.0,96.0,39.0,25.0,12.0,541.0,80.0,40.0,90.0,130.0,3,2011-01-10,0,7,0,2011,1,10,138.95644
281,16,2,0,120.0,163.0,276.0,113.0,43.0,31.0,897.0,120.0,90.0,140.0,230.0,5,2010-01-06,1,2,1,2010,1,6,248.57698
281,16,2,0,33.0,80.0,140.0,60.0,47.0,19.0,336.0,50.0,50.0,80.0,130.0,8,2010-01-01,2,3,0,2010,1,1,115.25943
281,16,2,0,51.0,80.0,157.0,60.0,49.0,19.0,336.0,50.0,50.0,80.0,130.0,8,2011-01-01,2,3,0,2011,1,1,134.01135
281,16,2,0,35.0,72.0,121.0,49.0,37.0,15.0,351.0,40.0,40.0,70.0,110.0,9,2010-01-03,2,10,0,2010,1,3,113.52864
281,16,2,0,19.0,51.0,85.0,34.0,32.0,10.0,432.0,30.0,30.0,50.0,80.0,9,2010-01-07,2,10,0,2010,1,7,110.81038
281,16,2,0,19.0,51.0,85.0,34.0,32.0,10.0,428.0,30.0,30.0,50.0,80.0,9,2010-01-08,2,10,0,2010,1,8,110.30685
281,16,2,0,40.0,64.0,114.0,43.0,37.0,13.0,363.0,30.0,40.0,60.0,100.0,9,2011-01-04,2,10,0,2011,1,4,116.315765
281,16,2,0,30.0,79.0,131.0,52.0,49.0,17.0,-456.0,40.0,40.0,70.0,110.0,4,2010-01-07,1,1,1,2010,1,7,148.14397
281,16,2,0,46.0,81.0,134.0,54.0,45.0,17.0,-321.0,40.0,40.0,70.0,110.0,4,2011-01-06,1,1,1,2011,1,6,149.32297
303,1,0,0,105.0,144.0,243.0,99.0,39.0,27.0,766.0,120.0,100.0,150.0,250.0,1,2010-01-02,0,0,1,2010,1,2,229.32655
303,1,0,0,134.0,126.0,227.0,87.0,36.0,24.0,756.0,100.0,90.0,130.0,220.0,1,2011-01-03,0,0,1,2011,1,3,236.93614
303,1,0,0,199.0,179.0,322.0,123.0,45.0,34.0,959.0,130.0,120.0,170.0,290.0,1,2011-01-12,0,0,1,2011,1,12,290.06256
303,1,0,0,68.0,107.0,190.0,83.0,39.0,27.0,584.0,80.0,80.0,110.0,190.0,2,2010-01-05,0,4,1,2010,1,5,187.04326
303,1,0,0,101.0,107.0,202.0,83.0,39.0,27.0,613.0,80.0,80.0,110.0,190.0,2,2011-01-02,0,4,1,2011,1,2,191.35716
303,1,0,0,98.0,112.0,197.0,87.0,38.0,28.0,564.0,80.0,90.0,110.0,200.0,2,2011-01-07,0,4,1,2011,1,7,190.48164
303,1,0,0,62.0,74.0,141.0,58.0,32.0,19.0,548.0,50.0,60.0,70.0,130.0,2,2011-01-09,0,4,1,2011,1,9,147.5628
303,1,0,0,40.0,51.0,96.0,39.0,24.0,12.0,541.0,50.0,30.0,50.0,80.0,2,2011-01-10,0,4,1,2011,1,10,141.46242
303,1,0,0,105.0,145.0,245.0,100.0,40.0,28.0,822.0,120.0,100.0,150.0,250.0,3,2010-01-04,0,7,0,2010,1,4,243.48344
303,1,0,0,147.0,137.0,247.0,95.0,38.0,26.0,809.0,110.0,100.0,140.0,240.0,3,2011-01-02,0,7,0,2011,1,2,235.65149
303,1,0,0,150.0,139.0,249.0,95.0,38.0,26.0,799.0,110.0,100.0,140.0,240.0,3,2011-01-03,0,7,0,2011,1,3,237.57016
303,1,0,0,156.0,145.0,261.0,100.0,40.0,28.0,822.0,120.0,100.0,150.0,250.0,3,2011-01-04,0,7,0,2011,1,4,253.16943
303,1,0,0,155.0,152.0,254.0,104.0,37.0,29.0,871.0,120.0,110.0,150.0,260.0,3,2011-01-05,0,7,0,2011,1,5,254.4205
303,1,0,0,192.0,185.0,309.0,127.0,43.0,35.0,1007.0,150.0,130.0,190.0,320.0,3,2011-01-07,0,7,0,2011,1,7,264.53482
303,1,0,0,30.0,56.0,100.0,44.0,26.0,14.0,623.0,30.0,30.0,50.0,80.0,13,2010-01-01,3,9,1,2010,1,1,102.19415
303,1,0,0,32.0,60.0,106.0,46.0,28.0,15.0,608.0,40.0,30.0,60.0,90.0,13,2010-01-04,3,9,1,2010,1,4,110.493385
303,1,0,0,27.0,53.0,94.0,41.0,26.0,13.0,592.0,30.0,30.0,50.0,80.0,13,2010-01-07,3,9,1,2010,1,7,91.10908
303,1,0,0,47.0,56.0,112.0,44.0,27.0,14.0,623.0,30.0,30.0,50.0,80.0,13,2011-01-01,3,9,1,2011,1,1,117.2446
303,1,0,0,47.0,60.0,113.0,46.0,28.0,15.0,608.0,40.0,30.0,60.0,90.0,13,2011-01-04,3,9,1,2011,1,4,115.56745
303,1,0,0,54.0,80.0,134.0,54.0,26.0,15.0,456.0,70.0,60.0,90.0,150.0,5,2010-01-01,1,2,1,2010,1,1,175.73535
303,1,0,0,88.0,124.0,210.0,86.0,36.0,24.0,499.0,120.0,90.0,150.0,240.0,5,2010-01-05,1,2,1,2010,1,5,201.77809
303,1,0,0,98.0,136.0,230.0,94.0,38.0,26.0,608.0,140.0,100.0,170.0,270.0,5,2010-01-07,1,2,1,2010,1,7,216.20253
303,1,0,0,84.0,118.0,199.0,81.0,34.0,22.0,588.0,110.0,90.0,140.0,230.0,5,2010-01-09,1,2,1,2010,1,9,200.95718
303,1,0,0,79.0,111.0,187.0,76.0,32.0,21.0,580.0,170.0,100.0,180.0,280.0,5,2010-01-10,1,2,1,2010,1,10,193.46045
303,1,0,0,48.0,73.0,123.0,50.0,25.0,14.0,589.0,70.0,60.0,90.0,150.0,5,2010-01-11,1,2,1,2010,1,11,189.80888
303,1,0,0,119.0,112.0,201.0,77.0,32.0,21.0,449.0,110.0,80.0,140.0,220.0,5,2011-01-02,1,2,1,2011,1,2,207.53053
303,1,0,0,137.0,136.0,228.0,94.0,34.0,26.0,562.0,140.0,100.0,170.0,270.0,5,2011-01-06,1,2,1,2011,1,6,214.52286
303,1,0,0,71.0,73.0,131.0,50.0,25.0,14.0,589.0,70.0,60.0,90.0,150.0,5,2011-01-11,1,2,1,2011,1,11,199.69394
303,1,0,0,59.0,114.0,189.0,75.0,55.0,24.0,549.0,90.0,80.0,140.0,220.0,6,2010-01-02,1,6,0,2010,1,2,188.66621
303,1,0,0,44.0,96.0,160.0,64.0,52.0,21.0,593.0,60.0,70.0,110.0,180.0,6,2010-01-05,1,6,0,2010,1,5,182.56335
303,1,0,0,33.0,81.0,135.0,54.0,48.0,17.0,641.0,50.0,60.0,90.0,150.0,6,2010-01-06,1,6,0,2010,1,6,186.45168
303,1,0,0,31.0,79.0,131.0,52.0,48.0,17.0,668.0,50.0,60.0,90.0,150.0,6,2010-01-07,1,6,0,2010,1,7,178.83725
303,1,0,0,39.0,90.0,150.0,60.0,51.0,19.0,656.0,60.0,60.0,110.0,170.0,6,2010-01-09,1,6,0,2010,1,9,173.2687
303,1,0,0,56.0,110.0,182.0,72.0,54.0,23.0,650.0,130.0,100.0,160.0,260.0,6,2010-01-10,1,6,0,2010,1,10,177.01256
303,1,0,0,58.0,114.0,189.0,75.0,56.0,24.0,659.0,100.0,90.0,150.0,240.0,6,2010-01-11,1,6,0,2010,1,11,174.41199
303,1,0,0,71.0,102.0,181.0,68.0,54.0,22.0,559.0,80.0,70.0,130.0,200.0,6,2011-01-04,1,6,0,2011,1,4,202.88675
303,1,0,0,43.0,79.0,130.0,52.0,45.0,17.0,668.0,50.0,60.0,90.0,150.0,6,2011-01-07,1,6,0,2011,1,7,176.03651
303,1,0,0,94.0,163.0,325.0,162.0,69.0,45.0,1091.0,100.0,130.0,150.0,280.0,8,2010-01-04,2,3,0,2010,1,4,283.05234
303,1,0,0,81.0,146.0,291.0,145.0,65.0,40.0,1304.0,80.0,120.0,130.0,250.0,8,2010-01-07,2,3,0,2010,1,7,279.4587
303,1,0,0,82.0,146.0,291.0,145.0,64.0,40.0,1292.0,80.0,120.0,130.0,250.0,8,2010-01-08,2,3,0,2010,1,8,281.78812
303,1,0,0,87.0,153.0,306.0,153.0,66.0,42.0,1319.0,80.0,140.0,140.0,280.0,8,2010-01-12,2,3,0,2010,1,12,276.90936
303,1,0,0,129.0,155.0,330.0,155.0,68.0,43.0,1280.0,90.0,130.0,140.0,270.0,8,2011-01-09,2,3,0,2011,1,9,264.8039
303,1,0,0,-5.0,71.0,122.0,51.0,76.0,46.0,503.0,30.0,30.0,60.0,90.0,9,2010-01-10,2,10,0,2010,1,10,117.989006
303,1,0,0,-4.0,73.0,125.0,52.0,77.0,47.0,509.0,10.0,40.0,70.0,110.0,9,2010-01-11,2,10,0,2010,1,11,115.55272
303,1,0,0,-6.0,73.0,133.0,52.0,77.0,47.0,421.0,20.0,40.0,70.0,110.0,9,2011-01-03,2,10,0,2011,1,3,135.66844
303,1,0,0,-10.0,63.0,106.0,44.0,65.0,40.0,496.0,10.0,30.0,60.0,90.0,9,2011-01-06,2,10,0,2011,1,6,122.85691
303,1,0,0,-14.0,56.0,94.0,39.0,61.0,36.0,517.0,0.0,30.0,50.0,80.0,9,2011-01-07,2,10,0,2011,1,7,111.47003
303,1,0,0,33.0,80.0,140.0,60.0,47.0,19.0,329.0,40.0,50.0,70.0,120.0,10,2010-01-02,2,11,0,2010,1,2,137.16576
303,1,0,0,20.0,62.0,108.0,46.0,42.0,15.0,415.0,30.0,30.0,60.0,90.0,10,2010-01-08,2,11,0,2010,1,8,111.509514
303,1,0,0,29.0,73.0,127.0,54.0,44.0,17.0,424.0,30.0,50.0,60.0,110.0,10,2010-01-12,2,11,0,2010,1,12,121.01782
303,1,0,0,28.0,62.0,107.0,46.0,39.0,15.0,415.0,30.0,30.0,60.0,90.0,10,2011-01-08,2,11,0,2011,1,8,106.11035
303,1,0,0,13.0,67.0,121.0,54.0,54.0,20.0,337.0,20.0,40.0,60.0,100.0,11,2010-01-04,3,5,1,2010,1,4,112.24803
303,1,0,0,13.0,66.0,120.0,54.0,53.0,20.0,404.0,30.0,30.0,50.0,80.0,11,2010-01-10,3,5,1,2010,1,10,106.722946
303,1,0,0,6.0,57.0,103.0,46.0,51.0,17.0,422.0,10.0,30.0,50.0,80.0,11,2010-01-12,3,5,1,2010,1,12,105.01803
303,1,0,0,9.0,57.0,110.0,46.0,51.0,17.0,422.0,10.0,30.0,50.0,80.0,11,2011-01-12,3,5,1,2011,1,12,102.392105
303,1,0,0,36.0,76.0,140.0,64.0,40.0,19.0,965.0,40.0,50.0,70.0,120.0,12,2010-01-01,3,8,1,2010,1,1,111.972565
303,1,0,0,32.0,73.0,135.0,62.0,41.0,19.0,952.0,30.0,50.0,60.0,110.0,12,2010-01-03,3,8,1,2010,1,3,120.33514
303,1,0,0,27.0,66.0,122.0,56.0,39.0,17.0,992.0,30.0,40.0,60.0,100.0,12,2010-01-05,3,8,1,2010,1,5,120.058136
303,1,0,0,27.0,64.0,118.0,54.0,37.0,16.0,1037.0,40.0,30.0,50.0,80.0,12,2010-01-10,3,8,1,2010,1,10,120.86262
303,1,0,0,26.0,63.0,116.0,53.0,37.0,16.0,1054.0,20.0,40.0,50.0,90.0,12,2010-01-12,3,8,1,2010,1,12,119.5606
303,1,0,0,50.0,75.0,147.0,63.0,41.0,19.0,965.0,40.0,50.0,70.0,120.0,12,2011-01-04,3,8,1,2011,1,4,127.94131
303,1,0,0,37.0,66.0,121.0,56.0,36.0,17.0,992.0,30.0,40.0,60.0,100.0,12,2011-01-05,3,8,1,2011,1,5,120.859436
305,3,1,0,73.0,134.0,222.0,88.0,61.0,29.0,653.0,90.0,80.0,130.0,210.0,2,2010-01-04,0,4,1,2010,1,4,226.5877
305,3,1,0,144.0,172.0,283.0,114.0,63.0,37.0,822.0,120.0,100.0,170.0,270.0,2,2011-01-07,0,4,1,2011,1,7,296.053
305,3,1,0,71.0,120.0,206.0,86.0,49.0,26.0,490.0,70.0,80.0,110.0,190.0,3,2010-01-02,0,7,0,2010,1,2,212.72142
305,3,1,0,16.0,128.0,220.0,92.0,112.0,83.0,541.0,40.0,80.0,130.0,210.0,5,2010-01-02,1,2,1,2010,1,2,215.37022
305,3,1,0,21.0,145.0,250.0,105.0,124.0,95.0,716.0,30.0,100.0,140.0,240.0,5,2010-01-12,1,2,1,2010,1,12,227.7797
305,3,1,0,31.0,145.0,266.0,105.0,124.0,95.0,716.0,30.0,100.0,140.0,240.0,5,2011-01-12,1,2,1,2011,1,12,237.59608
305,3,1,0,78.0,103.0,201.0,77.0,56.0,25.0,432.0,60.0,70.0,100.0,170.0,6,2011-01-01,1,6,0,2011,1,1,205.18866
305,3,1,0,31.0,58.0,103.0,45.0,27.0,14.0,605.0,30.0,30.0,50.0,80.0,8,2010-01-04,2,3,0,2010,1,4,101.90091
305,3,1,0,15.0,70.0,127.0,57.0,55.0,21.0,313.0,20.0,40.0,50.0,90.0,9,2010-01-04,2,10,0,2010,1,4,123.88029
305,3,1,0,17.0,72.0,130.0,58.0,55.0,22.0,338.0,30.0,40.0,60.0,100.0,9,2010-01-05,2,10,0,2010,1,5,137.65152
305,3,1,0,20.0,77.0,140.0,63.0,57.0,23.0,397.0,30.0,40.0,60.0,100.0,9,2010-01-08,2,10,0,2010,1,8,154.1484
305,3,1,0,24.0,82.0,149.0,67.0,58.0,25.0,391.0,20.0,50.0,60.0,110.0,9,2010-01-09,2,10,0,2010,1,9,128.87106
305,3,1,0,36.0,82.0,159.0,67.0,58.0,25.0,391.0,20.0,50.0,60.0,110.0,9,2011-01-09,2,10,0,2011,1,9,134.03207
305,3,1,0,34.0,80.0,155.0,65.0,57.0,24.0,403.0,20.0,40.0,60.0,100.0,9,2011-01-12,2,10,0,2011,1,12,135.99039
305,3,1,0,49.0,96.0,177.0,81.0,47.0,25.0,1046.0,40.0,60.0,70.0,130.0,10,2010-01-06,2,11,0,2010,1,6,184.6864
305,3,1,0,70.0,123.0,226.0,103.0,53.0,31.0,1073.0,70.0,70.0,100.0,170.0,10,2010-01-08,2,11,0,2010,1,8,202.93385
305,3,1,0,48.0,94.0,174.0,80.0,46.0,24.0,1055.0,40.0,40.0,50.0,90.0,10,2010-01-10,2,11,0,2010,1,10,168.38138
309,4,0,0,129.0,225.0,387.0,162.0,96.0,53.0,1148.0,140.0,170.0,230.0,400.0,2,2010-01-09,0,4,1,2010,1,9,436.36002
309,4,0,0,87.0,139.0,234.0,95.0,52.0,30.0,608.0,100.0,100.0,140.0,240.0,3,2010-01-01,0,7,0,2010,1,1,275.0696
309,4,0,0,116.0,178.0,301.0,123.0,62.0,39.0,611.0,130.0,130.0,180.0,310.0,3,2010-01-04,0,7,0,2010,1,4,312.76956
309,4,0,0,207.0,222.0,373.0,154.0,67.0,49.0,817.0,170.0,160.0,230.0,390.0,3,2011-01-08,0,7,0,2011,1,8,365.01862
309,4,0,0,203.0,312.0,546.0,234.0,109.0,77.0,1310.0,260.0,270.0,370.0,640.0,5,2010-01-01,1,2,1,2010,1,1,540.9252
309,4,0,0,326.0,335.0,626.0,252.0,115.0,83.0,1316.0,280.0,290.0,400.0,690.0,5,2011-01-04,1,2,1,2011,1,4,596.8688
309,4,0,0,326.0,336.0,628.0,253.0,116.0,83.0,1686.0,280.0,290.0,400.0,690.0,5,2011-01-09,1,2,1,2011,1,9,598.7251
309,4,0,0,226.0,261.0,516.0,260.0,90.0,72.0,1715.0,210.0,300.0,310.0,610.0,6,2011-01-06,1,6,0,2011,1,6,485.17657
309,4,0,0,133.0,179.0,302.0,123.0,46.0,34.0,959.0,130.0,110.0,170.0,280.0,8,2010-01-12,2,3,0,2010,1,12,293.35095
309,4,0,0,133.0,178.0,301.0,123.0,45.0,34.0,947.0,140.0,100.0,160.0,260.0,10,2010-01-06,2,11,0,2010,1,6,290.75192
309,4,0,0,143.0,191.0,323.0,132.0,48.0,36.0,994.0,140.0,110.0,170.0,280.0,10,2010-01-08,2,11,0,2010,1,8,295.6439
309,4,0,0,151.0,139.0,249.0,95.0,37.0,26.0,799.0,100.0,80.0,120.0,200.0,10,2011-01-03,2,11,0,2011,1,3,251.0356
309,4,0,0,79.0,112.0,189.0,77.0,33.0,21.0,449.0,80.0,60.0,100.0,160.0,11,2010-01-02,3,5,1,2010,1,2,181.40417
309,4,0,0,53.0,79.0,133.0,54.0,26.0,15.0,601.0,50.0,40.0,70.0,110.0,11,2010-01-12,3,5,1,2010,1,12,175.59402
309,4,0,0,123.0,117.0,211.0,81.0,34.0,22.0,460.0,80.0,60.0,110.0,170.0,11,2011-01-04,3,5,1,2011,1,4,199.4847
309,4,0,0,46.0,81.0,134.0,54.0,45.0,17.0,641.0,30.0,40.0,70.0,110.0,12,2011-01-06,3,8,1,2011,1,6,177.9303
309,4,0,0,88.0,114.0,201.0,75.0,55.0,24.0,659.0,50.0,60.0,90.0,150.0,12,2011-01-11,3,8,1,2011,1,11,173.27196
310,0,3,0,-182.0,-26.0,132.0,144.0,96.0,47.0,862.0,-120.0,180.0,-40.0,140.0,3,2011-01-01,0,7,0,2011,1,1,155.77495
310,0,3,0,59.0,96.0,159.0,64.0,49.0,21.0,593.0,30.0,40.0,60.0,100.0,13,2011-01-05,3,9,1,2011,1,5,159.40306
310,0,3,0,317.0,349.0,607.0,263.0,111.0,86.0,1433.0,220.0,250.0,330.0,580.0,6,2011-01-05,1,6,0,2011,1,5,585.37274
310,0,3,0,160.0,245.0,452.0,207.0,85.0,64.0,965.0,160.0,170.0,220.0,390.0,9,2010-01-01,2,10,0,2010,1,1,461.6873
310,0,3,0,38.0,68.0,120.0,52.0,30.0,17.0,554.0,40.0,40.0,60.0,100.0,10,2010-01-08,2,11,0,2010,1,8,159.16663
310,0,3,0,92.0,107.0,188.0,83.0,37.0,27.0,574.0,60.0,70.0,90.0,160.0,10,2011-01-06,2,11,0,2011,1,6,186.39095
310,0,3,0,111.0,152.0,256.0,104.0,41.0,29.0,821.0,100.0,60.0,110.0,170.0,11,2010-01-05,3,5,1,2010,1,5,263.38446
310,0,3,0,134.0,179.0,302.0,123.0,45.0,34.0,928.0,100.0,80.0,120.0,200.0,11,2010-01-09,3,5,1,2010,1,9,283.213
310,0,3,0,199.0,179.0,322.0,123.0,45.0,34.0,928.0,100.0,80.0,120.0,200.0,11,2011-01-09,3,5,1,2011,1,9,282.91434
310,0,3,0,105.0,145.0,245.0,100.0,40.0,28.0,598.0,90.0,60.0,100.0,160.0,12,2010-01-08,3,8,1,2010,1,8,225.39629
310,0,3,0,221.0,239.0,509.0,239.0,90.0,66.0,1417.0,150.0,220.0,230.0,450.0,4,2011-01-03,1,1,1,2011,1,3,500.90945
310,0,3,0,232.0,249.0,531.0,249.0,93.0,69.0,1775.0,160.0,230.0,240.0,470.0,4,2011-01-09,1,1,1,2011,1,9,500.8278
312,4,0,0,115.0,206.0,354.0,148.0,91.0,48.0,844.0,140.0,150.0,220.0,370.0,2,2010-01-02,0,4,1,2010,1,2,379.81277
312,4,0,0,208.0,329.0,567.0,238.0,121.0,78.0,1190.0,230.0,250.0,340.0,590.0,2,2010-01-07,0,4,1,2010,1,7,489.369
312,4,0,0,171.0,206.0,377.0,148.0,91.0,48.0,844.0,140.0,150.0,220.0,370.0,2,2011-01-02,0,4,1,2011,1,2,396.82443
312,4,0,0,230.0,278.0,474.0,200.0,103.0,66.0,1095.0,190.0,210.0,290.0,500.0,2,2011-01-06,0,4,1,2011,1,6,476.27386
312,4,0,0,288.0,310.0,569.0,224.0,116.0,73.0,1191.0,190.0,220.0,300.0,520.0,2,2011-01-12,0,4,1,2011,1,12,447.21814
312,4,0,0,172.0,178.0,321.0,123.0,62.0,39.0,611.0,130.0,130.0,180.0,310.0,3,2011-01-04,0,7,0,2011,1,4,331.62778
312,4,0,0,181.0,185.0,332.0,127.0,63.0,40.0,830.0,130.0,120.0,180.0,300.0,3,2011-01-12,0,7,0,2011,1,12,334.5014
312,4,0,0,211.0,324.0,567.0,243.0,113.0,80.0,1260.0,260.0,280.0,380.0,660.0,5,2010-01-03,1,2,1,2010,1,3,559.69086
312,4,0,0,241.0,362.0,634.0,272.0,121.0,89.0,1616.0,300.0,310.0,430.0,740.0,5,2010-01-06,1,2,1,2010,1,6,604.89655
312,4,0,0,316.0,312.0,611.0,234.0,114.0,77.0,1310.0,260.0,270.0,370.0,640.0,5,2011-01-01,1,2,1,2011,1,1,583.9694
312,4,0,0,332.0,341.0,637.0,257.0,117.0,84.0,1662.0,420.0,370.0,520.0,890.0,5,2011-01-10,1,2,1,2011,1,10,596.91724
312,4,0,0,142.0,229.0,457.0,228.0,87.0,63.0,1436.0,180.0,260.0,270.0,530.0,6,2010-01-02,1,6,0,2010,1,2,442.44577
312,4,0,0,164.0,261.0,521.0,260.0,97.0,72.0,1715.0,210.0,300.0,310.0,610.0,6,2010-01-06,1,6,0,2010,1,6,487.6016
312,4,0,0,168.0,266.0,532.0,266.0,98.0,74.0,1819.0,220.0,300.0,320.0,620.0,6,2010-01-07,1,6,0,2010,1,7,501.61102
312,4,0,0,155.0,249.0,498.0,249.0,94.0,69.0,1775.0,210.0,280.0,300.0,580.0,6,2010-01-09,1,6,0,2010,1,9,461.2997
312,4,0,0,149.0,239.0,478.0,239.0,90.0,66.0,1755.0,300.0,340.0,370.0,710.0,6,2010-01-10,1,6,0,2010,1,10,454.7665
312,4,0,0,95.0,130.0,219.0,89.0,35.0,24.0,777.0,100.0,70.0,120.0,190.0,8,2010-01-01,2,3,0,2010,1,1,249.59201
312,4,0,0,111.0,152.0,256.0,104.0,41.0,29.0,952.0,120.0,80.0,140.0,220.0,8,2010-01-07,2,3,0,2010,1,7,306.34256
312,4,0,0,127.0,172.0,290.0,118.0,45.0,33.0,930.0,110.0,110.0,150.0,260.0,8,2010-01-11,2,3,0,2010,1,11,295.42957
312,4,0,0,135.0,126.0,227.0,87.0,35.0,24.0,756.0,90.0,70.0,110.0,180.0,8,2011-01-03,2,3,0,2011,1,3,268.17035
312,4,0,0,197.0,179.0,322.0,123.0,46.0,34.0,928.0,140.0,100.0,160.0,260.0,8,2011-01-09,2,3,0,2011,1,9,299.9928
312,4,0,0,72.0,112.0,199.0,87.0,40.0,28.0,564.0,70.0,70.0,100.0,170.0,9,2010-01-07,2,10,0,2010,1,7,217.1989
312,4,0,0,54.0,68.0,119.0,52.0,27.0,17.0,554.0,40.0,40.0,60.0,100.0,9,2011-01-08,2,10,0,2011,1,8,194.8595
312,4,0,0,64.0,74.0,141.0,58.0,31.0,19.0,548.0,50.0,40.0,70.0,110.0,9,2011-01-09,2,10,0,2011,1,9,171.37643
312,4,0,0,40.0,51.0,96.0,39.0,24.0,12.0,541.0,40.0,20.0,40.0,60.0,9,2011-01-10,2,10,0,2011,1,10,166.08705
312,4,0,0,40.0,52.0,98.0,40.0,25.0,13.0,536.0,30.0,30.0,50.0,80.0,9,2011-01-11,2,10,0,2011,1,11,162.76566
312,4,0,0,43.0,56.0,106.0,43.0,27.0,14.0,531.0,30.0,40.0,50.0,90.0,9,2011-01-12,2,10,0,2011,1,12,162.15526
312,4,0,0,155.0,152.0,254.0,104.0,37.0,29.0,871.0,120.0,80.0,140.0,220.0,10,2011-01-05,2,11,0,2011,1,5,262.9919
312,4,0,0,192.0,185.0,309.0,127.0,43.0,35.0,1007.0,150.0,100.0,170.0,270.0,10,2011-01-07,2,11,0,2011,1,7,294.51657
312,4,0,0,197.0,191.0,320.0,132.0,45.0,36.0,994.0,140.0,110.0,170.0,280.0,10,2011-01-08,2,11,0,2011,1,8,291.75974
312,4,0,0,131.0,124.0,224.0,86.0,36.0,24.0,1003.0,80.0,80.0,110.0,190.0,10,2011-01-12,2,11,0,2011,1,12,234.0607
312,4,0,0,99.0,136.0,230.0,94.0,37.0,26.0,562.0,90.0,80.0,120.0,200.0,11,2010-01-06,3,5,1,2010,1,6,208.77515
312,4,0,0,137.0,136.0,228.0,94.0,34.0,26.0,608.0,90.0,80.0,120.0,200.0,11,2011-01-07,3,5,1,2011,1,7,215.05249
312,4,0,0,145.0,145.0,243.0,100.0,37.0,28.0,598.0,100.0,80.0,130.0,210.0,11,2011-01-08,3,5,1,2011,1,8,211.90016
312,4,0,0,33.0,81.0,135.0,54.0,48.0,17.0,641.0,30.0,40.0,70.0,110.0,12,2010-01-06,3,8,1,2010,1,6,177.80908
312,4,0,0,43.0,79.0,130.0,52.0,45.0,17.0,668.0,30.0,40.0,70.0,110.0,12,2011-01-07,3,8,1,2011,1,7,184.18323
314,8,0,1,42.0,107.0,193.0,86.0,65.0,32.0,484.0,50.0,90.0,110.0,200.0,2,2010-01-02,0,4,1,2010,1,2,167.39108
314,8,0,1,25.0,83.0,150.0,67.0,58.0,25.0,599.0,30.0,70.0,80.0,150.0,2,2010-01-09,0,4,1,2010,1,9,155.99242
314,8,0,1,61.0,105.0,213.0,85.0,69.0,32.0,494.0,40.0,90.0,100.0,190.0,2,2011-01-01,0,4,1,2011,1,1,185.60104
314,8,0,1,58.0,104.0,201.0,85.0,65.0,32.0,476.0,40.0,90.0,100.0,190.0,2,2011-01-03,0,4,1,2011,1,3,180.82137
314,8,0,1,43.0,93.0,167.0,76.0,58.0,28.0,613.0,40.0,80.0,90.0,170.0,2,2011-01-07,0,4,1,2011,1,7,171.07794
314,8,0,1,35.0,77.0,142.0,65.0,42.0,20.0,1042.0,50.0,60.0,80.0,140.0,3,2010-01-06,0,7,0,2010,1,6,142.16249
314,8,0,1,32.0,72.0,132.0,60.0,40.0,18.0,1070.0,40.0,60.0,70.0,130.0,3,2010-01-07,0,7,0,2010,1,7,144.20482
314,8,0,1,34.0,74.0,136.0,62.0,40.0,19.0,1059.0,50.0,60.0,80.0,140.0,3,2010-01-09,0,7,0,2010,1,9,131.41089
314,8,0,1,38.0,81.0,150.0,69.0,43.0,21.0,1060.0,40.0,60.0,80.0,140.0,3,2010-01-11,0,7,0,2010,1,11,132.49556
314,8,0,1,73.0,92.0,190.0,78.0,47.0,24.0,965.0,50.0,80.0,90.0,170.0,3,2011-01-01,0,7,0,2011,1,1,180.47481
314,8,0,1,67.0,89.0,174.0,74.0,44.0,22.0,949.0,60.0,70.0,100.0,170.0,3,2011-01-03,0,7,0,2011,1,3,176.71745
314,8,0,1,44.0,72.0,131.0,60.0,37.0,18.0,1070.0,40.0,60.0,70.0,130.0,3,2011-01-07,0,7,0,2011,1,7,147.70767
314,8,0,1,-3.0,43.0,77.0,34.0,46.0,12.0,240.0,10.0,10.0,30.0,40.0,13,2010-01-10,3,9,1,2010,1,10,72.75859
314,8,0,1,-4.0,41.0,74.0,33.0,45.0,12.0,243.0,0.0,20.0,40.0,60.0,13,2010-01-11,3,9,1,2010,1,11,77.60351
314,8,0,1,-3.0,44.0,84.0,35.0,46.0,13.0,197.0,-10.0,30.0,30.0,60.0,13,2011-01-04,3,9,1,2011,1,4,80.58118
314,8,0,1,-3.0,45.0,80.0,36.0,44.0,13.0,212.0,0.0,30.0,40.0,70.0,13,2011-01-05,3,9,1,2011,1,5,74.57106
314,8,0,1,3.0,51.0,97.0,40.0,49.0,15.0,244.0,10.0,30.0,50.0,80.0,13,2011-01-09,3,9,1,2011,1,9,77.79686
314,8,0,1,-4.0,43.0,82.0,34.0,46.0,12.0,240.0,10.0,10.0,30.0,40.0,13,2011-01-10,3,9,1,2011,1,10,77.65315
314,8,0,1,-6.0,41.0,79.0,33.0,45.0,12.0,243.0,0.0,20.0,40.0,60.0,13,2011-01-11,3,9,1,2011,1,11,82.49807
314,8,0,1,29.0,49.0,83.0,34.0,20.0,9.0,890.0,40.0,30.0,60.0,90.0,5,2010-01-08,1,2,1,2010,1,8,106.630135
314,8,0,1,36.0,59.0,99.0,40.0,23.0,11.0,881.0,90.0,50.0,90.0,140.0,5,2010-01-10,1,2,1,2010,1,10,104.27645
314,8,0,1,51.0,78.0,132.0,54.0,27.0,15.0,885.0,80.0,60.0,100.0,160.0,5,2010-01-11,1,2,1,2010,1,11,109.27659
314,8,0,1,48.0,73.0,123.0,50.0,25.0,14.0,898.0,70.0,60.0,90.0,150.0,5,2010-01-12,1,2,1,2010,1,12,105.645905
314,8,0,1,71.0,73.0,131.0,50.0,25.0,14.0,814.0,70.0,50.0,90.0,140.0,5,2011-01-02,1,2,1,2011,1,2,136.85051
314,8,0,1,64.0,68.0,123.0,47.0,25.0,13.0,821.0,60.0,50.0,80.0,130.0,5,2011-01-04,1,2,1,2011,1,4,129.21292
314,8,0,1,46.0,55.0,91.0,37.0,20.0,10.0,876.0,40.0,40.0,60.0,100.0,5,2011-01-06,1,2,1,2011,1,6,110.550766
314,8,0,1,35.0,57.0,96.0,39.0,22.0,10.0,845.0,50.0,40.0,70.0,110.0,6,2010-01-07,1,6,0,2010,1,7,92.43114
314,8,0,1,27.0,48.0,81.0,33.0,21.0,9.0,836.0,50.0,40.0,60.0,100.0,6,2010-01-11,1,6,0,2010,1,11,87.5664
314,8,0,1,27.0,46.0,77.0,31.0,19.0,8.0,844.0,50.0,30.0,60.0,90.0,6,2010-01-12,1,6,0,2010,1,12,84.1495
314,8,0,1,48.0,57.0,95.0,39.0,20.0,10.0,845.0,50.0,40.0,70.0,110.0,6,2011-01-07,1,6,0,2011,1,7,90.62306
314,8,0,1,40.0,47.0,84.0,32.0,20.0,8.0,837.0,50.0,30.0,60.0,90.0,6,2011-01-09,1,6,0,2011,1,9,72.44125
314,8,0,1,-6.0,63.0,107.0,44.0,69.0,40.0,261.0,10.0,30.0,60.0,90.0,8,2010-01-04,2,3,0,2010,1,4,109.127266
314,8,0,1,2.0,88.0,151.0,63.0,86.0,57.0,332.0,20.0,50.0,80.0,130.0,8,2010-01-08,2,3,0,2010,1,8,125.13962
314,8,0,1,-11.0,61.0,103.0,43.0,64.0,39.0,282.0,10.0,30.0,60.0,90.0,8,2011-01-05,2,3,0,2011,1,5,114.7909
314,8,0,1,-10.0,62.0,113.0,44.0,69.0,40.0,325.0,10.0,30.0,60.0,90.0,8,2011-01-09,2,3,0,2011,1,9,100.51862
314,8,0,1,-12.0,62.0,113.0,44.0,70.0,40.0,325.0,0.0,40.0,50.0,90.0,8,2011-01-11,2,3,0,2011,1,11,108.90596
314,8,0,1,-7.0,69.0,126.0,49.0,74.0,44.0,335.0,0.0,40.0,60.0,100.0,8,2011-01-12,2,3,0,2011,1,12,104.67293
314,8,0,1,-39.0,11.0,99.0,88.0,50.0,27.0,525.0,-20.0,70.0,10.0,80.0,9,2010-01-01,2,10,0,2010,1,1,103.14019
314,8,0,1,-61.0,11.0,111.0,88.0,52.0,27.0,525.0,-20.0,70.0,10.0,80.0,9,2011-01-01,2,10,0,2011,1,1,126.23124
314,8,0,1,-46.0,25.0,140.0,116.0,54.0,35.0,1142.0,0.0,90.0,30.0,120.0,9,2011-01-06,2,10,0,2011,1,6,121.68138
314,8,0,1,-13.0,40.0,130.0,82.0,49.0,25.0,1804.0,0.0,70.0,40.0,110.0,9,2011-01-11,2,10,0,2011,1,11,124.27793
314,8,0,1,9.0,47.0,82.0,35.0,38.0,11.0,196.0,10.0,30.0,40.0,70.0,11,2010-01-01,3,5,1,2010,1,1,81.210884
314,8,0,1,14.0,53.0,92.0,39.0,39.0,12.0,212.0,20.0,30.0,50.0,80.0,11,2010-01-05,3,5,1,2010,1,5,91.89782
314,8,0,1,13.0,52.0,91.0,39.0,39.0,12.0,248.0,20.0,30.0,50.0,80.0,11,2010-01-09,3,5,1,2010,1,9,88.221016
314,8,0,1,16.0,49.0,91.0,36.0,38.0,11.0,187.0,10.0,30.0,40.0,70.0,11,2011-01-03,3,5,1,2011,1,3,101.25688
314,8,0,1,23.0,59.0,102.0,44.0,39.0,14.0,258.0,30.0,30.0,60.0,90.0,11,2011-01-07,3,5,1,2011,1,7,96.14991
314,8,0,1,19.0,53.0,98.0,39.0,40.0,12.0,244.0,30.0,20.0,40.0,60.0,11,2011-01-10,3,5,1,2011,1,10,73.40435
314,8,0,1,16.0,51.0,95.0,38.0,40.0,12.0,256.0,10.0,30.0,40.0,70.0,11,2011-01-12,3,5,1,2011,1,12,75.00445
314,8,0,1,-7.0,38.0,68.0,30.0,45.0,11.0,165.0,-10.0,20.0,30.0,50.0,12,2010-01-02,3,8,1,2010,1,2,70.81414
314,8,0,1,-9.0,36.0,65.0,29.0,45.0,11.0,169.0,-10.0,20.0,30.0,50.0,12,2010-01-04,3,8,1,2010,1,4,72.62793
314,8,0,1,-4.0,42.0,76.0,34.0,46.0,12.0,182.0,0.0,20.0,40.0,60.0,12,2010-01-05,3,8,1,2010,1,5,75.9074
314,8,0,1,-12.0,30.0,54.0,24.0,42.0,9.0,212.0,-10.0,20.0,20.0,40.0,12,2010-01-09,3,8,1,2010,1,9,75.512215
314,8,0,1,-12.0,36.0,64.0,29.0,42.0,11.0,215.0,-10.0,20.0,30.0,50.0,12,2011-01-08,3,8,1,2011,1,8,64.52673
315,12,1,0,247.0,390.0,650.0,260.0,143.0,91.0,2548.0,230.0,210.0,330.0,540.0,2,2010-01-10,0,4,1,2010,1,10,675.55975
315,12,1,0,402.0,420.0,745.0,279.0,149.0,97.0,2642.0,250.0,250.0,370.0,620.0,2,2011-01-12,0,4,1,2011,1,12,709.2487
315,12,1,0,98.0,136.0,230.0,94.0,38.0,26.0,608.0,120.0,90.0,150.0,240.0,13,2010-01-07,3,9,1,2010,1,7,237.22922
315,12,1,0,-172.0,-44.0,61.0,105.0,128.0,95.0,725.0,-170.0,100.0,-50.0,50.0,5,2010-01-01,1,2,1,2010,1,1,79.22174
315,12,1,0,252.0,386.0,651.0,265.0,134.0,100.0,1613.0,200.0,200.0,300.0,500.0,9,2010-01-05,2,10,0,2010,1,5,580.66296
315,12,1,0,363.0,398.0,663.0,271.0,126.0,102.0,1727.0,220.0,200.0,320.0,520.0,9,2011-01-06,2,10,0,2011,1,6,619.56976
315,12,1,0,-131.0,-37.0,198.0,235.0,94.0,72.0,2169.0,-90.0,170.0,-20.0,150.0,10,2010-01-05,2,11,0,2010,1,5,203.69774
315,12,1,0,-170.0,-75.0,164.0,239.0,95.0,74.0,4360.0,-100.0,130.0,-50.0,80.0,10,2010-01-10,2,11,0,2010,1,10,168.60568
315,12,1,0,156.0,145.0,261.0,100.0,40.0,28.0,822.0,130.0,100.0,160.0,260.0,11,2011-01-04,3,5,1,2011,1,4,260.36533
315,12,1,0,91.0,126.0,213.0,87.0,35.0,24.0,756.0,110.0,90.0,140.0,230.0,12,2010-01-03,3,8,1,2010,1,3,238.97221
315,12,1,0,127.0,172.0,290.0,118.0,45.0,33.0,930.0,130.0,120.0,170.0,290.0,12,2010-01-11,3,8,1,2010,1,11,260.7533
318,6,2,1,36.0,59.0,99.0,40.0,23.0,11.0,793.0,50.0,50.0,70.0,120.0,2,2010-01-05,0,4,1,2010,1,5,107.95882
318,6,2,1,36.0,59.0,99.0,40.0,23.0,11.0,843.0,50.0,50.0,70.0,120.0,2,2010-01-07,0,4,1,2010,1,7,116.19827
318,6,2,1,46.0,71.0,119.0,48.0,25.0,13.0,834.0,60.0,60.0,80.0,140.0,2,2010-01-09,0,4,1,2010,1,9,114.47262
318,6,2,1,46.0,71.0,120.0,49.0,25.0,13.0,845.0,70.0,50.0,90.0,140.0,2,2010-01-12,0,4,1,2010,1,12,116.645004
318,6,2,1,50.0,59.0,98.0,40.0,21.0,11.0,793.0,50.0,50.0,70.0,120.0,2,2011-01-05,0,4,1,2011,1,5,109.18298
318,6,2,1,68.0,71.0,127.0,48.0,25.0,13.0,834.0,60.0,60.0,80.0,140.0,2,2011-01-09,0,4,1,2011,1,9,106.92264
318,6,2,1,65.0,68.0,123.0,47.0,24.0,13.0,834.0,60.0,50.0,80.0,130.0,2,2011-01-11,0,4,1,2011,1,11,111.210945
318,6,2,1,47.0,72.0,121.0,49.0,25.0,13.0,767.0,70.0,60.0,90.0,150.0,3,2010-01-03,0,7,0,2010,1,3,113.64013
318,6,2,1,48.0,72.0,121.0,49.0,24.0,13.0,779.0,70.0,60.0,90.0,150.0,3,2010-01-04,0,7,0,2010,1,4,114.84451
318,6,2,1,52.0,77.0,130.0,53.0,25.0,14.0,803.0,80.0,60.0,100.0,160.0,3,2010-01-05,0,7,0,2010,1,5,116.60291
318,6,2,1,58.0,85.0,144.0,59.0,27.0,16.0,842.0,90.0,70.0,110.0,180.0,3,2010-01-06,0,7,0,2010,1,6,119.13446
318,6,2,1,58.0,85.0,144.0,59.0,27.0,16.0,870.0,90.0,70.0,110.0,180.0,3,2010-01-07,0,7,0,2010,1,7,121.3475
318,6,2,1,44.0,48.0,91.0,33.0,21.0,9.0,777.0,50.0,40.0,60.0,100.0,3,2011-01-01,0,7,0,2011,1,1,120.85781
318,6,2,1,63.0,105.0,167.0,62.0,42.0,19.0,346.0,70.0,50.0,90.0,140.0,5,2010-01-03,1,2,1,2010,1,3,136.55649
318,6,2,1,67.0,84.0,142.0,49.0,39.0,15.0,342.0,50.0,40.0,70.0,110.0,5,2011-01-04,1,2,1,2011,1,4,131.46686
318,6,2,1,41.0,65.0,103.0,39.0,33.0,12.0,380.0,30.0,30.0,50.0,80.0,5,2011-01-07,1,2,1,2011,1,7,125.1013
318,6,2,1,57.0,79.0,125.0,47.0,35.0,14.0,366.0,40.0,40.0,60.0,100.0,5,2011-01-08,1,2,1,2011,1,8,112.601456
318,6,2,1,73.0,88.0,150.0,53.0,39.0,16.0,321.0,30.0,40.0,60.0,100.0,5,2011-01-11,1,2,1,2011,1,11,120.596016
318,6,2,1,28.0,65.0,110.0,45.0,37.0,14.0,410.0,40.0,30.0,60.0,90.0,6,2010-01-05,1,6,0,2010,1,5,119.41874
318,6,2,1,23.0,59.0,99.0,40.0,36.0,12.0,443.0,30.0,30.0,50.0,80.0,6,2010-01-06,1,6,0,2010,1,6,120.80589
318,6,2,1,30.0,67.0,113.0,46.0,37.0,14.0,449.0,40.0,20.0,40.0,60.0,6,2010-01-10,1,6,0,2010,1,10,123.525024
318,6,2,1,45.0,67.0,120.0,46.0,37.0,14.0,449.0,40.0,20.0,40.0,60.0,6,2011-01-10,1,6,0,2011,1,10,107.41304
318,6,2,1,40.0,63.0,113.0,43.0,36.0,13.0,466.0,20.0,30.0,50.0,80.0,6,2011-01-12,1,6,0,2011,1,12,104.89857
318,6,2,1,32.0,60.0,106.0,46.0,28.0,15.0,587.0,40.0,40.0,60.0,100.0,8,2010-01-07,2,3,0,2010,1,7,157.1025
318,6,2,1,55.0,90.0,159.0,69.0,35.0,22.0,572.0,60.0,60.0,90.0,150.0,8,2010-01-09,2,3,0,2010,1,9,153.9628
318,6,2,1,55.0,63.0,125.0,49.0,29.0,16.0,623.0,40.0,40.0,60.0,100.0,8,2011-01-01,2,3,0,2011,1,1,150.95125
318,6,2,1,52.0,63.0,119.0,49.0,28.0,16.0,617.0,40.0,40.0,60.0,100.0,8,2011-01-02,2,3,0,2011,1,2,145.1534
318,6,2,1,50.0,62.0,117.0,48.0,28.0,15.0,611.0,40.0,40.0,60.0,100.0,8,2011-01-03,2,3,0,2011,1,3,145.09319
318,6,2,1,129.0,133.0,251.0,103.0,46.0,33.0,564.0,110.0,80.0,130.0,210.0,8,2011-01-10,2,3,0,2011,1,10,142.31775
318,6,2,1,39.0,104.0,189.0,85.0,65.0,32.0,476.0,40.0,80.0,100.0,180.0,9,2010-01-03,2,10,0,2010,1,3,168.21515
318,6,2,1,32.0,93.0,169.0,76.0,61.0,28.0,580.0,40.0,70.0,90.0,160.0,9,2010-01-06,2,10,0,2010,1,6,174.88571
318,6,2,1,31.0,93.0,169.0,76.0,62.0,28.0,613.0,40.0,70.0,90.0,160.0,9,2010-01-07,2,10,0,2010,1,7,178.35738
318,6,2,1,62.0,105.0,213.0,85.0,68.0,32.0,494.0,40.0,80.0,100.0,180.0,9,2011-01-01,2,10,0,2011,1,1,177.1183
318,6,2,1,44.0,93.0,167.0,76.0,57.0,28.0,580.0,40.0,70.0,90.0,160.0,9,2011-01-06,2,10,0,2011,1,6,168.54317
318,6,2,1,39.0,85.0,163.0,68.0,59.0,25.0,619.0,30.0,60.0,80.0,140.0,9,2011-01-12,2,10,0,2011,1,12,169.50737
318,6,2,1,2.0,90.0,155.0,65.0,88.0,58.0,342.0,10.0,50.0,80.0,130.0,4,2010-01-02,1,1,1,2010,1,2,154.92505
318,6,2,1,1.0,87.0,150.0,63.0,86.0,57.0,187.0,0.0,50.0,70.0,120.0,4,2010-01-03,1,1,1,2010,1,3,154.07181
318,6,2,1,-3.0,75.0,128.0,53.0,78.0,48.0,-267.0,10.0,40.0,70.0,110.0,4,2010-01-06,1,1,1,2010,1,6,137.15611
318,6,2,1,2.0,87.0,149.0,62.0,85.0,56.0,-613.0,0.0,50.0,70.0,120.0,4,2010-01-09,1,1,1,2010,1,9,135.0351
318,6,2,1,1.0,84.0,144.0,60.0,83.0,54.0,-762.0,10.0,30.0,60.0,90.0,4,2010-01-10,1,1,1,2010,1,10,135.82176
318,6,2,1,3.0,90.0,165.0,65.0,88.0,58.0,342.0,10.0,50.0,80.0,130.0,4,2011-01-02,1,1,1,2011,1,2,158.30069
318,6,2,1,3.0,87.0,159.0,62.0,85.0,56.0,-613.0,0.0,50.0,70.0,120.0,4,2011-01-09,1,1,1,2011,1,9,119.70835
318,6,2,1,1.0,86.0,157.0,61.0,85.0,55.0,-906.0,10.0,40.0,70.0,110.0,4,2011-01-11,1,1,1,2011,1,11,121.74788
319,5,0,1,11.0,27.0,45.0,18.0,16.0,5.0,821.0,20.0,10.0,30.0,40.0,1,2010-01-01,0,0,1,2010,1,1,39.528667
319,5,0,1,17.0,36.0,61.0,25.0,19.0,7.0,854.0,30.0,20.0,40.0,60.0,1,2010-01-07,0,0,1,2010,1,7,70.99596
319,5,0,1,13.0,29.0,48.0,19.0,16.0,5.0,848.0,20.0,20.0,30.0,50.0,1,2010-01-09,0,0,1,2010,1,9,48.82091
319,5,0,1,15.0,27.0,48.0,18.0,17.0,5.0,818.0,20.0,10.0,30.0,40.0,1,2011-01-02,0,0,1,2011,1,2,46.25342
319,5,0,1,17.0,29.0,49.0,20.0,16.0,5.0,829.0,20.0,20.0,30.0,50.0,1,2011-01-05,0,0,1,2011,1,5,54.251366
319,5,0,1,25.0,35.0,57.0,23.0,16.0,6.0,843.0,30.0,20.0,40.0,60.0,1,2011-01-06,0,0,1,2011,1,6,53.60798
319,5,0,1,26.0,38.0,62.0,25.0,18.0,7.0,851.0,30.0,20.0,40.0,60.0,1,2011-01-08,0,0,1,2011,1,8,58.80663
319,5,0,1,19.0,29.0,51.0,19.0,16.0,5.0,848.0,20.0,20.0,30.0,50.0,1,2011-01-09,0,0,1,2011,1,9,42.523197
319,5,0,1,6.0,35.0,63.0,28.0,29.0,8.0,961.0,20.0,20.0,40.0,60.0,2,2010-01-02,0,4,1,2010,1,2,53.8239
319,5,0,1,7.0,39.0,72.0,33.0,32.0,10.0,1003.0,20.0,30.0,40.0,70.0,2,2010-01-09,0,4,1,2010,1,9,63.880035
319,5,0,1,4.0,33.0,65.0,28.0,30.0,8.0,964.0,20.0,20.0,40.0,60.0,2,2011-01-04,0,4,1,2011,1,4,68.7567
319,5,0,1,12.0,41.0,74.0,34.0,30.0,10.0,1010.0,20.0,30.0,40.0,70.0,2,2011-01-07,0,4,1,2011,1,7,84.72392
319,5,0,1,21.0,49.0,89.0,41.0,32.0,12.0,1007.0,20.0,40.0,50.0,90.0,2,2011-01-08,0,4,1,2011,1,8,75.54562
319,5,0,1,9.0,28.0,49.0,21.0,19.0,6.0,614.0,20.0,20.0,30.0,50.0,3,2010-01-04,0,7,0,2010,1,4,45.085083
319,5,0,1,-1.0,14.0,24.0,10.0,15.0,3.0,594.0,10.0,0.0,20.0,20.0,3,2010-01-12,0,7,0,2010,1,12,41.536694
319,5,0,1,18.0,31.0,58.0,23.0,19.0,7.0,617.0,20.0,20.0,30.0,50.0,3,2011-01-03,0,7,0,2011,1,3,51.643402
319,5,0,1,4.0,20.0,37.0,15.0,17.0,4.0,600.0,10.0,10.0,20.0,30.0,3,2011-01-09,0,7,0,2011,1,9,34.171425
319,5,0,1,-4.0,13.0,25.0,10.0,16.0,3.0,596.0,10.0,0.0,20.0,20.0,3,2011-01-11,0,7,0,2011,1,11,27.063383
319,5,0,1,11.0,28.0,47.0,19.0,17.0,5.0,774.0,20.0,20.0,30.0,50.0,5,2010-01-02,1,2,1,2010,1,2,73.84543
319,5,0,1,12.0,29.0,49.0,20.0,17.0,5.0,784.0,20.0,20.0,30.0,50.0,5,2010-01-05,1,2,1,2010,1,5,74.13831
319,5,0,1,18.0,35.0,58.0,23.0,17.0,6.0,800.0,50.0,20.0,50.0,70.0,5,2010-01-10,1,2,1,2010,1,10,77.1008
319,5,0,1,27.0,35.0,62.0,23.0,17.0,6.0,803.0,30.0,20.0,40.0,60.0,5,2011-01-09,1,2,1,2011,1,9,67.73792
319,5,0,1,31.0,43.0,43.0,0.0,12.0,0.0,602.0,40.0,0.0,50.0,50.0,6,2010-01-06,1,6,0,2010,1,6,69.36034
319,5,0,1,32.0,43.0,43.0,0.0,11.0,0.0,473.0,40.0,0.0,50.0,50.0,6,2010-01-09,1,6,0,2010,1,9,62.88842
319,5,0,1,47.0,43.0,46.0,0.0,11.0,0.0,774.0,40.0,0.0,50.0,50.0,6,2011-01-02,1,6,0,2011,1,2,69.28039
319,5,0,1,258.0,387.0,678.0,291.0,129.0,96.0,1742.0,240.0,250.0,340.0,590.0,8,2010-01-07,2,3,0,2010,1,7,568.3862
319,5,0,1,319.0,349.0,607.0,263.0,110.0,86.0,1433.0,220.0,220.0,310.0,530.0,8,2011-01-05,2,3,0,2011,1,5,546.39716
319,5,0,1,326.0,336.0,628.0,253.0,116.0,83.0,1686.0,210.0,210.0,300.0,510.0,8,2011-01-09,2,3,0,2011,1,9,524.50055
319,5,0,1,332.0,341.0,637.0,257.0,117.0,84.0,1662.0,210.0,200.0,280.0,480.0,8,2011-01-10,2,3,0,2011,1,10,522.33624
319,5,0,1,102.0,158.0,267.0,109.0,56.0,34.0,585.0,110.0,90.0,140.0,230.0,9,2010-01-03,2,10,0,2010,1,3,302.7032
319,5,0,1,115.0,178.0,301.0,123.0,63.0,39.0,611.0,120.0,100.0,160.0,260.0,9,2010-01-04,2,10,0,2010,1,4,313.3037
319,5,0,1,136.0,204.0,345.0,141.0,68.0,45.0,764.0,140.0,120.0,180.0,300.0,9,2010-01-06,2,10,0,2010,1,6,334.00705
319,5,0,1,150.0,222.0,376.0,154.0,72.0,49.0,833.0,150.0,130.0,200.0,330.0,9,2010-01-07,2,10,0,2010,1,7,358.15457
319,5,0,1,123.0,185.0,312.0,127.0,62.0,40.0,830.0,120.0,120.0,170.0,290.0,9,2010-01-12,2,10,0,2010,1,12,313.33154
319,5,0,1,171.0,178.0,321.0,123.0,63.0,39.0,611.0,120.0,100.0,160.0,260.0,9,2011-01-04,2,10,0,2011,1,4,323.985
319,5,0,1,148.0,239.0,478.0,239.0,91.0,66.0,1464.0,140.0,200.0,220.0,420.0,11,2010-01-04,3,5,1,2010,1,4,480.21338
319,5,0,1,220.0,228.0,510.0,228.0,91.0,63.0,1459.0,140.0,190.0,210.0,400.0,11,2011-01-01,3,5,1,2011,1,1,495.10507
319,5,0,1,228.0,261.0,516.0,260.0,89.0,72.0,1559.0,150.0,220.0,230.0,450.0,11,2011-01-05,3,5,1,2011,1,5,499.33884
319,5,0,1,230.0,266.0,527.0,266.0,92.0,74.0,1797.0,150.0,220.0,240.0,460.0,11,2011-01-08,3,5,1,2011,1,8,497.60165
319,5,0,1,175.0,301.0,546.0,245.0,126.0,93.0,1419.0,160.0,210.0,270.0,480.0,12,2010-01-01,3,8,1,2010,1,1,529.9326
319,5,0,1,197.0,332.0,602.0,270.0,135.0,102.0,1834.0,170.0,230.0,290.0,520.0,12,2010-01-07,3,8,1,2010,1,7,569.8618
319,5,0,1,173.0,300.0,545.0,245.0,127.0,93.0,1784.0,130.0,200.0,250.0,450.0,12,2010-01-11,3,8,1,2010,1,11,539.9487
321,3,1,0,74.0,125.0,214.0,89.0,51.0,27.0,481.0,80.0,80.0,120.0,200.0,3,2010-01-03,0,7,0,2010,1,3,217.87787
321,3,1,0,100.0,159.0,273.0,114.0,59.0,35.0,555.0,100.0,100.0,150.0,250.0,3,2010-01-05,0,7,0,2010,1,5,256.09177
321,3,1,0,102.0,161.0,277.0,116.0,59.0,35.0,678.0,100.0,110.0,150.0,260.0,3,2010-01-08,0,7,0,2010,1,8,287.97464
321,3,1,0,120.0,134.0,245.0,96.0,53.0,29.0,666.0,80.0,90.0,120.0,210.0,3,2011-01-09,0,7,0,2011,1,9,263.34164
321,3,1,0,72.0,77.0,129.0,53.0,23.0,14.0,803.0,70.0,50.0,90.0,140.0,13,2011-01-05,3,9,1,2011,1,5,124.969505
321,3,1,0,45.0,51.0,91.0,34.0,21.0,9.0,863.0,40.0,30.0,50.0,80.0,13,2011-01-12,3,9,1,2011,1,12,108.61301
321,3,1,0,25.0,132.0,242.0,95.0,115.0,86.0,532.0,30.0,90.0,130.0,220.0,5,2011-01-03,1,2,1,2011,1,3,226.98314
321,3,1,0,63.0,121.0,212.0,91.0,58.0,30.0,533.0,80.0,80.0,120.0,200.0,6,2010-01-06,1,6,0,2010,1,6,218.3032
321,3,1,0,89.0,116.0,215.0,86.0,56.0,28.0,547.0,90.0,70.0,110.0,180.0,6,2011-01-10,1,6,0,2011,1,10,209.4613
321,3,1,0,46.0,58.0,110.0,45.0,27.0,14.0,605.0,30.0,30.0,50.0,80.0,8,2011-01-04,2,3,0,2011,1,4,113.24058
321,3,1,0,61.0,81.0,168.0,69.0,44.0,21.0,965.0,40.0,50.0,60.0,110.0,10,2011-01-01,2,11,0,2011,1,1,173.37059
321,3,1,0,39.0,45.0,80.0,30.0,19.0,8.0,882.0,30.0,30.0,40.0,70.0,11,2011-01-12,3,5,1,2011,1,12,94.68754
323,0,3,0,27.0,173.0,298.0,125.0,146.0,113.0,700.0,30.0,120.0,160.0,280.0,5,2010-01-03,1,2,1,2010,1,3,312.22076
323,0,3,0,40.0,173.0,318.0,125.0,146.0,113.0,700.0,30.0,120.0,160.0,280.0,5,2011-01-03,1,2,1,2011,1,3,332.24634
323,0,3,0,313.0,324.0,604.0,243.0,113.0,80.0,1260.0,210.0,230.0,310.0,540.0,6,2011-01-03,1,6,0,2011,1,3,574.8394
323,0,3,0,245.0,253.0,498.0,214.0,88.0,66.0,923.0,170.0,180.0,230.0,410.0,9,2011-01-03,2,10,0,2011,1,3,497.2339
323,0,3,0,40.0,52.0,98.0,40.0,25.0,13.0,536.0,30.0,30.0,50.0,80.0,10,2011-01-11,2,11,0,2011,1,11,135.87364
323,0,3,0,43.0,56.0,106.0,43.0,27.0,14.0,531.0,30.0,40.0,50.0,90.0,10,2011-01-12,2,11,0,2011,1,12,138.66376
323,0,3,0,199.0,179.0,322.0,123.0,45.0,34.0,959.0,110.0,90.0,130.0,220.0,11,2011-01-12,3,5,1,2011,1,12,272.7042
323,0,3,0,218.0,228.0,510.0,228.0,92.0,63.0,1459.0,150.0,210.0,220.0,430.0,4,2011-01-01,1,1,1,2011,1,1,495.64136
325,16,2,0,68.0,107.0,190.0,83.0,39.0,27.0,623.0,100.0,100.0,130.0,230.0,3,2010-01-01,0,7,0,2010,1,1,168.56523
325,16,2,0,71.0,112.0,199.0,87.0,41.0,28.0,564.0,110.0,100.0,140.0,240.0,3,2010-01-07,0,7,0,2010,1,7,186.93974
325,16,2,0,42.0,74.0,132.0,58.0,32.0,19.0,548.0,70.0,70.0,90.0,160.0,3,2010-01-09,0,7,0,2010,1,9,150.22656
325,16,2,0,95.0,130.0,219.0,89.0,35.0,24.0,777.0,90.0,70.0,110.0,180.0,5,2010-01-01,1,2,1,2010,1,1,232.65627
325,16,2,0,96.0,132.0,223.0,91.0,36.0,25.0,777.0,100.0,70.0,120.0,190.0,5,2010-01-04,1,2,1,2010,1,4,228.34283
325,16,2,0,126.0,118.0,212.0,81.0,33.0,22.0,588.0,90.0,60.0,110.0,170.0,6,2011-01-09,1,6,0,2011,1,9,197.0003
325,16,2,0,39.0,71.0,131.0,52.0,45.0,17.0,405.0,70.0,30.0,80.0,110.0,8,2011-01-10,2,3,0,2011,1,10,112.235435
325,16,2,0,42.0,73.0,135.0,54.0,45.0,17.0,424.0,30.0,50.0,60.0,110.0,8,2011-01-12,2,3,0,2011,1,12,111.273155
325,16,2,0,27.0,64.0,107.0,43.0,37.0,13.0,363.0,30.0,40.0,60.0,100.0,9,2010-01-04,2,10,0,2010,1,4,111.502716
325,16,2,0,56.0,76.0,136.0,52.0,38.0,16.0,357.0,50.0,40.0,80.0,120.0,9,2011-01-02,2,10,0,2011,1,2,125.633385
325,16,2,0,54.0,108.0,180.0,72.0,54.0,23.0,189.0,50.0,60.0,90.0,150.0,4,2010-01-03,1,1,1,2010,1,3,171.54945
330,13,0,0,27.0,71.0,123.0,52.0,44.0,17.0,361.0,40.0,50.0,70.0,120.0,1,2010-01-05,0,0,1,2010,1,5,111.71559
330,13,0,0,33.0,79.0,138.0,59.0,46.0,19.0,411.0,50.0,50.0,80.0,130.0,1,2010-01-11,0,0,1,2010,1,11,128.90782
330,13,0,0,53.0,80.0,157.0,60.0,48.0,19.0,336.0,50.0,60.0,80.0,140.0,1,2011-01-01,0,0,1,2011,1,1,157.38322
330,13,0,0,49.0,80.0,149.0,60.0,47.0,19.0,329.0,50.0,60.0,80.0,140.0,1,2011-01-02,0,0,1,2011,1,2,151.64311
330,13,0,0,56.0,76.0,136.0,52.0,38.0,16.0,357.0,50.0,50.0,80.0,130.0,2,2011-01-02,0,4,1,2011,1,2,135.11514
330,13,0,0,52.0,72.0,129.0,49.0,37.0,15.0,351.0,40.0,50.0,70.0,120.0,2,2011-01-03,0,4,1,2011,1,3,130.4528
330,13,0,0,40.0,64.0,114.0,43.0,37.0,13.0,363.0,40.0,40.0,70.0,110.0,2,2011-01-04,0,4,1,2011,1,4,116.91216
330,13,0,0,26.0,51.0,84.0,34.0,30.0,10.0,428.0,30.0,30.0,50.0,80.0,2,2011-01-08,0,4,1,2011,1,8,94.511154
330,13,0,0,36.0,60.0,108.0,41.0,36.0,13.0,435.0,20.0,40.0,50.0,90.0,2,2011-01-12,0,4,1,2011,1,12,104.85643
330,13,0,0,-9.0,56.0,95.0,39.0,65.0,36.0,517.0,0.0,40.0,50.0,90.0,3,2010-01-07,0,7,0,2010,1,7,108.834305
330,13,0,0,22.0,71.0,137.0,58.0,56.0,22.0,325.0,40.0,60.0,90.0,150.0,6,2011-01-03,1,6,0,2011,1,3,137.69423
330,13,0,0,17.0,34.0,56.0,22.0,17.0,6.0,452.0,30.0,10.0,30.0,40.0,8,2010-01-02,2,3,0,2010,1,2,66.086205
330,13,0,0,16.0,33.0,55.0,22.0,17.0,6.0,865.0,30.0,10.0,30.0,40.0,9,2010-01-08,2,10,0,2010,1,8,84.920204
330,13,0,0,29.0,49.0,82.0,33.0,20.0,9.0,870.0,30.0,30.0,40.0,70.0,9,2010-01-12,2,10,0,2010,1,12,85.81767
330,13,0,0,39.0,45.0,80.0,30.0,19.0,8.0,820.0,40.0,20.0,40.0,60.0,9,2011-01-04,2,10,0,2011,1,4,88.027336
330,13,0,0,62.0,119.0,197.0,78.0,57.0,25.0,798.0,60.0,60.0,100.0,160.0,11,2010-01-11,3,5,1,2010,1,11,215.16512
330,13,0,0,137.0,167.0,276.0,111.0,63.0,36.0,767.0,90.0,90.0,150.0,240.0,11,2011-01-06,3,5,1,2011,1,6,249.8009
330,13,0,0,103.0,161.0,277.0,116.0,58.0,35.0,678.0,100.0,90.0,150.0,240.0,12,2010-01-08,3,8,1,2010,1,8,270.43912
337,6,2,1,34.0,56.0,94.0,38.0,22.0,10.0,772.0,60.0,40.0,70.0,110.0,2,2010-01-02,0,4,1,2010,1,2,95.78344
337,6,2,1,40.0,64.0,107.0,43.0,24.0,12.0,822.0,60.0,50.0,80.0,130.0,2,2010-01-06,0,4,1,2010,1,6,111.03674
337,6,2,1,47.0,51.0,95.0,34.0,22.0,9.0,777.0,50.0,40.0,60.0,100.0,2,2011-01-01,0,4,1,2011,1,1,110.56851
337,6,2,1,43.0,49.0,87.0,33.0,20.0,9.0,768.0,50.0,40.0,60.0,100.0,2,2011-01-03,0,4,1,2011,1,3,107.391304
337,6,2,1,50.0,59.0,98.0,40.0,21.0,11.0,843.0,50.0,50.0,70.0,120.0,2,2011-01-07,0,4,1,2011,1,7,105.628174
337,6,2,1,70.0,71.0,127.0,48.0,24.0,13.0,829.0,80.0,70.0,90.0,160.0,2,2011-01-10,0,4,1,2011,1,10,109.66138
337,6,2,1,72.0,77.0,129.0,53.0,23.0,14.0,803.0,80.0,60.0,100.0,160.0,3,2011-01-05,0,7,0,2011,1,5,121.40719
337,6,2,1,46.0,51.0,91.0,34.0,20.0,9.0,863.0,50.0,40.0,60.0,100.0,3,2011-01-12,0,7,0,2011,1,12,94.01353
337,6,2,1,70.0,113.0,180.0,67.0,43.0,20.0,400.0,80.0,50.0,100.0,150.0,5,2010-01-01,1,2,1,2010,1,1,135.12828
337,6,2,1,41.0,79.0,126.0,47.0,38.0,14.0,366.0,40.0,40.0,60.0,100.0,5,2010-01-08,1,2,1,2010,1,8,123.3423
337,6,2,1,57.0,78.0,124.0,47.0,34.0,14.0,371.0,40.0,40.0,60.0,100.0,5,2011-01-06,1,2,1,2011,1,6,127.76269
337,6,2,1,79.0,94.0,161.0,57.0,41.0,17.0,349.0,60.0,40.0,80.0,120.0,5,2011-01-09,1,2,1,2011,1,9,115.07597
337,6,2,1,48.0,89.0,150.0,61.0,41.0,19.0,390.0,50.0,50.0,70.0,120.0,6,2010-01-01,1,6,0,2010,1,1,124.1972
337,6,2,1,75.0,89.0,168.0,61.0,43.0,19.0,390.0,50.0,50.0,70.0,120.0,6,2011-01-01,1,6,0,2011,1,1,138.15091
337,6,2,1,46.0,67.0,120.0,46.0,36.0,14.0,454.0,40.0,30.0,60.0,90.0,6,2011-01-09,1,6,0,2011,1,9,107.061386
337,6,2,1,50.0,71.0,128.0,49.0,37.0,15.0,454.0,30.0,30.0,60.0,90.0,6,2011-01-11,1,6,0,2011,1,11,111.66118
337,6,2,1,35.0,63.0,112.0,49.0,28.0,16.0,623.0,40.0,40.0,60.0,100.0,8,2010-01-01,2,3,0,2010,1,1,136.23615
337,6,2,1,35.0,63.0,112.0,49.0,28.0,16.0,617.0,40.0,40.0,60.0,100.0,8,2010-01-02,2,3,0,2010,1,2,132.5845
337,6,2,1,34.0,62.0,110.0,48.0,28.0,15.0,611.0,40.0,40.0,60.0,100.0,8,2010-01-03,2,3,0,2010,1,3,133.972
337,6,2,1,85.0,130.0,231.0,101.0,45.0,33.0,552.0,80.0,90.0,120.0,210.0,8,2010-01-11,2,3,0,2010,1,11,162.967
337,6,2,1,50.0,63.0,110.0,48.0,25.0,15.0,593.0,40.0,40.0,60.0,100.0,8,2011-01-06,2,3,0,2011,1,6,146.99539
337,6,2,1,44.0,60.0,105.0,46.0,26.0,15.0,587.0,40.0,40.0,60.0,100.0,8,2011-01-07,2,3,0,2011,1,7,143.66762
337,6,2,1,82.0,90.0,169.0,69.0,35.0,22.0,572.0,60.0,60.0,90.0,150.0,8,2011-01-09,2,3,0,2011,1,9,136.0921
337,6,2,1,35.0,98.0,178.0,80.0,63.0,30.0,494.0,50.0,70.0,100.0,170.0,9,2010-01-04,2,10,0,2010,1,4,164.12274
337,6,2,1,33.0,96.0,173.0,77.0,63.0,29.0,529.0,40.0,70.0,90.0,160.0,9,2010-01-05,2,10,0,2010,1,5,168.86836
337,6,2,1,38.0,102.0,184.0,82.0,64.0,31.0,601.0,40.0,70.0,100.0,170.0,9,2010-01-11,2,10,0,2010,1,11,171.76166
337,6,2,1,52.0,98.0,190.0,80.0,63.0,30.0,494.0,50.0,70.0,100.0,170.0,9,2011-01-04,2,10,0,2011,1,4,172.57285
337,6,2,1,46.0,96.0,171.0,77.0,59.0,29.0,529.0,40.0,70.0,90.0,160.0,9,2011-01-05,2,10,0,2011,1,5,173.92921
337,6,2,1,56.0,102.0,196.0,82.0,64.0,31.0,601.0,40.0,70.0,100.0,170.0,9,2011-01-11,2,10,0,2011,1,11,175.13101
337,6,2,1,-10.0,61.0,104.0,44.0,63.0,39.0,-508.0,10.0,30.0,60.0,90.0,4,2011-01-08,1,1,1,2011,1,8,119.05375
339,7,1,0,589.0,451.0,553.0,68.0,54.0,22.0,-348.0,400.0,60.0,430.0,490.0,2,2011-01-04,0,4,1,2011,1,4,538.9337
339,7,1,0,9.0,26.0,44.0,18.0,17.0,5.0,486.0,20.0,10.0,30.0,40.0,13,2010-01-07,3,9,1,2010,1,7,57.193176
339,7,1,0,6.0,68.0,105.0,37.0,62.0,33.0,540.0,20.0,30.0,70.0,100.0,5,2010-01-08,1,2,1,2010,1,8,126.31019
339,7,1,0,-20.0,52.0,99.0,47.0,72.0,42.0,571.0,-10.0,40.0,50.0,90.0,5,2010-01-12,1,2,1,2010,1,12,114.24643
339,7,1,0,-18.0,65.0,125.0,52.0,77.0,47.0,458.0,10.0,40.0,70.0,110.0,5,2011-01-04,1,2,1,2011,1,4,123.72419
339,7,1,0,8.0,68.0,104.0,37.0,58.0,33.0,540.0,20.0,30.0,70.0,100.0,5,2011-01-08,1,2,1,2011,1,8,117.625885
339,7,1,0,-12.0,68.0,128.0,52.0,76.0,47.0,554.0,0.0,50.0,60.0,110.0,5,2011-01-11,1,2,1,2011,1,11,121.52472
339,7,1,0,17.0,72.0,130.0,58.0,55.0,22.0,338.0,30.0,40.0,60.0,100.0,9,2010-01-01,2,10,0,2010,1,1,123.691895
339,7,1,0,9.0,60.0,109.0,49.0,51.0,18.0,414.0,20.0,30.0,50.0,80.0,9,2010-01-08,2,10,0,2010,1,8,120.22857
339,7,1,0,19.0,66.0,128.0,54.0,53.0,20.0,404.0,20.0,30.0,30.0,60.0,9,2011-01-10,2,10,0,2011,1,10,123.028786
339,7,1,0,23.0,43.0,72.0,29.0,20.0,8.0,862.0,30.0,30.0,40.0,70.0,11,2010-01-09,3,5,1,2010,1,9,67.71357
339,7,1,0,31.0,52.0,88.0,36.0,21.0,10.0,862.0,40.0,30.0,60.0,90.0,11,2010-01-11,3,5,1,2010,1,11,70.75524
339,7,1,0,84.0,149.0,298.0,149.0,65.0,41.0,1156.0,100.0,140.0,150.0,290.0,7,2010-01-05,1,12,1,2010,1,5,294.88293
339,7,1,0,83.0,149.0,298.0,149.0,66.0,41.0,1245.0,100.0,140.0,150.0,290.0,7,2010-01-06,1,12,1,2010,1,6,292.50403
339,7,1,0,112.0,146.0,288.0,145.0,60.0,40.0,1304.0,100.0,130.0,150.0,280.0,7,2011-01-07,1,12,1,2011,1,7,292.3032
347,12,1,0,236.0,374.0,623.0,249.0,138.0,87.0,2580.0,230.0,220.0,340.0,560.0,2,2010-01-11,0,4,1,2010,1,11,656.4746
347,12,1,0,54.0,80.0,134.0,54.0,26.0,15.0,456.0,70.0,50.0,90.0,140.0,13,2010-01-01,3,9,1,2010,1,1,159.69675
347,12,1,0,117.0,112.0,201.0,77.0,33.0,21.0,449.0,90.0,80.0,120.0,200.0,13,2011-01-02,3,9,1,2011,1,2,197.55763
347,12,1,0,137.0,136.0,228.0,94.0,34.0,26.0,562.0,120.0,90.0,150.0,240.0,13,2011-01-06,3,9,1,2011,1,6,219.23224
347,12,1,0,-266.0,-85.0,77.0,162.0,181.0,147.0,2321.0,-240.0,150.0,-80.0,70.0,5,2010-01-07,1,2,1,2010,1,7,100.14548
347,12,1,0,-202.0,-60.0,61.0,121.0,142.0,109.0,3385.0,-190.0,110.0,-60.0,50.0,5,2010-01-11,1,2,1,2010,1,11,87.76465
347,12,1,0,-367.0,-85.0,76.0,162.0,168.0,147.0,2321.0,-240.0,150.0,-80.0,70.0,5,2011-01-07,1,2,1,2011,1,7,86.34809
347,12,1,0,-177.0,-32.0,194.0,214.0,87.0,66.0,1480.0,-80.0,160.0,-20.0,140.0,10,2011-01-03,2,11,0,2011,1,3,196.95683
347,12,1,0,101.0,139.0,234.0,95.0,38.0,26.0,821.0,120.0,100.0,150.0,250.0,11,2010-01-01,3,5,1,2010,1,1,235.15427
347,12,1,0,106.0,145.0,245.0,100.0,39.0,28.0,981.0,130.0,100.0,160.0,260.0,11,2010-01-09,3,5,1,2010,1,9,246.39574
347,12,1,0,148.0,137.0,247.0,95.0,37.0,26.0,809.0,120.0,100.0,150.0,250.0,11,2011-01-02,3,5,1,2011,1,2,247.15898
347,12,1,0,151.0,139.0,249.0,95.0,37.0,26.0,799.0,120.0,100.0,150.0,250.0,11,2011-01-03,3,5,1,2011,1,3,247.45976
347,12,1,0,141.0,132.0,238.0,91.0,37.0,25.0,777.0,120.0,90.0,150.0,240.0,12,2011-01-04,3,8,1,2011,1,4,257.17072
347,12,1,0,167.0,163.0,274.0,113.0,39.0,31.0,897.0,140.0,110.0,180.0,290.0,12,2011-01-06,3,8,1,2011,1,6,274.27954
347,12,1,0,288.0,284.0,557.0,239.0,90.0,66.0,1260.0,210.0,220.0,290.0,510.0,7,2011-01-03,1,12,1,2011,1,3,542.80524
351,7,1,0,390.0,443.0,510.0,67.0,53.0,22.0,-3534.0,360.0,60.0,390.0,450.0,2,2010-01-12,0,4,1,2010,1,12,516.0662
351,7,1,0,599.0,487.0,546.0,64.0,49.0,21.0,-663.0,430.0,60.0,460.0,520.0,2,2011-01-05,0,4,1,2011,1,5,550.05914
351,7,1,0,579.0,443.0,543.0,67.0,53.0,22.0,-3534.0,360.0,60.0,390.0,450.0,2,2011-01-12,0,4,1,2011,1,12,543.8296
351,7,1,0,29.0,48.0,80.0,32.0,19.0,8.0,482.0,40.0,30.0,50.0,80.0,13,2010-01-11,3,9,1,2010,1,11,66.21856
351,7,1,0,14.0,26.0,44.0,18.0,15.0,5.0,478.0,20.0,10.0,30.0,40.0,13,2011-01-06,3,9,1,2011,1,6,52.02698
351,7,1,0,-3.0,67.0,111.0,44.0,70.0,40.0,543.0,10.0,40.0,60.0,100.0,5,2010-01-06,1,2,1,2010,1,6,130.0899
351,7,1,0,39.0,45.0,80.0,30.0,19.0,8.0,820.0,40.0,30.0,50.0,80.0,11,2011-01-04,3,5,1,2011,1,4,77.435524
351,7,1,0,46.0,52.0,94.0,36.0,21.0,10.0,862.0,40.0,30.0,60.0,90.0,11,2011-01-11,3,5,1,2011,1,11,64.074356
351,7,1,0,94.0,163.0,325.0,162.0,69.0,45.0,1091.0,100.0,150.0,160.0,310.0,7,2010-01-04,1,12,1,2010,1,4,318.97128
351,7,1,0,87.0,153.0,306.0,153.0,66.0,42.0,1319.0,80.0,150.0,140.0,290.0,7,2010-01-12,1,12,1,2010,1,12,310.8506
352,3,1,0,128.0,150.0,265.0,99.0,64.0,32.0,798.0,100.0,90.0,140.0,230.0,2,2011-01-09,0,4,1,2011,1,9,258.62595
352,3,1,0,105.0,120.0,220.0,86.0,49.0,26.0,490.0,70.0,80.0,110.0,190.0,3,2011-01-02,0,7,0,2011,1,2,225.29424
352,3,1,0,76.0,103.0,192.0,77.0,52.0,25.0,423.0,60.0,70.0,100.0,170.0,6,2011-01-02,1,6,0,2011,1,2,201.5819
352,3,1,0,52.0,63.0,119.0,49.0,28.0,16.0,611.0,30.0,30.0,50.0,80.0,8,2011-01-03,2,3,0,2011,1,3,105.279915
352,3,1,0,50.0,65.0,114.0,50.0,27.0,16.0,587.0,30.0,30.0,50.0,80.0,8,2011-01-07,2,3,0,2011,1,7,111.97906
352,3,1,0,26.0,74.0,132.0,59.0,51.0,22.0,403.0,30.0,40.0,60.0,100.0,9,2011-01-07,2,10,0,2011,1,7,138.66708
352,3,1,0,62.0,84.0,164.0,70.0,42.0,21.0,957.0,50.0,50.0,70.0,120.0,10,2011-01-02,2,11,0,2011,1,2,163.26814
352,3,1,0,32.0,53.0,89.0,36.0,21.0,10.0,838.0,40.0,30.0,60.0,90.0,11,2010-01-05,3,5,1,2010,1,5,87.97492
352,3,1,0,23.0,42.0,70.0,28.0,19.0,7.0,875.0,40.0,20.0,50.0,70.0,11,2010-01-11,3,5,1,2010,1,11,80.28453
352,3,1,0,34.0,42.0,75.0,28.0,19.0,7.0,875.0,40.0,20.0,50.0,70.0,11,2011-01-11,3,5,1,2011,1,11,80.361206
360,18,3,1,56.0,99.0,167.0,68.0,43.0,21.0,445.0,80.0,80.0,120.0,200.0,2,2010-01-09,0,4,1,2010,1,9,179.38292
360,18,3,1,65.0,84.0,151.0,58.0,40.0,18.0,331.0,70.0,70.0,100.0,170.0,2,2011-01-02,0,4,1,2011,1,2,169.55157
360,18,3,1,83.0,99.0,178.0,68.0,43.0,21.0,438.0,110.0,90.0,140.0,230.0,2,2011-01-10,0,4,1,2011,1,10,173.30212
360,18,3,1,86.0,104.0,188.0,72.0,46.0,23.0,461.0,80.0,80.0,120.0,200.0,2,2011-01-12,0,4,1,2011,1,12,182.64944
360,18,3,1,31.0,173.0,297.0,124.0,142.0,112.0,717.0,100.0,150.0,220.0,370.0,3,2010-01-07,0,7,0,2010,1,7,255.73062
360,18,3,1,16.0,130.0,223.0,93.0,114.0,84.0,692.0,60.0,110.0,160.0,270.0,3,2010-01-09,0,7,0,2010,1,9,228.45068
360,18,3,1,25.0,132.0,242.0,95.0,115.0,86.0,554.0,70.0,110.0,170.0,280.0,3,2011-01-04,0,7,0,2011,1,4,233.98347
360,18,3,1,47.0,184.0,314.0,133.0,140.0,120.0,705.0,100.0,160.0,230.0,390.0,3,2011-01-08,0,7,0,2011,1,8,242.33583
360,18,3,1,8.0,105.0,180.0,75.0,97.0,68.0,522.0,20.0,40.0,80.0,120.0,13,2010-01-01,3,9,1,2010,1,1,167.6178
360,18,3,1,-3.0,75.0,128.0,53.0,78.0,48.0,597.0,0.0,30.0,50.0,80.0,13,2010-01-06,3,9,1,2010,1,6,123.764824
360,18,3,1,-3.0,76.0,131.0,55.0,79.0,49.0,627.0,-10.0,40.0,50.0,90.0,13,2010-01-12,3,9,1,2010,1,12,127.39555
360,18,3,1,0.0,87.0,160.0,63.0,87.0,57.0,506.0,10.0,40.0,60.0,100.0,13,2011-01-03,3,9,1,2011,1,3,158.08484
360,18,3,1,-7.0,66.0,112.0,47.0,66.0,42.0,622.0,0.0,30.0,40.0,70.0,13,2011-01-07,3,9,1,2011,1,7,122.55217
360,18,3,1,18.0,66.0,128.0,54.0,54.0,20.0,301.0,20.0,50.0,60.0,110.0,5,2011-01-03,1,2,1,2011,1,3,133.99332
360,18,3,1,22.0,72.0,129.0,58.0,52.0,22.0,338.0,20.0,50.0,70.0,120.0,5,2011-01-05,1,2,1,2011,1,5,123.418076
360,18,3,1,25.0,74.0,132.0,59.0,52.0,22.0,377.0,20.0,50.0,70.0,120.0,5,2011-01-06,1,2,1,2011,1,6,129.87955
360,18,3,1,25.0,74.0,132.0,59.0,52.0,22.0,403.0,20.0,50.0,70.0,120.0,5,2011-01-07,1,2,1,2011,1,7,137.18549
360,18,3,1,28.0,77.0,139.0,63.0,53.0,23.0,397.0,20.0,60.0,70.0,130.0,5,2011-01-08,1,2,1,2011,1,8,133.22089
360,18,3,1,34.0,82.0,159.0,67.0,59.0,25.0,391.0,30.0,60.0,80.0,140.0,5,2011-01-09,1,2,1,2011,1,9,124.79887
360,18,3,1,77.0,103.0,187.0,86.0,44.0,26.0,1081.0,70.0,80.0,100.0,180.0,6,2011-01-07,1,6,0,2011,1,7,168.3745
360,18,3,1,71.0,94.0,185.0,80.0,46.0,24.0,1055.0,80.0,60.0,90.0,150.0,6,2011-01-10,1,6,0,2011,1,10,146.84181
360,18,3,1,76.0,96.0,188.0,80.0,45.0,24.0,1079.0,60.0,70.0,100.0,170.0,6,2011-01-12,1,6,0,2011,1,12,152.06818
360,18,3,1,75.0,135.0,225.0,90.0,60.0,29.0,1139.0,80.0,70.0,120.0,190.0,8,2010-01-08,2,3,0,2010,1,8,244.81068
360,18,3,1,171.0,186.0,329.0,123.0,71.0,40.0,932.0,120.0,100.0,170.0,270.0,8,2011-01-03,2,3,0,2011,1,3,267.75665
360,18,3,1,171.0,188.0,334.0,125.0,73.0,41.0,1119.0,130.0,90.0,160.0,250.0,8,2011-01-10,2,3,0,2011,1,10,230.6477
360,18,3,1,30.0,51.0,85.0,34.0,21.0,9.0,777.0,50.0,20.0,50.0,70.0,9,2010-01-01,2,10,0,2010,1,1,98.01038
360,18,3,1,29.0,49.0,82.0,33.0,20.0,9.0,768.0,50.0,20.0,50.0,70.0,9,2010-01-03,2,10,0,2010,1,3,99.72439
360,18,3,1,47.0,71.0,119.0,48.0,24.0,13.0,834.0,50.0,40.0,60.0,100.0,9,2010-01-09,2,10,0,2010,1,9,117.42871
360,18,3,1,47.0,51.0,95.0,34.0,22.0,9.0,777.0,50.0,20.0,50.0,70.0,9,2011-01-01,2,10,0,2011,1,1,118.9216
360,18,3,1,45.0,51.0,92.0,35.0,21.0,9.0,776.0,40.0,30.0,40.0,70.0,9,2011-01-04,2,10,0,2011,1,4,104.46084
360,18,3,1,62.0,70.0,117.0,48.0,23.0,13.0,839.0,50.0,40.0,60.0,100.0,9,2011-01-08,2,10,0,2011,1,8,123.423256
360,18,3,1,70.0,113.0,180.0,67.0,43.0,20.0,400.0,50.0,40.0,80.0,120.0,11,2010-01-01,3,5,1,2010,1,1,145.60081
360,18,3,1,66.0,109.0,174.0,65.0,43.0,20.0,372.0,40.0,40.0,70.0,110.0,11,2010-01-02,3,5,1,2010,1,2,142.73279
360,18,3,1,41.0,78.0,125.0,47.0,37.0,14.0,371.0,30.0,30.0,50.0,80.0,11,2010-01-06,3,5,1,2010,1,6,127.78799
360,18,3,1,40.0,65.0,103.0,39.0,33.0,12.0,380.0,30.0,20.0,50.0,70.0,11,2011-01-07,3,5,1,2011,1,7,131.72044
360,18,3,1,27.0,65.0,110.0,45.0,38.0,14.0,410.0,30.0,20.0,50.0,70.0,12,2010-01-05,3,8,1,2010,1,5,116.148415
360,18,3,1,31.0,67.0,113.0,46.0,36.0,14.0,454.0,30.0,30.0,40.0,70.0,12,2010-01-09,3,8,1,2010,1,9,114.77411
360,18,3,1,31.0,67.0,113.0,46.0,36.0,14.0,449.0,30.0,20.0,30.0,50.0,12,2010-01-10,3,8,1,2010,1,10,110.28177
360,18,3,1,35.0,62.0,110.0,48.0,27.0,15.0,617.0,40.0,40.0,60.0,100.0,4,2010-01-02,1,1,1,2010,1,2,115.00745
360,18,3,1,31.0,43.0,81.0,33.0,22.0,10.0,577.0,30.0,30.0,40.0,70.0,4,2011-01-09,1,1,1,2011,1,9,95.80411
361,16,2,0,239.0,247.0,486.0,209.0,86.0,64.0,969.0,230.0,260.0,310.0,570.0,2,2011-01-04,0,4,1,2011,1,4,495.49994
361,16,2,0,106.0,107.0,213.0,83.0,41.0,27.0,623.0,100.0,100.0,130.0,230.0,3,2011-01-01,0,7,0,2011,1,1,183.05254
361,16,2,0,125.0,117.0,211.0,81.0,33.0,22.0,441.0,90.0,60.0,110.0,170.0,6,2011-01-03,1,6,0,2011,1,3,218.91832
361,16,2,0,70.0,101.0,179.0,67.0,54.0,22.0,-1239.0,30.0,50.0,70.0,120.0,4,2011-01-12,1,1,1,2011,1,12,166.11192
386,3,1,0,86.0,150.0,249.0,99.0,64.0,32.0,798.0,100.0,90.0,140.0,230.0,2,2010-01-09,0,4,1,2010,1,9,240.79562
386,3,1,0,104.0,116.0,224.0,84.0,51.0,26.0,500.0,70.0,80.0,110.0,190.0,3,2011-01-01,0,7,0,2011,1,1,227.66739
386,3,1,0,32.0,173.0,297.0,124.0,141.0,112.0,717.0,60.0,110.0,180.0,290.0,5,2010-01-07,1,2,1,2010,1,7,260.40665
386,3,1,0,86.0,112.0,208.0,83.0,54.0,27.0,575.0,70.0,80.0,110.0,190.0,6,2011-01-12,1,6,0,2011,1,12,207.72723
386,3,1,0,10.0,29.0,51.0,22.0,19.0,7.0,573.0,20.0,0.0,20.0,20.0,8,2010-01-10,2,3,0,2010,1,10,88.83188
386,3,1,0,38.0,62.0,105.0,43.0,24.0,12.0,864.0,50.0,40.0,70.0,110.0,11,2010-01-06,3,5,1,2010,1,6,99.167244
386,3,1,0,41.0,65.0,110.0,45.0,24.0,12.0,885.0,50.0,40.0,70.0,110.0,11,2010-01-07,3,5,1,2010,1,7,115.4651
405,14,2,1,33.0,60.0,106.0,46.0,27.0,15.0,608.0,60.0,50.0,80.0,130.0,2,2010-01-04,0,4,1,2010,1,4,94.82994
405,14,2,1,53.0,87.0,155.0,68.0,34.0,22.0,587.0,80.0,80.0,110.0,190.0,2,2010-01-08,0,4,1,2010,1,8,126.31779
405,14,2,1,66.0,104.0,185.0,81.0,38.0,26.0,551.0,100.0,90.0,130.0,220.0,2,2010-01-12,0,4,1,2010,1,12,128.01091
405,14,2,1,43.0,56.0,107.0,44.0,27.0,14.0,618.0,50.0,50.0,70.0,120.0,2,2011-01-02,0,4,1,2011,1,2,108.798325
405,14,2,1,43.0,55.0,104.0,43.0,26.0,14.0,613.0,50.0,50.0,70.0,120.0,2,2011-01-03,0,4,1,2011,1,3,108.27384
405,14,2,1,40.0,56.0,98.0,43.0,25.0,14.0,597.0,50.0,50.0,70.0,120.0,2,2011-01-06,0,4,1,2011,1,6,112.64094
405,14,2,1,29.0,48.0,80.0,32.0,19.0,8.0,817.0,50.0,40.0,60.0,100.0,3,2010-01-02,0,7,0,2010,1,2,83.87065
405,14,2,1,27.0,47.0,79.0,32.0,20.0,8.0,813.0,40.0,40.0,50.0,90.0,3,2010-01-03,0,7,0,2010,1,3,84.29012
405,14,2,1,25.0,45.0,75.0,30.0,20.0,8.0,820.0,50.0,30.0,60.0,90.0,3,2010-01-04,0,7,0,2010,1,4,87.331375
405,14,2,1,22.0,42.0,71.0,29.0,20.0,8.0,835.0,40.0,30.0,50.0,80.0,3,2010-01-05,0,7,0,2010,1,5,85.13661
405,14,2,1,19.0,36.0,60.0,24.0,17.0,6.0,856.0,30.0,30.0,40.0,70.0,3,2010-01-06,0,7,0,2010,1,6,90.536194
405,14,2,1,16.0,34.0,57.0,23.0,18.0,6.0,868.0,40.0,20.0,50.0,70.0,3,2010-01-07,0,7,0,2010,1,7,99.5553
405,14,2,1,16.0,33.0,55.0,22.0,17.0,6.0,865.0,30.0,20.0,40.0,60.0,3,2010-01-08,0,7,0,2010,1,8,98.56389
405,14,2,1,40.0,47.0,84.0,32.0,20.0,8.0,813.0,40.0,40.0,50.0,90.0,3,2011-01-03,0,7,0,2011,1,3,97.71943
405,14,2,1,31.0,39.0,70.0,27.0,18.0,7.0,859.0,60.0,30.0,60.0,90.0,3,2011-01-10,0,7,0,2011,1,10,80.9018
405,14,2,1,28.0,48.0,80.0,32.0,20.0,8.0,456.0,40.0,20.0,40.0,60.0,5,2010-01-01,1,2,1,2010,1,1,106.05074
405,14,2,1,13.0,29.0,49.0,20.0,16.0,5.0,464.0,30.0,10.0,30.0,40.0,5,2010-01-05,1,2,1,2010,1,5,94.25933
405,14,2,1,15.0,32.0,53.0,21.0,17.0,5.0,480.0,30.0,0.0,30.0,30.0,5,2010-01-10,1,2,1,2010,1,10,106.610466
405,14,2,1,24.0,32.0,56.0,21.0,16.0,5.0,454.0,30.0,10.0,30.0,40.0,5,2011-01-04,1,2,1,2011,1,4,109.70353
405,14,2,1,67.0,126.0,210.0,84.0,59.0,27.0,651.0,70.0,70.0,110.0,180.0,6,2010-01-01,1,6,0,2010,1,1,201.8308
405,14,2,1,63.0,120.0,200.0,80.0,57.0,26.0,640.0,70.0,60.0,110.0,170.0,6,2010-01-02,1,6,0,2010,1,2,198.52005
405,14,2,1,79.0,141.0,235.0,94.0,62.0,31.0,697.0,80.0,80.0,120.0,200.0,6,2010-01-05,1,6,0,2010,1,5,204.65398
405,14,2,1,103.0,172.0,286.0,114.0,69.0,37.0,810.0,100.0,90.0,150.0,240.0,6,2010-01-08,1,6,0,2010,1,8,229.37354
405,14,2,1,65.0,123.0,205.0,82.0,58.0,27.0,788.0,60.0,50.0,80.0,130.0,6,2010-01-10,1,6,0,2010,1,10,207.41814
405,14,2,1,72.0,133.0,221.0,88.0,61.0,29.0,817.0,60.0,60.0,110.0,170.0,6,2010-01-12,1,6,0,2010,1,12,210.9438
405,14,2,1,104.0,126.0,235.0,84.0,62.0,27.0,651.0,70.0,70.0,110.0,180.0,6,2011-01-01,1,6,0,2011,1,1,217.75778
405,14,2,1,93.0,120.0,213.0,80.0,57.0,26.0,640.0,70.0,60.0,110.0,170.0,6,2011-01-02,1,6,0,2011,1,2,213.06587
405,14,2,1,110.0,134.0,237.0,88.0,60.0,29.0,653.0,80.0,70.0,120.0,190.0,6,2011-01-04,1,6,0,2011,1,4,213.72888
405,14,2,1,142.0,172.0,283.0,114.0,64.0,37.0,822.0,100.0,90.0,150.0,240.0,6,2011-01-07,1,6,0,2011,1,7,234.21785
405,14,2,1,129.0,150.0,265.0,99.0,63.0,32.0,798.0,80.0,80.0,130.0,210.0,6,2011-01-09,1,6,0,2011,1,9,205.25076
405,14,2,1,96.0,123.0,218.0,82.0,58.0,27.0,788.0,60.0,50.0,80.0,130.0,6,2011-01-10,1,6,0,2011,1,10,198.43655
405,14,2,1,19.0,74.0,133.0,59.0,55.0,22.0,403.0,30.0,50.0,80.0,130.0,8,2010-01-07,2,3,0,2010,1,7,152.65385
405,14,2,1,16.0,70.0,126.0,56.0,54.0,21.0,385.0,50.0,40.0,70.0,110.0,8,2010-01-10,2,3,0,2010,1,10,132.12318
405,14,2,1,22.0,80.0,145.0,65.0,58.0,24.0,403.0,20.0,60.0,70.0,130.0,8,2010-01-12,2,3,0,2010,1,12,135.58241
405,14,2,1,23.0,72.0,129.0,58.0,51.0,22.0,338.0,20.0,50.0,70.0,120.0,8,2011-01-05,2,3,0,2011,1,5,126.4053
405,14,2,1,33.0,80.0,155.0,65.0,58.0,24.0,403.0,20.0,60.0,70.0,130.0,8,2011-01-12,2,3,0,2011,1,12,124.552216
405,14,2,1,15.0,128.0,220.0,92.0,113.0,83.0,541.0,40.0,80.0,130.0,210.0,9,2010-01-02,2,10,0,2010,1,2,213.43239
405,14,2,1,17.0,132.0,227.0,95.0,115.0,86.0,532.0,30.0,90.0,130.0,220.0,9,2010-01-03,2,10,0,2010,1,3,214.58542
405,14,2,1,16.0,132.0,227.0,95.0,116.0,86.0,554.0,30.0,90.0,130.0,220.0,9,2010-01-04,2,10,0,2010,1,4,227.13283
405,14,2,1,32.0,173.0,297.0,124.0,141.0,112.0,717.0,60.0,110.0,180.0,290.0,9,2010-01-07,2,10,0,2010,1,7,261.57706
405,14,2,1,17.0,134.0,230.0,96.0,117.0,87.0,683.0,40.0,80.0,120.0,200.0,9,2010-01-10,2,10,0,2010,1,10,233.41455
405,14,2,1,16.0,111.0,213.0,79.0,106.0,72.0,551.0,30.0,70.0,110.0,180.0,9,2011-01-01,2,10,0,2011,1,1,230.4526
405,14,2,1,22.0,128.0,234.0,92.0,113.0,83.0,541.0,40.0,80.0,130.0,210.0,9,2011-01-02,2,10,0,2011,1,2,225.53798
405,14,2,1,44.0,173.0,294.0,124.0,131.0,112.0,717.0,60.0,110.0,180.0,290.0,9,2011-01-07,2,10,0,2011,1,7,262.6933
405,14,2,1,47.0,184.0,314.0,133.0,140.0,120.0,705.0,60.0,120.0,190.0,310.0,9,2011-01-08,2,10,0,2011,1,8,267.03516
405,14,2,1,24.0,130.0,238.0,93.0,114.0,84.0,692.0,40.0,80.0,130.0,210.0,9,2011-01-09,2,10,0,2011,1,9,249.38672
405,14,2,1,22.0,130.0,239.0,94.0,115.0,85.0,694.0,20.0,80.0,120.0,200.0,9,2011-01-11,2,10,0,2011,1,11,247.18118
405,14,2,1,66.0,116.0,200.0,84.0,50.0,26.0,500.0,70.0,70.0,100.0,170.0,4,2010-01-01,1,1,1,2010,1,1,211.05382
405,14,2,1,70.0,120.0,206.0,86.0,50.0,26.0,300.0,70.0,70.0,100.0,170.0,4,2010-01-02,1,1,1,2010,1,2,210.06729
405,14,2,1,74.0,125.0,214.0,89.0,51.0,27.0,94.0,80.0,70.0,110.0,180.0,4,2010-01-03,1,1,1,2010,1,3,210.75824
405,14,2,1,76.0,127.0,218.0,91.0,51.0,28.0,-1785.0,70.0,50.0,80.0,130.0,4,2010-01-10,1,1,1,2010,1,10,214.29192
405,14,2,1,103.0,116.0,224.0,84.0,52.0,26.0,500.0,70.0,70.0,100.0,170.0,4,2011-01-01,1,1,1,2011,1,1,224.844
405,14,2,1,110.0,125.0,228.0,89.0,51.0,27.0,94.0,80.0,70.0,110.0,180.0,4,2011-01-03,1,1,1,2011,1,3,226.80194
405,14,2,1,145.0,164.0,279.0,118.0,55.0,36.0,-660.0,100.0,100.0,140.0,240.0,4,2011-01-06,1,1,1,2011,1,6,247.54886
405,14,2,1,177.0,195.0,333.0,141.0,62.0,43.0,-942.0,110.0,120.0,160.0,280.0,4,2011-01-07,1,1,1,2011,1,7,265.00577
405,14,2,1,113.0,127.0,232.0,91.0,51.0,28.0,-1785.0,70.0,50.0,80.0,130.0,4,2011-01-10,1,1,1,2011,1,10,217.46454
405,14,2,1,132.0,143.0,261.0,102.0,54.0,31.0,-2003.0,60.0,80.0,100.0,180.0,4,2011-01-11,1,1,1,2011,1,11,217.75519
407,3,1,0,64.0,123.0,205.0,82.0,59.0,27.0,788.0,90.0,60.0,110.0,170.0,2,2010-01-10,0,4,1,2010,1,10,218.62459
407,3,1,0,108.0,133.0,236.0,88.0,60.0,29.0,817.0,80.0,70.0,120.0,190.0,2,2011-01-12,0,4,1,2011,1,12,258.9255
407,3,1,0,58.0,85.0,144.0,59.0,27.0,16.0,842.0,70.0,60.0,90.0,150.0,13,2010-01-06,3,9,1,2010,1,6,126.16416
407,3,1,0,51.0,103.0,180.0,77.0,52.0,25.0,423.0,60.0,70.0,100.0,170.0,6,2010-01-02,1,6,0,2010,1,2,182.99767
407,3,1,0,58.0,112.0,195.0,83.0,54.0,27.0,575.0,70.0,80.0,110.0,190.0,6,2010-01-12,1,6,0,2010,1,12,194.9927
407,3,1,0,13.0,67.0,121.0,54.0,54.0,20.0,391.0,10.0,40.0,40.0,80.0,9,2010-01-11,2,10,0,2010,1,11,119.90039
407,3,1,0,53.0,99.0,182.0,83.0,46.0,25.0,1063.0,50.0,60.0,80.0,140.0,10,2010-01-09,2,11,0,2010,1,9,170.23552
407,3,1,0,74.0,96.0,188.0,80.0,46.0,24.0,1079.0,30.0,60.0,60.0,120.0,10,2011-01-12,2,11,0,2011,1,12,176.9639
408,0,3,0,-180.0,-27.0,135.0,154.0,94.0,50.0,1288.0,-120.0,190.0,-40.0,150.0,3,2011-01-03,0,7,0,2011,1,3,150.56361
408,0,3,0,62.0,225.0,384.0,162.0,167.0,147.0,943.0,60.0,150.0,220.0,370.0,5,2011-01-07,1,2,1,2011,1,7,365.72186
408,0,3,0,106.0,145.0,245.0,100.0,39.0,28.0,822.0,110.0,80.0,130.0,210.0,8,2010-01-04,2,3,0,2010,1,4,236.73486
408,0,3,0,150.0,139.0,249.0,95.0,38.0,26.0,799.0,100.0,80.0,120.0,200.0,8,2011-01-03,2,3,0,2011,1,3,251.56056
408,0,3,0,67.0,107.0,190.0,83.0,40.0,27.0,574.0,60.0,70.0,90.0,160.0,10,2010-01-06,2,11,0,2010,1,6,189.17952
408,0,3,0,101.0,107.0,202.0,83.0,39.0,27.0,613.0,60.0,70.0,90.0,160.0,10,2011-01-02,2,11,0,2011,1,2,202.89555
408,0,3,0,79.0,79.0,142.0,54.0,26.0,15.0,601.0,50.0,30.0,60.0,90.0,12,2011-01-12,3,8,1,2011,1,12,171.45592
409,16,2,0,159.0,245.0,452.0,207.0,86.0,64.0,965.0,220.0,260.0,300.0,560.0,2,2010-01-01,0,4,1,2010,1,1,473.65063
409,16,2,0,279.0,284.0,559.0,241.0,96.0,74.0,1321.0,240.0,280.0,340.0,620.0,2,2011-01-12,0,4,1,2011,1,12,516.0297
409,16,2,0,127.0,172.0,290.0,118.0,45.0,33.0,930.0,100.0,90.0,130.0,220.0,5,2010-01-11,1,2,1,2010,1,11,267.6696
409,16,2,0,157.0,144.0,259.0,99.0,38.0,27.0,766.0,100.0,80.0,120.0,200.0,5,2011-01-02,1,2,1,2011,1,2,242.12683
409,16,2,0,135.0,126.0,227.0,87.0,35.0,24.0,756.0,90.0,70.0,110.0,180.0,5,2011-01-03,1,2,1,2011,1,3,242.12683
409,16,2,0,84.0,80.0,150.0,54.0,27.0,15.0,456.0,60.0,40.0,70.0,110.0,6,2011-01-01,1,6,0,2011,1,1,217.95679
409,16,2,0,137.0,136.0,228.0,94.0,34.0,26.0,562.0,90.0,80.0,110.0,190.0,6,2011-01-06,1,6,0,2011,1,6,215.53737
409,16,2,0,20.0,55.0,93.0,38.0,35.0,12.0,414.0,30.0,30.0,60.0,90.0,9,2010-01-06,2,10,0,2010,1,6,116.48559
409,16,2,0,28.0,64.0,107.0,43.0,36.0,13.0,419.0,50.0,30.0,60.0,90.0,9,2010-01-10,2,10,0,2010,1,10,112.49091
409,16,2,0,61.0,96.0,159.0,64.0,48.0,21.0,-161.0,50.0,50.0,80.0,130.0,4,2011-01-05,1,1,1,2011,1,5,159.79047
413,7,1,0,367.0,422.0,494.0,72.0,55.0,23.0,558.0,360.0,60.0,400.0,460.0,2,2010-01-01,0,4,1,2010,1,1,510.65274
413,7,1,0,465.0,516.0,576.0,60.0,51.0,19.0,-2572.0,460.0,50.0,490.0,540.0,2,2010-01-09,0,4,1,2010,1,9,535.6096
413,7,1,0,572.0,422.0,553.0,72.0,58.0,23.0,558.0,360.0,60.0,400.0,460.0,2,2011-01-01,0,4,1,2011,1,1,535.1412
413,7,1,0,12.0,29.0,49.0,20.0,17.0,5.0,464.0,20.0,20.0,30.0,50.0,13,2010-01-05,3,9,1,2010,1,5,53.199524
413,7,1,0,10.0,26.0,44.0,18.0,16.0,5.0,478.0,20.0,10.0,30.0,40.0,13,2010-01-06,3,9,1,2010,1,6,53.19737
413,7,1,0,15.0,32.0,53.0,21.0,17.0,5.0,480.0,30.0,20.0,30.0,50.0,13,2010-01-10,3,9,1,2010,1,10,56.157738
413,7,1,0,-16.0,61.0,114.0,53.0,77.0,48.0,491.0,0.0,50.0,60.0,110.0,5,2010-01-05,1,2,1,2010,1,5,116.957306
413,7,1,0,-22.0,61.0,113.0,53.0,72.0,48.0,491.0,0.0,50.0,60.0,110.0,5,2011-01-05,1,2,1,2011,1,5,115.16607
413,7,1,0,10.0,72.0,110.0,39.0,60.0,36.0,560.0,20.0,30.0,70.0,100.0,5,2011-01-07,1,2,1,2011,1,7,131.52238
413,7,1,0,17.0,65.0,117.0,53.0,49.0,20.0,361.0,20.0,40.0,50.0,90.0,9,2011-01-05,2,10,0,2011,1,5,117.927536
413,7,1,0,16.0,34.0,57.0,23.0,18.0,6.0,868.0,30.0,20.0,40.0,60.0,11,2010-01-07,3,5,1,2010,1,7,78.3357
413,7,1,0,42.0,47.0,84.0,32.0,19.0,8.0,813.0,40.0,30.0,50.0,80.0,11,2011-01-03,3,5,1,2011,1,3,74.26077
413,7,1,0,22.0,34.0,56.0,23.0,17.0,6.0,868.0,30.0,20.0,40.0,60.0,11,2011-01-07,3,5,1,2011,1,7,64.98024
413,7,1,0,82.0,146.0,291.0,145.0,64.0,40.0,1292.0,100.0,130.0,150.0,280.0,7,2010-01-08,1,12,1,2010,1,8,291.91028
413,7,1,0,115.0,149.0,295.0,149.0,61.0,41.0,1245.0,100.0,140.0,150.0,290.0,7,2011-01-06,1,12,1,2011,1,6,296.0681
414,19,0,1,23.0,82.0,149.0,67.0,59.0,25.0,391.0,30.0,70.0,80.0,150.0,1,2010-01-09,0,0,1,2010,1,9,149.14934
414,19,0,1,23.0,72.0,129.0,58.0,51.0,22.0,338.0,20.0,60.0,70.0,130.0,1,2011-01-05,0,0,1,2011,1,5,134.20108
414,19,0,1,29.0,77.0,139.0,63.0,52.0,23.0,397.0,30.0,60.0,80.0,140.0,1,2011-01-08,0,0,1,2011,1,8,147.33134
414,19,0,1,22.0,70.0,134.0,56.0,55.0,21.0,385.0,50.0,40.0,80.0,120.0,1,2011-01-10,0,0,1,2011,1,10,140.73549
414,19,0,1,16.0,130.0,223.0,93.0,114.0,84.0,692.0,40.0,90.0,140.0,230.0,2,2010-01-09,0,4,1,2010,1,9,226.6384
414,19,0,1,27.0,134.0,245.0,96.0,116.0,87.0,683.0,60.0,90.0,140.0,230.0,2,2011-01-10,0,4,1,2011,1,10,217.64468
414,19,0,1,51.0,103.0,180.0,77.0,52.0,25.0,432.0,60.0,80.0,100.0,180.0,3,2010-01-01,0,7,0,2010,1,1,183.37848
414,19,0,1,50.0,103.0,180.0,77.0,53.0,25.0,423.0,60.0,80.0,100.0,180.0,3,2010-01-02,0,7,0,2010,1,2,183.83667
414,19,0,1,55.0,108.0,188.0,80.0,53.0,26.0,415.0,70.0,80.0,110.0,190.0,3,2010-01-03,0,7,0,2010,1,3,189.3018
414,19,0,1,58.0,112.0,195.0,83.0,54.0,27.0,433.0,80.0,80.0,120.0,200.0,3,2010-01-04,0,7,0,2010,1,4,191.76373
414,19,0,1,73.0,132.0,231.0,99.0,59.0,32.0,565.0,90.0,100.0,140.0,240.0,3,2010-01-08,0,7,0,2010,1,8,223.70631
414,19,0,1,79.0,103.0,201.0,77.0,55.0,25.0,432.0,60.0,80.0,100.0,180.0,3,2011-01-01,0,7,0,2011,1,1,201.88234
414,19,0,1,86.0,114.0,212.0,85.0,56.0,28.0,555.0,70.0,90.0,110.0,200.0,3,2011-01-09,0,7,0,2011,1,9,185.89326
414,19,0,1,85.0,112.0,208.0,83.0,55.0,27.0,575.0,70.0,80.0,110.0,190.0,3,2011-01-12,0,7,0,2011,1,12,185.16505
414,19,0,1,38.0,81.0,150.0,69.0,43.0,21.0,965.0,50.0,80.0,90.0,170.0,5,2010-01-01,1,2,1,2010,1,1,148.64964
414,19,0,1,42.0,84.0,154.0,70.0,42.0,21.0,957.0,60.0,80.0,100.0,180.0,5,2010-01-02,1,2,1,2010,1,2,148.4609
414,19,0,1,53.0,99.0,182.0,83.0,46.0,25.0,1063.0,80.0,90.0,120.0,210.0,5,2010-01-09,1,2,1,2010,1,9,161.61603
414,19,0,1,61.0,84.0,165.0,71.0,43.0,22.0,950.0,60.0,80.0,100.0,180.0,5,2011-01-03,1,2,1,2011,1,3,158.03062
414,19,0,1,47.0,62.0,109.0,48.0,26.0,15.0,593.0,50.0,50.0,70.0,120.0,6,2011-01-06,1,6,0,2011,1,6,112.8864
414,19,0,1,57.0,99.0,159.0,60.0,42.0,18.0,329.0,80.0,40.0,80.0,120.0,8,2010-01-10,2,3,0,2010,1,10,146.30396
414,19,0,1,68.0,84.0,142.0,49.0,38.0,15.0,342.0,50.0,40.0,70.0,110.0,8,2011-01-04,2,3,0,2011,1,4,155.26895
414,19,0,1,55.0,78.0,124.0,47.0,35.0,14.0,371.0,50.0,40.0,70.0,110.0,8,2011-01-06,2,3,0,2011,1,6,141.23068
414,19,0,1,57.0,79.0,125.0,47.0,35.0,14.0,366.0,50.0,40.0,70.0,110.0,8,2011-01-08,2,3,0,2011,1,8,132.01723
414,19,0,1,74.0,75.0,134.0,51.0,25.0,14.0,857.0,60.0,40.0,70.0,110.0,9,2011-01-09,2,10,0,2011,1,9,127.71655
414,19,0,1,38.0,77.0,129.0,52.0,39.0,16.0,376.0,40.0,40.0,70.0,110.0,11,2010-01-03,3,5,1,2010,1,3,137.30765
414,19,0,1,3.0,90.0,155.0,65.0,87.0,58.0,513.0,10.0,50.0,80.0,130.0,12,2010-01-02,3,8,1,2010,1,2,155.42143
414,19,0,1,1.0,87.0,150.0,63.0,86.0,57.0,521.0,10.0,50.0,80.0,130.0,12,2010-01-04,3,8,1,2010,1,4,142.05162
414,19,0,1,-3.0,75.0,127.0,53.0,72.0,48.0,597.0,10.0,40.0,70.0,110.0,12,2011-01-06,3,8,1,2011,1,6,139.6827
415,0,3,0,245.0,387.0,645.0,258.0,142.0,90.0,2067.0,360.0,320.0,480.0,800.0,2,2010-01-02,0,4,1,2010,1,2,649.02576
415,0,3,0,-142.0,-31.0,169.0,200.0,111.0,66.0,2393.0,-140.0,250.0,-40.0,210.0,3,2010-01-06,0,7,0,2010,1,6,191.43486
415,0,3,0,54.0,108.0,180.0,72.0,54.0,23.0,541.0,50.0,40.0,80.0,120.0,13,2010-01-03,3,9,1,2010,1,3,170.47993
415,0,3,0,48.0,102.0,170.0,68.0,54.0,22.0,559.0,40.0,40.0,70.0,110.0,13,2010-01-04,3,9,1,2010,1,4,169.82254
415,0,3,0,30.0,79.0,131.0,52.0,49.0,17.0,668.0,20.0,30.0,50.0,80.0,13,2010-01-07,3,9,1,2010,1,7,153.64937
415,0,3,0,39.0,173.0,318.0,125.0,147.0,113.0,729.0,30.0,120.0,160.0,280.0,5,2011-01-04,1,2,1,2011,1,4,330.38083
415,0,3,0,326.0,335.0,626.0,252.0,115.0,83.0,1316.0,220.0,240.0,320.0,560.0,6,2011-01-04,1,6,0,2011,1,4,576.1066
415,0,3,0,334.0,341.0,637.0,257.0,116.0,84.0,1662.0,240.0,230.0,320.0,550.0,6,2011-01-10,1,6,0,2011,1,10,568.3908
415,0,3,0,157.0,145.0,261.0,100.0,39.0,28.0,822.0,110.0,80.0,130.0,210.0,8,2011-01-04,2,3,0,2011,1,4,255.5573
415,0,3,0,188.0,284.0,525.0,241.0,96.0,74.0,1321.0,170.0,220.0,260.0,480.0,9,2010-01-12,2,10,0,2010,1,12,514.81573
415,0,3,0,240.0,247.0,486.0,209.0,85.0,64.0,969.0,170.0,170.0,230.0,400.0,9,2011-01-04,2,10,0,2011,1,4,495.5374
415,0,3,0,265.0,288.0,527.0,244.0,89.0,75.0,1213.0,190.0,200.0,260.0,460.0,9,2011-01-06,2,10,0,2011,1,6,529.40875
415,0,3,0,91.0,126.0,213.0,87.0,35.0,24.0,756.0,80.0,50.0,90.0,140.0,11,2010-01-03,3,5,1,2010,1,3,234.89673
415,0,3,0,98.0,136.0,230.0,94.0,38.0,26.0,562.0,80.0,60.0,90.0,150.0,12,2010-01-06,3,8,1,2010,1,6,224.45786
415,0,3,0,165.0,261.0,521.0,260.0,96.0,72.0,1559.0,180.0,240.0,260.0,500.0,4,2010-01-05,1,1,1,2010,1,5,496.5992
415,0,3,0,220.0,239.0,509.0,239.0,91.0,66.0,1464.0,150.0,220.0,230.0,450.0,4,2011-01-04,1,1,1,2011,1,4,505.6192
417,8,0,1,27.0,88.0,160.0,72.0,61.0,27.0,606.0,40.0,70.0,90.0,160.0,2,2010-01-08,0,4,1,2010,1,8,168.8247
417,8,0,1,33.0,60.0,109.0,50.0,33.0,15.0,1064.0,30.0,50.0,60.0,110.0,3,2011-01-08,0,7,0,2011,1,8,131.66338
417,8,0,1,56.0,81.0,160.0,69.0,43.0,21.0,1060.0,40.0,60.0,80.0,140.0,3,2011-01-11,0,7,0,2011,1,11,118.12878
417,8,0,1,-4.0,42.0,76.0,34.0,46.0,12.0,197.0,0.0,20.0,40.0,60.0,13,2010-01-01,3,9,1,2010,1,1,74.73381
417,8,0,1,1.0,48.0,86.0,38.0,47.0,14.0,248.0,0.0,30.0,40.0,70.0,13,2010-01-08,3,9,1,2010,1,8,81.1563
417,8,0,1,0.0,46.0,81.0,36.0,43.0,13.0,252.0,0.0,30.0,40.0,70.0,13,2011-01-07,3,9,1,2011,1,7,76.77589
417,8,0,1,28.0,48.0,80.0,32.0,20.0,8.0,841.0,50.0,30.0,60.0,90.0,6,2010-01-08,1,6,0,2010,1,8,85.48147
417,8,0,1,27.0,47.0,79.0,32.0,20.0,8.0,837.0,50.0,30.0,60.0,90.0,6,2010-01-09,1,6,0,2010,1,9,76.06963
417,8,0,1,42.0,47.0,84.0,32.0,19.0,8.0,833.0,80.0,30.0,80.0,110.0,6,2011-01-10,1,6,0,2011,1,10,62.46741
417,8,0,1,-8.0,61.0,104.0,43.0,69.0,39.0,282.0,10.0,30.0,60.0,90.0,8,2010-01-05,2,3,0,2010,1,5,103.570816
417,8,0,1,-5.0,69.0,118.0,49.0,74.0,44.0,335.0,0.0,40.0,60.0,100.0,8,2010-01-12,2,3,0,2010,1,12,111.764595
417,8,0,1,-9.0,63.0,114.0,44.0,69.0,40.0,251.0,10.0,30.0,60.0,90.0,8,2011-01-03,2,3,0,2011,1,3,107.39996
417,8,0,1,-9.0,63.0,114.0,44.0,69.0,40.0,261.0,10.0,30.0,60.0,90.0,8,2011-01-04,2,3,0,2011,1,4,108.533424
417,8,0,1,-32.0,18.0,102.0,84.0,50.0,26.0,625.0,-20.0,70.0,10.0,80.0,9,2010-01-02,2,10,0,2010,1,2,106.06632
417,8,0,1,-12.0,49.0,169.0,120.0,61.0,37.0,1334.0,0.0,100.0,40.0,140.0,9,2010-01-07,2,10,0,2010,1,7,128.5248
417,8,0,1,-39.0,23.0,116.0,86.0,49.0,26.0,1698.0,10.0,60.0,20.0,80.0,9,2011-01-10,2,10,0,2011,1,10,114.1675
417,8,0,1,24.0,68.0,171.0,92.0,52.0,28.0,1898.0,20.0,80.0,60.0,140.0,9,2011-01-12,2,10,0,2011,1,12,126.13665
417,8,0,1,11.0,49.0,85.0,36.0,38.0,11.0,187.0,10.0,30.0,40.0,70.0,11,2010-01-03,3,5,1,2010,1,3,87.41595
417,8,0,1,9.0,47.0,82.0,35.0,38.0,11.0,248.0,10.0,20.0,40.0,60.0,11,2010-01-11,3,5,1,2010,1,11,83.32209
417,8,0,1,13.0,47.0,87.0,35.0,38.0,11.0,191.0,10.0,30.0,40.0,70.0,11,2011-01-02,3,5,1,2011,1,2,93.13851
417,8,0,1,16.0,51.0,94.0,37.0,40.0,12.0,195.0,10.0,30.0,40.0,70.0,11,2011-01-04,3,5,1,2011,1,4,94.86402
417,8,0,1,19.0,53.0,91.0,39.0,36.0,12.0,212.0,20.0,30.0,50.0,80.0,11,2011-01-05,3,5,1,2011,1,5,84.80944
417,8,0,1,-3.0,42.0,75.0,33.0,45.0,12.0,162.0,0.0,20.0,40.0,60.0,12,2010-01-03,3,8,1,2010,1,3,74.4429
417,8,0,1,-11.0,31.0,56.0,25.0,42.0,9.0,209.0,0.0,10.0,20.0,30.0,12,2010-01-10,3,8,1,2010,1,10,77.89266
417,8,0,1,-13.0,36.0,69.0,29.0,45.0,11.0,169.0,-10.0,20.0,30.0,50.0,12,2011-01-04,3,8,1,2011,1,4,85.58751
417,8,0,1,-6.0,42.0,75.0,34.0,43.0,12.0,182.0,0.0,20.0,40.0,60.0,12,2011-01-05,3,8,1,2011,1,5,75.53293
419,13,0,0,26.0,62.0,107.0,46.0,40.0,15.0,415.0,40.0,40.0,70.0,110.0,1,2011-01-08,0,0,1,2011,1,8,110.32359
419,13,0,0,29.0,64.0,107.0,43.0,35.0,13.0,424.0,40.0,40.0,70.0,110.0,2,2010-01-09,0,4,1,2010,1,9,117.00527
419,13,0,0,-6.0,65.0,112.0,47.0,71.0,42.0,521.0,10.0,40.0,70.0,110.0,3,2010-01-12,0,7,0,2010,1,12,109.04403
419,13,0,0,83.0,149.0,298.0,149.0,66.0,41.0,1245.0,120.0,170.0,180.0,350.0,5,2010-01-06,1,2,1,2010,1,6,289.8333
419,13,0,0,13.0,67.0,121.0,54.0,54.0,20.0,337.0,30.0,60.0,80.0,140.0,6,2010-01-04,1,6,0,2010,1,4,118.94396
419,13,0,0,12.0,64.0,115.0,51.0,52.0,19.0,396.0,30.0,50.0,80.0,130.0,6,2010-01-06,1,6,0,2010,1,6,116.32014
419,13,0,0,16.0,69.0,124.0,55.0,53.0,20.0,410.0,40.0,70.0,80.0,150.0,6,2010-01-11,1,6,0,2010,1,11,111.91527
419,13,0,0,19.0,67.0,129.0,54.0,54.0,20.0,337.0,30.0,60.0,80.0,140.0,6,2011-01-04,1,6,0,2011,1,4,130.68266
419,13,0,0,9.0,57.0,109.0,45.0,51.0,17.0,409.0,30.0,50.0,70.0,120.0,6,2011-01-09,1,6,0,2011,1,9,112.22151
419,13,0,0,18.0,66.0,128.0,54.0,54.0,20.0,404.0,70.0,70.0,100.0,170.0,6,2011-01-10,1,6,0,2011,1,10,110.34248
419,13,0,0,9.0,57.0,110.0,46.0,51.0,17.0,422.0,40.0,50.0,80.0,130.0,6,2011-01-12,1,6,0,2011,1,12,112.97162
419,13,0,0,12.0,29.0,49.0,20.0,17.0,5.0,464.0,30.0,10.0,30.0,40.0,8,2010-01-05,2,3,0,2010,1,5,68.2412
419,13,0,0,25.0,34.0,60.0,22.0,17.0,6.0,452.0,30.0,10.0,30.0,40.0,8,2011-01-02,2,3,0,2011,1,2,68.27594
419,13,0,0,23.0,43.0,72.0,29.0,20.0,8.0,862.0,40.0,20.0,40.0,60.0,9,2010-01-09,2,10,0,2010,1,9,85.94054
419,13,0,0,45.0,52.0,94.0,36.0,22.0,10.0,862.0,40.0,30.0,50.0,80.0,9,2011-01-11,2,10,0,2011,1,11,84.16624
419,13,0,0,96.0,123.0,218.0,82.0,58.0,27.0,788.0,60.0,50.0,90.0,140.0,11,2011-01-10,3,5,1,2011,1,10,231.95218
419,13,0,0,89.0,143.0,245.0,102.0,54.0,31.0,666.0,70.0,80.0,120.0,200.0,12,2010-01-11,3,8,1,2010,1,11,243.30052
419,13,0,0,110.0,125.0,228.0,89.0,51.0,27.0,481.0,70.0,70.0,110.0,180.0,12,2011-01-03,3,8,1,2011,1,3,241.95154
419,13,0,0,177.0,195.0,333.0,141.0,62.0,43.0,692.0,110.0,120.0,170.0,290.0,12,2011-01-07,3,8,1,2011,1,7,286.66727
419,13,0,0,142.0,161.0,275.0,116.0,54.0,35.0,678.0,100.0,90.0,150.0,240.0,12,2011-01-08,3,8,1,2011,1,8,286.54034
419,13,0,0,113.0,127.0,232.0,91.0,51.0,28.0,656.0,80.0,50.0,100.0,150.0,12,2011-01-10,3,8,1,2011,1,10,261.2425
425,18,3,1,66.0,114.0,193.0,79.0,48.0,25.0,425.0,110.0,90.0,150.0,240.0,2,2010-01-06,0,4,1,2010,1,6,198.74704
425,18,3,1,75.0,125.0,211.0,86.0,50.0,27.0,463.0,120.0,100.0,160.0,260.0,2,2010-01-07,0,4,1,2010,1,7,208.69301
425,18,3,1,50.0,93.0,156.0,63.0,43.0,20.0,446.0,70.0,70.0,110.0,180.0,2,2010-01-11,0,4,1,2010,1,11,171.99591
425,18,3,1,105.0,125.0,209.0,86.0,46.0,27.0,454.0,120.0,100.0,160.0,260.0,2,2011-01-08,0,4,1,2011,1,8,202.12038
425,18,3,1,83.0,99.0,178.0,68.0,43.0,21.0,445.0,80.0,80.0,120.0,200.0,2,2011-01-09,0,4,1,2011,1,9,183.05043
425,18,3,1,17.0,134.0,230.0,96.0,117.0,87.0,683.0,100.0,140.0,190.0,330.0,3,2010-01-10,0,7,0,2010,1,10,223.6688
425,18,3,1,2.0,90.0,154.0,64.0,88.0,58.0,551.0,10.0,40.0,60.0,100.0,13,2010-01-05,3,9,1,2010,1,5,148.44366
425,18,3,1,2.0,87.0,149.0,62.0,85.0,56.0,612.0,10.0,40.0,60.0,100.0,13,2010-01-09,3,9,1,2010,1,9,134.62912
425,18,3,1,12.0,105.0,201.0,75.0,102.0,68.0,522.0,20.0,40.0,80.0,120.0,13,2011-01-01,3,9,1,2011,1,1,187.87415
425,18,3,1,4.0,90.0,165.0,65.0,87.0,58.0,513.0,10.0,40.0,60.0,100.0,13,2011-01-02,3,9,1,2011,1,2,166.19766
425,18,3,1,18.0,74.0,133.0,59.0,56.0,22.0,377.0,20.0,50.0,70.0,120.0,5,2010-01-06,1,2,1,2010,1,6,131.29478
425,18,3,1,20.0,77.0,140.0,63.0,57.0,23.0,397.0,20.0,60.0,70.0,130.0,5,2010-01-08,1,2,1,2010,1,8,147.68793
425,18,3,1,13.0,67.0,121.0,54.0,54.0,20.0,391.0,20.0,50.0,60.0,110.0,5,2010-01-11,1,2,1,2010,1,11,138.99927
425,18,3,1,24.0,70.0,134.0,56.0,54.0,21.0,385.0,50.0,40.0,70.0,110.0,5,2011-01-10,1,2,1,2011,1,10,129.8393
425,18,3,1,40.0,84.0,155.0,71.0,44.0,22.0,950.0,50.0,60.0,80.0,140.0,6,2010-01-03,1,6,0,2010,1,3,147.32716
425,18,3,1,61.0,81.0,168.0,69.0,44.0,21.0,965.0,60.0,60.0,80.0,140.0,6,2011-01-01,1,6,0,2011,1,1,164.10855
425,18,3,1,61.0,84.0,164.0,70.0,43.0,21.0,957.0,60.0,60.0,80.0,140.0,6,2011-01-02,1,6,0,2011,1,2,159.26053
425,18,3,1,68.0,96.0,175.0,81.0,44.0,25.0,1046.0,60.0,70.0,90.0,160.0,6,2011-01-06,1,6,0,2011,1,6,153.08842
425,18,3,1,98.0,123.0,224.0,103.0,48.0,31.0,1073.0,90.0,90.0,120.0,210.0,6,2011-01-08,1,6,0,2011,1,8,140.92996
425,18,3,1,67.0,89.0,175.0,75.0,44.0,23.0,1063.0,40.0,70.0,80.0,150.0,6,2011-01-11,1,6,0,2011,1,11,135.008
425,18,3,1,75.0,135.0,225.0,90.0,60.0,29.0,1148.0,80.0,70.0,120.0,190.0,8,2010-01-07,2,3,0,2010,1,7,231.57921
425,18,3,1,104.0,135.0,223.0,90.0,56.0,29.0,1148.0,80.0,70.0,120.0,190.0,8,2011-01-07,2,3,0,2011,1,7,229.18402
425,18,3,1,47.0,71.0,119.0,48.0,24.0,13.0,829.0,60.0,30.0,60.0,90.0,9,2010-01-10,2,10,0,2010,1,10,120.27067
425,18,3,1,46.0,71.0,120.0,49.0,25.0,13.0,845.0,50.0,40.0,70.0,110.0,9,2010-01-12,2,10,0,2010,1,12,121.983734
425,18,3,1,51.0,59.0,98.0,40.0,20.0,11.0,843.0,50.0,30.0,50.0,80.0,9,2011-01-07,2,10,0,2011,1,7,113.28947
425,18,3,1,70.0,71.0,127.0,48.0,24.0,13.0,834.0,50.0,40.0,60.0,100.0,9,2011-01-09,2,10,0,2011,1,9,119.70134
425,18,3,1,68.0,71.0,128.0,49.0,25.0,13.0,845.0,50.0,40.0,70.0,110.0,9,2011-01-12,2,10,0,2011,1,12,122.28562
425,18,3,1,54.0,94.0,151.0,57.0,40.0,17.0,349.0,40.0,30.0,70.0,100.0,11,2010-01-09,3,5,1,2010,1,9,140.02496
425,18,3,1,49.0,88.0,141.0,53.0,39.0,16.0,321.0,50.0,30.0,70.0,100.0,11,2010-01-11,3,5,1,2010,1,11,132.89374
425,18,3,1,92.0,105.0,178.0,62.0,43.0,19.0,346.0,40.0,40.0,70.0,110.0,11,2011-01-03,3,5,1,2011,1,3,153.66763
425,18,3,1,61.0,82.0,129.0,48.0,35.0,14.0,351.0,30.0,30.0,50.0,80.0,11,2011-01-05,3,5,1,2011,1,5,129.15627
425,18,3,1,58.0,79.0,125.0,47.0,34.0,14.0,366.0,30.0,30.0,50.0,80.0,11,2011-01-08,3,5,1,2011,1,8,116.542786
425,18,3,1,85.0,99.0,169.0,60.0,42.0,18.0,329.0,40.0,20.0,50.0,70.0,11,2011-01-10,3,5,1,2011,1,10,117.41932
425,18,3,1,61.0,81.0,146.0,56.0,40.0,17.0,382.0,40.0,30.0,60.0,90.0,12,2011-01-02,3,8,1,2011,1,2,143.82298
425,18,3,1,37.0,65.0,109.0,45.0,35.0,14.0,410.0,30.0,20.0,50.0,70.0,12,2011-01-05,3,8,1,2011,1,5,117.61632
425,18,3,1,35.0,62.0,110.0,48.0,27.0,15.0,623.0,40.0,40.0,60.0,100.0,4,2010-01-01,1,1,1,2010,1,1,109.3992
425,18,3,1,52.0,63.0,119.0,49.0,28.0,16.0,611.0,40.0,40.0,60.0,100.0,4,2011-01-03,1,1,1,2011,1,3,117.93348
425,18,3,1,47.0,58.0,110.0,45.0,26.0,14.0,605.0,30.0,40.0,50.0,90.0,4,2011-01-04,1,1,1,2011,1,4,112.60361
425,18,3,1,23.0,39.0,68.0,30.0,20.0,9.0,581.0,30.0,20.0,40.0,60.0,4,2011-01-08,1,1,1,2011,1,8,78.606186
425,18,3,1,16.0,30.0,55.0,22.0,19.0,7.0,570.0,20.0,20.0,30.0,50.0,4,2011-01-11,1,1,1,2011,1,11,74.35618
430,16,2,0,183.0,277.0,512.0,235.0,94.0,72.0,1060.0,270.0,290.0,350.0,640.0,2,2010-01-05,0,4,1,2010,1,5,510.8374
430,16,2,0,206.0,307.0,567.0,260.0,101.0,80.0,1319.0,290.0,320.0,380.0,700.0,2,2010-01-07,0,4,1,2010,1,7,539.2523
430,16,2,0,243.0,252.0,496.0,213.0,88.0,66.0,942.0,240.0,260.0,320.0,580.0,2,2011-01-02,0,4,1,2011,1,2,505.86087
430,16,2,0,101.0,107.0,202.0,83.0,39.0,27.0,613.0,100.0,100.0,130.0,230.0,3,2011-01-02,0,7,0,2011,1,2,190.53636
430,16,2,0,94.0,107.0,188.0,83.0,36.0,27.0,574.0,100.0,100.0,130.0,230.0,3,2011-01-06,0,7,0,2011,1,6,189.57904
430,16,2,0,88.0,124.0,210.0,86.0,36.0,24.0,499.0,90.0,70.0,110.0,180.0,6,2010-01-05,1,6,0,2010,1,5,211.44017
430,16,2,0,77.0,79.0,142.0,54.0,27.0,15.0,601.0,40.0,40.0,60.0,100.0,6,2011-01-12,1,6,0,2011,1,12,187.58754
430,16,2,0,19.0,62.0,108.0,46.0,43.0,15.0,415.0,30.0,40.0,60.0,100.0,8,2010-01-08,2,3,0,2010,1,8,117.19269
430,16,2,0,42.0,64.0,114.0,43.0,36.0,13.0,419.0,50.0,30.0,60.0,90.0,9,2011-01-10,2,10,0,2011,1,10,121.229126
430,16,2,0,36.0,60.0,108.0,41.0,36.0,13.0,435.0,30.0,30.0,60.0,90.0,9,2011-01-12,2,10,0,2011,1,12,122.02126
430,16,2,0,30.0,79.0,131.0,52.0,49.0,17.0,-587.0,40.0,40.0,70.0,110.0,4,2010-01-08,1,1,1,2010,1,8,150.5787
432,16,2,0,275.0,281.0,554.0,239.0,96.0,74.0,1246.0,340.0,350.0,420.0,770.0,2,2011-01-10,0,4,1,2011,1,10,520.5152
432,16,2,0,258.0,265.0,522.0,225.0,91.0,69.0,1272.0,230.0,260.0,320.0,580.0,2,2011-01-11,0,4,1,2011,1,11,509.3147
432,16,2,0,68.0,107.0,190.0,83.0,39.0,27.0,613.0,100.0,100.0,130.0,230.0,3,2010-01-02,0,7,0,2010,1,2,177.26172
432,16,2,0,166.0,163.0,274.0,113.0,40.0,31.0,897.0,120.0,90.0,140.0,230.0,5,2011-01-06,1,2,1,2011,1,6,253.20258
432,16,2,0,116.0,111.0,199.0,76.0,33.0,21.0,580.0,80.0,40.0,80.0,120.0,6,2011-01-10,1,6,0,2011,1,10,191.99136
432,16,2,0,38.0,76.0,128.0,52.0,38.0,16.0,357.0,50.0,40.0,80.0,120.0,9,2010-01-02,2,10,0,2010,1,2,118.64872
435,17,3,1,46.0,90.0,165.0,75.0,44.0,23.0,956.0,70.0,90.0,110.0,200.0,1,2010-01-02,0,0,1,2010,1,2,168.68344
435,17,3,1,45.0,89.0,163.0,74.0,44.0,22.0,949.0,70.0,90.0,110.0,200.0,1,2010-01-03,0,0,1,2010,1,3,167.68289
435,17,3,1,47.0,91.0,167.0,76.0,44.0,23.0,965.0,70.0,90.0,110.0,200.0,1,2010-01-04,0,0,1,2010,1,4,165.0205
435,17,3,1,38.0,80.0,148.0,68.0,42.0,21.0,998.0,60.0,80.0,100.0,180.0,1,2010-01-05,0,0,1,2010,1,5,144.40128
435,17,3,1,36.0,77.0,142.0,65.0,41.0,20.0,1042.0,60.0,80.0,90.0,170.0,1,2010-01-06,0,0,1,2010,1,6,136.0611
435,17,3,1,32.0,72.0,132.0,60.0,40.0,18.0,1070.0,60.0,70.0,90.0,160.0,1,2010-01-07,0,0,1,2010,1,7,125.46784
435,17,3,1,36.0,77.0,142.0,65.0,41.0,20.0,1053.0,90.0,90.0,110.0,200.0,1,2010-01-10,0,0,1,2010,1,10,137.67525
435,17,3,1,36.0,76.0,139.0,63.0,40.0,19.0,1075.0,50.0,70.0,90.0,160.0,1,2010-01-12,0,0,1,2010,1,12,135.31467
435,17,3,1,67.0,89.0,174.0,74.0,44.0,22.0,949.0,70.0,90.0,110.0,200.0,1,2011-01-03,0,0,1,2011,1,3,173.9764
435,17,3,1,52.0,80.0,147.0,68.0,39.0,21.0,998.0,60.0,80.0,100.0,180.0,1,2011-01-05,0,0,1,2011,1,5,148.71202
435,17,3,1,50.0,77.0,141.0,65.0,38.0,20.0,1042.0,60.0,80.0,90.0,170.0,1,2011-01-06,0,0,1,2011,1,6,136.81912
435,17,3,1,33.0,60.0,109.0,50.0,33.0,15.0,1064.0,40.0,60.0,70.0,130.0,1,2011-01-08,0,0,1,2011,1,8,112.24279
435,17,3,1,49.0,74.0,145.0,62.0,41.0,19.0,1059.0,70.0,70.0,100.0,170.0,1,2011-01-09,0,0,1,2011,1,9,130.10585
435,17,3,1,53.0,77.0,151.0,65.0,41.0,20.0,1053.0,90.0,90.0,110.0,200.0,1,2011-01-10,0,0,1,2011,1,10,132.9646
435,17,3,1,58.0,81.0,160.0,69.0,42.0,21.0,1060.0,50.0,80.0,90.0,170.0,1,2011-01-11,0,0,1,2011,1,11,128.80981
435,17,3,1,53.0,76.0,148.0,63.0,40.0,19.0,1075.0,50.0,70.0,90.0,160.0,1,2011-01-12,0,0,1,2011,1,12,130.60402
435,17,3,1,30.0,75.0,130.0,55.0,45.0,18.0,312.0,70.0,60.0,100.0,160.0,2,2010-01-01,0,4,1,2010,1,1,123.111244
435,17,3,1,30.0,75.0,130.0,55.0,45.0,18.0,305.0,70.0,60.0,100.0,160.0,2,2010-01-02,0,4,1,2010,1,2,122.73431
435,17,3,1,25.0,68.0,119.0,51.0,43.0,16.0,311.0,50.0,60.0,80.0,140.0,2,2010-01-04,0,4,1,2010,1,4,116.94923
435,17,3,1,22.0,65.0,113.0,48.0,43.0,15.0,334.0,50.0,60.0,80.0,140.0,2,2010-01-05,0,4,1,2010,1,5,110.96867
435,17,3,1,15.0,56.0,98.0,42.0,41.0,13.0,384.0,40.0,50.0,70.0,120.0,2,2010-01-08,0,4,1,2010,1,8,118.33074
435,17,3,1,22.0,65.0,113.0,48.0,43.0,15.0,380.0,50.0,60.0,80.0,140.0,2,2010-01-09,0,4,1,2010,1,9,111.196335
435,17,3,1,22.0,64.0,111.0,47.0,42.0,15.0,375.0,80.0,50.0,100.0,150.0,2,2010-01-10,0,4,1,2010,1,10,110.18427
435,17,3,1,27.0,71.0,124.0,53.0,44.0,17.0,380.0,50.0,60.0,80.0,140.0,2,2010-01-11,0,4,1,2010,1,11,110.60339
435,17,3,1,47.0,75.0,145.0,55.0,47.0,18.0,312.0,70.0,60.0,100.0,160.0,2,2011-01-01,0,4,1,2011,1,1,135.99367
435,17,3,1,45.0,75.0,139.0,55.0,45.0,18.0,305.0,70.0,60.0,100.0,160.0,2,2011-01-02,0,4,1,2011,1,2,130.1644
435,17,3,1,37.0,68.0,127.0,51.0,43.0,16.0,311.0,50.0,60.0,80.0,140.0,2,2011-01-04,0,4,1,2011,1,4,126.23952
435,17,3,1,30.0,65.0,112.0,48.0,40.0,15.0,334.0,50.0,60.0,80.0,140.0,2,2011-01-05,0,4,1,2011,1,5,116.542015
435,17,3,1,26.0,62.0,107.0,46.0,40.0,15.0,367.0,50.0,50.0,80.0,130.0,2,2011-01-06,0,4,1,2011,1,6,111.410225
435,17,3,1,22.0,57.0,99.0,43.0,38.0,14.0,388.0,40.0,50.0,70.0,120.0,2,2011-01-07,0,4,1,2011,1,7,116.420784
435,17,3,1,21.0,56.0,97.0,42.0,38.0,13.0,384.0,40.0,50.0,70.0,120.0,2,2011-01-08,0,4,1,2011,1,8,113.15977
435,17,3,1,33.0,64.0,118.0,47.0,42.0,15.0,375.0,80.0,50.0,100.0,150.0,2,2011-01-10,0,4,1,2011,1,10,106.71871
435,17,3,1,40.0,71.0,132.0,53.0,44.0,17.0,380.0,50.0,60.0,80.0,140.0,2,2011-01-11,0,4,1,2011,1,11,107.13783
435,17,3,1,31.0,65.0,121.0,49.0,44.0,16.0,392.0,50.0,50.0,80.0,130.0,2,2011-01-12,0,4,1,2011,1,12,109.64837
435,17,3,1,41.0,107.0,193.0,86.0,66.0,32.0,484.0,80.0,100.0,140.0,240.0,3,2010-01-02,0,7,0,2010,1,2,176.53522
435,17,3,1,38.0,104.0,189.0,85.0,66.0,32.0,476.0,70.0,100.0,130.0,230.0,3,2010-01-03,0,7,0,2010,1,3,177.75462
435,17,3,1,34.0,98.0,178.0,80.0,64.0,30.0,494.0,70.0,100.0,120.0,220.0,3,2010-01-04,0,7,0,2010,1,4,177.17259
435,17,3,1,34.0,96.0,173.0,77.0,62.0,29.0,529.0,70.0,90.0,120.0,210.0,3,2010-01-05,0,7,0,2010,1,5,161.58823
435,17,3,1,32.0,93.0,169.0,76.0,61.0,28.0,580.0,70.0,90.0,120.0,210.0,3,2010-01-06,0,7,0,2010,1,6,161.95477
435,17,3,1,31.0,93.0,169.0,76.0,62.0,28.0,613.0,70.0,90.0,120.0,210.0,3,2010-01-07,0,7,0,2010,1,7,167.39291
435,17,3,1,27.0,88.0,160.0,72.0,61.0,27.0,606.0,60.0,90.0,110.0,200.0,3,2010-01-08,0,7,0,2010,1,8,166.40146
435,17,3,1,34.0,98.0,177.0,79.0,64.0,30.0,593.0,120.0,100.0,160.0,260.0,3,2010-01-10,0,7,0,2010,1,10,160.92207
435,17,3,1,26.0,85.0,153.0,68.0,59.0,25.0,619.0,50.0,80.0,100.0,180.0,3,2010-01-12,0,7,0,2010,1,12,156.05505
435,17,3,1,61.0,107.0,206.0,86.0,66.0,32.0,484.0,80.0,100.0,140.0,240.0,3,2011-01-02,0,7,0,2011,1,2,187.63495
435,17,3,1,56.0,104.0,201.0,85.0,66.0,32.0,476.0,70.0,100.0,130.0,230.0,3,2011-01-03,0,7,0,2011,1,3,187.63495
435,17,3,1,47.0,96.0,171.0,77.0,58.0,29.0,529.0,70.0,90.0,120.0,210.0,3,2011-01-05,0,7,0,2011,1,5,167.59117
435,17,3,1,44.0,93.0,167.0,76.0,57.0,28.0,580.0,70.0,90.0,120.0,210.0,3,2011-01-06,0,7,0,2011,1,6,165.17192
435,17,3,1,43.0,93.0,167.0,76.0,58.0,28.0,613.0,70.0,90.0,120.0,210.0,3,2011-01-07,0,7,0,2011,1,7,169.23933
435,17,3,1,36.0,83.0,160.0,67.0,59.0,25.0,599.0,50.0,80.0,100.0,180.0,3,2011-01-09,0,7,0,2011,1,9,147.29692
435,17,3,1,50.0,98.0,189.0,79.0,64.0,30.0,593.0,120.0,100.0,160.0,260.0,3,2011-01-10,0,7,0,2011,1,10,149.42047
435,17,3,1,56.0,102.0,196.0,82.0,64.0,31.0,601.0,60.0,90.0,120.0,210.0,3,2011-01-11,0,7,0,2011,1,11,144.10497
435,17,3,1,-9.0,36.0,65.0,29.0,45.0,11.0,169.0,10.0,10.0,30.0,40.0,13,2010-01-01,3,9,1,2010,1,1,65.64178
435,17,3,1,-6.0,38.0,68.0,30.0,44.0,11.0,165.0,10.0,10.0,30.0,40.0,13,2010-01-02,3,9,1,2010,1,2,66.37656
435,17,3,1,-4.0,42.0,75.0,33.0,46.0,12.0,162.0,10.0,20.0,30.0,50.0,13,2010-01-03,3,9,1,2010,1,3,68.66906
435,17,3,1,-8.0,36.0,65.0,29.0,44.0,11.0,169.0,10.0,10.0,30.0,40.0,13,2010-01-04,3,9,1,2010,1,4,68.30739
435,17,3,1,-3.0,43.0,78.0,35.0,46.0,13.0,204.0,10.0,20.0,30.0,50.0,13,2010-01-06,3,9,1,2010,1,6,77.82946
435,17,3,1,1.0,49.0,89.0,40.0,48.0,15.0,219.0,20.0,20.0,40.0,60.0,13,2010-01-07,3,9,1,2010,1,7,87.33843
435,17,3,1,-9.0,36.0,65.0,29.0,45.0,11.0,215.0,10.0,10.0,30.0,40.0,13,2010-01-08,3,9,1,2010,1,8,73.24452
435,17,3,1,-13.0,30.0,54.0,24.0,43.0,9.0,212.0,0.0,10.0,20.0,30.0,13,2010-01-09,3,9,1,2010,1,9,64.76024
435,17,3,1,-12.0,31.0,56.0,25.0,43.0,9.0,209.0,10.0,0.0,20.0,20.0,13,2010-01-10,3,9,1,2010,1,10,61.18129
435,17,3,1,-15.0,25.0,45.0,20.0,40.0,7.0,218.0,0.0,10.0,20.0,30.0,13,2010-01-12,3,9,1,2010,1,12,66.00397
435,17,3,1,-14.0,36.0,73.0,29.0,47.0,11.0,169.0,10.0,10.0,30.0,40.0,13,2011-01-01,3,9,1,2011,1,1,77.748314
435,17,3,1,-9.0,38.0,72.0,30.0,44.0,11.0,165.0,10.0,10.0,30.0,40.0,13,2011-01-02,3,9,1,2011,1,2,72.27863
435,17,3,1,-6.0,42.0,80.0,33.0,46.0,12.0,162.0,10.0,20.0,30.0,50.0,13,2011-01-03,3,9,1,2011,1,3,74.1085
435,17,3,1,-4.0,43.0,77.0,35.0,43.0,13.0,204.0,10.0,20.0,30.0,50.0,13,2011-01-06,3,9,1,2011,1,6,74.38267
435,17,3,1,1.0,49.0,88.0,40.0,45.0,15.0,219.0,20.0,20.0,40.0,60.0,13,2011-01-07,3,9,1,2011,1,7,82.857994
435,17,3,1,-12.0,36.0,64.0,29.0,42.0,11.0,215.0,10.0,10.0,30.0,40.0,13,2011-01-08,3,9,1,2011,1,8,72.46769
435,17,3,1,-19.0,30.0,58.0,24.0,43.0,9.0,212.0,0.0,10.0,20.0,30.0,13,2011-01-09,3,9,1,2011,1,9,68.89721
435,17,3,1,-18.0,31.0,60.0,25.0,43.0,9.0,209.0,10.0,0.0,20.0,20.0,13,2011-01-10,3,9,1,2011,1,10,65.31829
435,17,3,1,-4.0,42.0,81.0,34.0,45.0,12.0,211.0,0.0,20.0,30.0,50.0,13,2011-01-11,3,9,1,2011,1,11,69.64986
435,17,3,1,-22.0,25.0,48.0,20.0,40.0,7.0,218.0,0.0,10.0,20.0,30.0,13,2011-01-12,3,9,1,2011,1,12,70.14094
435,17,3,1,34.0,63.0,112.0,49.0,29.0,16.0,623.0,40.0,40.0,60.0,100.0,5,2010-01-01,1,2,1,2010,1,1,117.074455
435,17,3,1,36.0,63.0,111.0,48.0,27.0,15.0,599.0,40.0,40.0,60.0,100.0,5,2010-01-05,1,2,1,2010,1,5,111.5529
435,17,3,1,35.0,63.0,111.0,48.0,28.0,15.0,593.0,40.0,40.0,60.0,100.0,5,2010-01-06,1,2,1,2010,1,6,116.70004
435,17,3,1,56.0,90.0,159.0,69.0,34.0,22.0,572.0,60.0,60.0,90.0,150.0,5,2010-01-09,1,2,1,2010,1,9,145.88525
435,17,3,1,85.0,130.0,231.0,101.0,45.0,33.0,552.0,90.0,90.0,130.0,220.0,5,2010-01-11,1,2,1,2010,1,11,174.12842
435,17,3,1,77.0,120.0,214.0,94.0,43.0,31.0,540.0,70.0,90.0,110.0,200.0,5,2010-01-12,1,2,1,2010,1,12,172.42867
435,17,3,1,53.0,63.0,125.0,49.0,30.0,16.0,623.0,40.0,40.0,60.0,100.0,5,2011-01-01,1,2,1,2011,1,1,130.74461
435,17,3,1,52.0,63.0,119.0,49.0,28.0,16.0,617.0,40.0,40.0,60.0,100.0,5,2011-01-02,1,2,1,2011,1,2,126.02297
435,17,3,1,55.0,67.0,127.0,52.0,30.0,17.0,605.0,50.0,40.0,70.0,110.0,5,2011-01-04,1,2,1,2011,1,4,124.27566
435,17,3,1,50.0,63.0,110.0,48.0,25.0,15.0,599.0,40.0,40.0,60.0,100.0,5,2011-01-05,1,2,1,2011,1,5,114.131805
435,17,3,1,44.0,60.0,105.0,46.0,26.0,15.0,587.0,40.0,40.0,60.0,100.0,5,2011-01-07,1,2,1,2011,1,7,121.32202
435,17,3,1,86.0,99.0,174.0,77.0,34.0,25.0,581.0,60.0,70.0,90.0,160.0,5,2011-01-08,1,2,1,2011,1,8,131.01392
435,17,3,1,129.0,133.0,251.0,103.0,46.0,33.0,564.0,110.0,80.0,130.0,210.0,5,2011-01-10,1,2,1,2011,1,10,151.95164
435,17,3,1,114.0,120.0,228.0,94.0,43.0,31.0,540.0,70.0,90.0,110.0,200.0,5,2011-01-12,1,2,1,2011,1,12,158.1678
435,17,3,1,47.0,73.0,123.0,50.0,26.0,14.0,821.0,50.0,40.0,70.0,110.0,6,2010-01-01,1,6,0,2010,1,1,127.36556
435,17,3,1,48.0,73.0,123.0,50.0,25.0,14.0,814.0,50.0,40.0,70.0,110.0,6,2010-01-02,1,6,0,2010,1,2,127.24764
435,17,3,1,47.0,72.0,121.0,49.0,25.0,13.0,809.0,50.0,40.0,70.0,110.0,6,2010-01-03,1,6,0,2010,1,3,128.46704
435,17,3,1,43.0,68.0,115.0,47.0,25.0,13.0,821.0,50.0,40.0,70.0,110.0,6,2010-01-04,1,6,0,2010,1,4,123.1555
435,17,3,1,42.0,65.0,109.0,44.0,23.0,12.0,844.0,40.0,40.0,60.0,100.0,6,2010-01-05,1,6,0,2010,1,5,118.7286
435,17,3,1,34.0,55.0,92.0,37.0,21.0,10.0,876.0,40.0,30.0,50.0,80.0,6,2010-01-06,1,6,0,2010,1,6,112.00116
435,17,3,1,28.0,49.0,83.0,34.0,21.0,9.0,890.0,30.0,30.0,40.0,70.0,6,2010-01-08,1,6,0,2010,1,8,113.09666
435,17,3,1,40.0,64.0,108.0,44.0,24.0,12.0,886.0,40.0,40.0,60.0,100.0,6,2010-01-09,1,6,0,2010,1,9,115.92975
435,17,3,1,37.0,59.0,99.0,40.0,22.0,11.0,881.0,60.0,20.0,60.0,80.0,6,2010-01-10,1,6,0,2010,1,10,118.45576
435,17,3,1,52.0,78.0,132.0,54.0,26.0,15.0,885.0,50.0,50.0,70.0,120.0,6,2010-01-11,1,6,0,2010,1,11,129.26512
435,17,3,1,47.0,73.0,123.0,50.0,26.0,14.0,898.0,50.0,40.0,70.0,110.0,6,2010-01-12,1,6,0,2010,1,12,127.089676
435,17,3,1,73.0,73.0,138.0,50.0,27.0,14.0,821.0,50.0,40.0,70.0,110.0,6,2011-01-01,1,6,0,2011,1,1,140.65398
435,17,3,1,71.0,73.0,131.0,50.0,25.0,14.0,814.0,50.0,40.0,70.0,110.0,6,2011-01-02,1,6,0,2011,1,2,135.87128
435,17,3,1,70.0,72.0,129.0,49.0,25.0,13.0,809.0,50.0,40.0,70.0,110.0,6,2011-01-03,1,6,0,2011,1,3,135.87128
435,17,3,1,64.0,68.0,123.0,47.0,25.0,13.0,821.0,50.0,40.0,70.0,110.0,6,2011-01-04,1,6,0,2011,1,4,131.64238
435,17,3,1,58.0,65.0,108.0,44.0,21.0,12.0,844.0,40.0,40.0,60.0,100.0,6,2011-01-05,1,6,0,2011,1,5,119.13445
435,17,3,1,47.0,55.0,91.0,37.0,20.0,10.0,876.0,40.0,30.0,50.0,80.0,6,2011-01-06,1,6,0,2011,1,6,113.00273
435,17,3,1,43.0,52.0,86.0,35.0,20.0,9.0,894.0,40.0,30.0,50.0,80.0,6,2011-01-07,1,6,0,2011,1,7,112.47818
435,17,3,1,39.0,49.0,82.0,34.0,20.0,9.0,890.0,30.0,30.0,40.0,70.0,6,2011-01-08,1,6,0,2011,1,8,98.45261
435,17,3,1,59.0,64.0,115.0,44.0,24.0,12.0,886.0,40.0,40.0,60.0,100.0,6,2011-01-09,1,6,0,2011,1,9,99.480125
435,17,3,1,55.0,59.0,106.0,40.0,22.0,11.0,881.0,60.0,20.0,60.0,80.0,6,2011-01-10,1,6,0,2011,1,10,102.00611
435,17,3,1,77.0,78.0,141.0,54.0,26.0,15.0,885.0,50.0,50.0,70.0,120.0,6,2011-01-11,1,6,0,2011,1,11,112.815414
435,17,3,1,70.0,73.0,131.0,50.0,26.0,14.0,898.0,50.0,40.0,70.0,110.0,6,2011-01-12,1,6,0,2011,1,12,110.63995
435,17,3,1,24.0,60.0,101.0,41.0,36.0,13.0,236.0,30.0,30.0,50.0,80.0,8,2010-01-02,2,3,0,2010,1,2,117.035515
435,17,3,1,28.0,64.0,107.0,43.0,36.0,13.0,231.0,40.0,30.0,60.0,90.0,8,2010-01-03,2,3,0,2010,1,3,119.566444
435,17,3,1,34.0,72.0,121.0,49.0,38.0,15.0,241.0,30.0,40.0,60.0,100.0,8,2010-01-04,2,3,0,2010,1,4,117.67169
435,17,3,1,34.0,74.0,125.0,51.0,40.0,16.0,265.0,40.0,40.0,70.0,110.0,8,2010-01-05,2,3,0,2010,1,5,121.39989
435,17,3,1,42.0,82.0,138.0,56.0,40.0,17.0,302.0,50.0,40.0,80.0,120.0,8,2010-01-06,2,3,0,2010,1,6,128.5907
435,17,3,1,48.0,90.0,151.0,61.0,42.0,19.0,329.0,60.0,50.0,80.0,130.0,8,2010-01-07,2,3,0,2010,1,7,130.29224
435,17,3,1,34.0,71.0,120.0,49.0,37.0,15.0,315.0,40.0,40.0,60.0,100.0,8,2010-01-09,2,3,0,2010,1,9,127.120026
435,17,3,1,36.0,75.0,127.0,52.0,39.0,16.0,327.0,40.0,40.0,70.0,110.0,8,2010-01-12,2,3,0,2010,1,12,141.48703
435,17,3,1,33.0,55.0,104.0,38.0,36.0,12.0,241.0,30.0,30.0,50.0,80.0,8,2011-01-01,2,3,0,2011,1,1,131.43298
435,17,3,1,36.0,60.0,108.0,41.0,36.0,13.0,236.0,30.0,30.0,50.0,80.0,8,2011-01-02,2,3,0,2011,1,2,126.47052
435,17,3,1,42.0,64.0,114.0,43.0,36.0,13.0,231.0,40.0,30.0,60.0,90.0,8,2011-01-03,2,3,0,2011,1,3,127.782074
435,17,3,1,47.0,74.0,124.0,51.0,37.0,16.0,265.0,40.0,40.0,70.0,110.0,8,2011-01-05,2,3,0,2011,1,5,120.46067
435,17,3,1,58.0,82.0,137.0,56.0,37.0,17.0,302.0,50.0,40.0,80.0,120.0,8,2011-01-06,2,3,0,2011,1,6,125.4672
435,17,3,1,66.0,90.0,150.0,61.0,39.0,19.0,329.0,60.0,50.0,80.0,130.0,8,2011-01-07,2,3,0,2011,1,7,125.33963
435,17,3,1,68.0,90.0,150.0,61.0,38.0,19.0,322.0,60.0,50.0,80.0,130.0,8,2011-01-08,2,3,0,2011,1,8,112.89744
435,17,3,1,45.0,67.0,120.0,46.0,37.0,14.0,316.0,30.0,40.0,60.0,100.0,8,2011-01-11,2,3,0,2011,1,11,126.3935
435,17,3,1,53.0,75.0,135.0,52.0,39.0,16.0,327.0,40.0,40.0,70.0,110.0,8,2011-01-12,2,3,0,2011,1,12,125.217804
435,17,3,1,25.0,72.0,120.0,48.0,47.0,15.0,372.0,30.0,40.0,60.0,100.0,9,2010-01-01,2,10,0,2010,1,1,111.367615
435,17,3,1,24.0,69.0,114.0,45.0,45.0,14.0,366.0,40.0,30.0,70.0,100.0,9,2010-01-02,2,10,0,2010,1,2,116.84534
435,17,3,1,26.0,72.0,119.0,47.0,46.0,15.0,361.0,30.0,40.0,60.0,100.0,9,2010-01-03,2,10,0,2010,1,3,119.36291
435,17,3,1,28.0,75.0,125.0,50.0,47.0,16.0,372.0,40.0,40.0,70.0,110.0,9,2010-01-04,2,10,0,2010,1,4,125.56824
435,17,3,1,32.0,80.0,132.0,52.0,48.0,17.0,397.0,40.0,40.0,70.0,110.0,9,2010-01-05,2,10,0,2010,1,5,128.96545
435,17,3,1,42.0,94.0,156.0,62.0,52.0,20.0,436.0,50.0,50.0,80.0,130.0,9,2010-01-06,2,10,0,2010,1,6,137.85027
435,17,3,1,44.0,96.0,160.0,64.0,52.0,21.0,467.0,60.0,50.0,90.0,140.0,9,2010-01-07,2,10,0,2010,1,7,142.6136
435,17,3,1,44.0,96.0,160.0,64.0,52.0,21.0,460.0,60.0,50.0,90.0,140.0,9,2010-01-08,2,10,0,2010,1,8,142.65213
435,17,3,1,34.0,84.0,139.0,55.0,50.0,18.0,453.0,50.0,40.0,80.0,120.0,9,2010-01-09,2,10,0,2010,1,9,133.0636
435,17,3,1,23.0,69.0,114.0,45.0,46.0,14.0,447.0,60.0,20.0,70.0,90.0,9,2010-01-10,2,10,0,2010,1,10,129.93706
435,17,3,1,20.0,66.0,109.0,43.0,46.0,14.0,452.0,30.0,40.0,60.0,100.0,9,2010-01-11,2,10,0,2010,1,11,129.63937
435,17,3,1,39.0,72.0,134.0,48.0,49.0,15.0,372.0,30.0,40.0,60.0,100.0,9,2011-01-01,2,10,0,2011,1,1,130.04453
435,17,3,1,36.0,69.0,121.0,45.0,45.0,14.0,366.0,40.0,30.0,70.0,100.0,9,2011-01-02,2,10,0,2011,1,2,125.13878
435,17,3,1,39.0,72.0,127.0,47.0,46.0,15.0,361.0,30.0,40.0,60.0,100.0,9,2011-01-03,2,10,0,2011,1,3,126.43692
435,17,3,1,42.0,75.0,133.0,50.0,47.0,16.0,372.0,40.0,40.0,70.0,110.0,9,2011-01-04,2,10,0,2011,1,4,129.8378
435,17,3,1,44.0,80.0,131.0,52.0,45.0,17.0,397.0,40.0,40.0,70.0,110.0,9,2011-01-05,2,10,0,2011,1,5,123.9673
435,17,3,1,61.0,96.0,159.0,64.0,48.0,21.0,467.0,60.0,50.0,90.0,140.0,9,2011-01-07,2,10,0,2011,1,7,138.50175
435,17,3,1,61.0,96.0,159.0,64.0,48.0,21.0,460.0,60.0,50.0,90.0,140.0,9,2011-01-08,2,10,0,2011,1,8,143.38573
435,17,3,1,50.0,84.0,148.0,55.0,50.0,18.0,453.0,50.0,40.0,80.0,120.0,9,2011-01-09,2,10,0,2011,1,9,135.06757
435,17,3,1,34.0,69.0,121.0,45.0,46.0,14.0,447.0,60.0,20.0,70.0,90.0,9,2011-01-10,2,10,0,2011,1,10,131.94104
435,17,3,1,30.0,66.0,116.0,43.0,46.0,14.0,452.0,30.0,40.0,60.0,100.0,9,2011-01-11,2,10,0,2011,1,11,131.64334
435,17,3,1,42.0,74.0,130.0,48.0,46.0,15.0,462.0,40.0,40.0,70.0,110.0,9,2011-01-12,2,10,0,2011,1,12,132.5091
435,17,3,1,-40.0,11.0,99.0,88.0,51.0,27.0,525.0,-30.0,70.0,10.0,80.0,10,2010-01-01,2,11,0,2010,1,1,100.50772
435,17,3,1,-31.0,18.0,102.0,84.0,49.0,26.0,625.0,-30.0,70.0,10.0,80.0,10,2010-01-02,2,11,0,2010,1,2,104.90935
435,17,3,1,-11.0,40.0,133.0,93.0,51.0,28.0,840.0,0.0,70.0,40.0,110.0,10,2010-01-04,2,11,0,2010,1,4,132.02133
435,17,3,1,-15.0,38.0,136.0,98.0,53.0,30.0,973.0,-10.0,80.0,30.0,110.0,10,2010-01-05,2,11,0,2010,1,5,135.05933
435,17,3,1,-33.0,25.0,141.0,116.0,58.0,35.0,1142.0,-10.0,90.0,30.0,120.0,10,2010-01-06,2,11,0,2010,1,6,145.1945
435,17,3,1,-27.0,23.0,109.0,86.0,50.0,26.0,1698.0,0.0,60.0,20.0,80.0,10,2010-01-10,2,11,0,2010,1,10,118.56817
435,17,3,1,17.0,68.0,160.0,92.0,51.0,28.0,1898.0,20.0,80.0,60.0,140.0,10,2010-01-12,2,11,0,2010,1,12,144.45482
435,17,3,1,-62.0,11.0,111.0,88.0,54.0,27.0,525.0,-30.0,70.0,10.0,80.0,10,2011-01-01,2,11,0,2011,1,1,114.012405
435,17,3,1,-46.0,18.0,109.0,84.0,49.0,26.0,625.0,-30.0,70.0,10.0,80.0,10,2011-01-02,2,11,0,2011,1,2,111.521545
435,17,3,1,-16.0,40.0,142.0,93.0,51.0,28.0,840.0,0.0,70.0,40.0,110.0,10,2011-01-04,2,11,0,2011,1,4,138.01962
435,17,3,1,-46.0,25.0,140.0,116.0,54.0,35.0,1142.0,-10.0,90.0,30.0,120.0,10,2011-01-06,2,11,0,2011,1,6,143.27194
435,17,3,1,-67.0,11.0,123.0,104.0,56.0,32.0,1574.0,-20.0,80.0,20.0,100.0,10,2011-01-09,2,11,0,2011,1,9,133.76387
435,17,3,1,-40.0,23.0,116.0,86.0,50.0,26.0,1698.0,0.0,60.0,20.0,80.0,10,2011-01-10,2,11,0,2011,1,10,128.67795
435,17,3,1,-12.0,40.0,130.0,82.0,48.0,25.0,1804.0,0.0,70.0,40.0,110.0,10,2011-01-11,2,11,0,2011,1,11,133.01968
435,17,3,1,25.0,68.0,171.0,92.0,51.0,28.0,1898.0,20.0,80.0,60.0,140.0,10,2011-01-12,2,11,0,2011,1,12,154.56459
435,17,3,1,-10.0,53.0,90.0,37.0,63.0,34.0,261.0,0.0,20.0,40.0,60.0,11,2010-01-01,3,5,1,2010,1,1,102.078995
435,17,3,1,-7.0,61.0,104.0,43.0,68.0,39.0,256.0,10.0,20.0,50.0,70.0,11,2010-01-02,3,5,1,2010,1,2,101.787636
435,17,3,1,-6.0,63.0,107.0,44.0,69.0,40.0,261.0,10.0,20.0,50.0,70.0,11,2010-01-04,3,5,1,2010,1,4,100.67343
435,17,3,1,-8.0,61.0,104.0,43.0,69.0,39.0,282.0,10.0,20.0,50.0,70.0,11,2010-01-05,3,5,1,2010,1,5,105.28313
435,17,3,1,0.0,82.0,141.0,59.0,82.0,53.0,338.0,10.0,30.0,60.0,90.0,11,2010-01-07,3,5,1,2010,1,7,113.02293
435,17,3,1,-7.0,62.0,106.0,44.0,69.0,40.0,325.0,10.0,20.0,50.0,70.0,11,2010-01-09,3,5,1,2010,1,9,111.752335
435,17,3,1,-7.0,62.0,106.0,44.0,69.0,40.0,325.0,-10.0,30.0,40.0,70.0,11,2010-01-11,3,5,1,2010,1,11,116.8052
435,17,3,1,-4.0,69.0,118.0,49.0,73.0,44.0,335.0,0.0,30.0,50.0,80.0,11,2010-01-12,3,5,1,2010,1,12,117.072685
435,17,3,1,-16.0,53.0,101.0,37.0,66.0,34.0,261.0,0.0,20.0,40.0,60.0,11,2011-01-01,3,5,1,2011,1,1,112.55998
435,17,3,1,-10.0,63.0,114.0,44.0,70.0,40.0,251.0,10.0,20.0,50.0,70.0,11,2011-01-03,3,5,1,2011,1,3,108.12676
435,17,3,1,-9.0,63.0,114.0,44.0,69.0,40.0,261.0,10.0,20.0,50.0,70.0,11,2011-01-04,3,5,1,2011,1,4,107.56125
435,17,3,1,-11.0,61.0,103.0,43.0,64.0,39.0,282.0,10.0,20.0,50.0,70.0,11,2011-01-05,3,5,1,2011,1,5,102.750084
435,17,3,1,-4.0,73.0,124.0,52.0,71.0,47.0,313.0,0.0,30.0,50.0,80.0,11,2011-01-06,3,5,1,2011,1,6,107.54053
435,17,3,1,3.0,88.0,150.0,63.0,80.0,57.0,332.0,10.0,40.0,60.0,100.0,11,2011-01-08,3,5,1,2011,1,8,93.56543
435,17,3,1,-9.0,64.0,116.0,45.0,70.0,41.0,320.0,20.0,10.0,40.0,50.0,11,2011-01-10,3,5,1,2011,1,10,93.506096
435,17,3,1,-10.0,62.0,113.0,44.0,69.0,40.0,325.0,-10.0,30.0,40.0,70.0,11,2011-01-11,3,5,1,2011,1,11,99.07178
435,17,3,1,-6.0,69.0,126.0,49.0,73.0,44.0,335.0,0.0,30.0,50.0,80.0,11,2011-01-12,3,5,1,2011,1,12,99.339264
435,17,3,1,9.0,47.0,82.0,35.0,38.0,11.0,196.0,10.0,20.0,30.0,50.0,12,2010-01-01,3,8,1,2010,1,1,87.00291
435,17,3,1,9.0,47.0,82.0,35.0,38.0,11.0,191.0,10.0,20.0,30.0,50.0,12,2010-01-02,3,8,1,2010,1,2,86.88497
435,17,3,1,10.0,49.0,85.0,36.0,39.0,11.0,187.0,10.0,20.0,30.0,50.0,12,2010-01-03,3,8,1,2010,1,3,88.65914
435,17,3,1,11.0,51.0,88.0,37.0,40.0,12.0,195.0,10.0,20.0,30.0,50.0,12,2010-01-04,3,8,1,2010,1,4,88.72575
435,17,3,1,14.0,53.0,92.0,39.0,39.0,12.0,212.0,20.0,20.0,40.0,60.0,12,2010-01-05,3,8,1,2010,1,5,94.16624
435,17,3,1,17.0,59.0,103.0,44.0,42.0,14.0,258.0,30.0,20.0,50.0,70.0,12,2010-01-07,3,8,1,2010,1,7,102.0623
435,17,3,1,19.0,60.0,105.0,45.0,41.0,14.0,253.0,30.0,20.0,50.0,70.0,12,2010-01-08,3,8,1,2010,1,8,100.83836
435,17,3,1,14.0,53.0,92.0,39.0,39.0,12.0,244.0,20.0,10.0,30.0,40.0,12,2010-01-10,3,8,1,2010,1,10,89.45852
435,17,3,1,9.0,47.0,82.0,35.0,38.0,11.0,248.0,10.0,20.0,30.0,50.0,12,2010-01-11,3,8,1,2010,1,11,91.47301
435,17,3,1,19.0,53.0,91.0,39.0,36.0,12.0,212.0,20.0,20.0,40.0,60.0,12,2011-01-05,3,8,1,2011,1,5,89.97264
435,17,3,1,19.0,55.0,95.0,41.0,38.0,13.0,239.0,20.0,20.0,40.0,60.0,12,2011-01-06,3,8,1,2011,1,6,96.21382
435,17,3,1,26.0,60.0,104.0,45.0,38.0,14.0,253.0,30.0,20.0,50.0,70.0,12,2011-01-08,3,8,1,2011,1,8,83.36095
435,17,3,1,18.0,52.0,97.0,39.0,40.0,12.0,248.0,20.0,20.0,40.0,60.0,12,2011-01-09,3,8,1,2011,1,9,80.15418
435,17,3,1,21.0,53.0,98.0,39.0,39.0,12.0,244.0,20.0,10.0,30.0,40.0,12,2011-01-10,3,8,1,2011,1,10,76.894905
435,17,3,1,13.0,47.0,87.0,35.0,38.0,11.0,248.0,10.0,20.0,30.0,50.0,12,2011-01-11,3,8,1,2011,1,11,78.90939
435,17,3,1,18.0,51.0,95.0,38.0,39.0,12.0,256.0,10.0,20.0,40.0,60.0,12,2011-01-12,3,8,1,2011,1,12,80.5403
435,17,3,1,44.0,68.0,114.0,46.0,24.0,12.0,777.0,40.0,40.0,60.0,100.0,4,2010-01-01,1,1,1,2010,1,1,109.730896
435,17,3,1,38.0,61.0,103.0,42.0,23.0,11.0,771.0,30.0,40.0,50.0,90.0,4,2010-01-02,1,1,1,2010,1,2,109.460846
435,17,3,1,45.0,70.0,118.0,48.0,25.0,13.0,766.0,50.0,40.0,70.0,110.0,4,2010-01-03,1,1,1,2010,1,3,109.92349
435,17,3,1,43.0,67.0,112.0,45.0,24.0,12.0,777.0,40.0,40.0,60.0,100.0,4,2010-01-04,1,1,1,2010,1,4,104.754875
435,17,3,1,36.0,58.0,97.0,39.0,22.0,10.0,799.0,50.0,30.0,60.0,90.0,4,2010-01-05,1,1,1,2010,1,5,99.91784
435,17,3,1,31.0,53.0,89.0,36.0,22.0,10.0,828.0,40.0,30.0,50.0,80.0,4,2010-01-06,1,1,1,2010,1,6,97.18673
435,17,3,1,27.0,47.0,79.0,32.0,20.0,8.0,837.0,30.0,30.0,40.0,70.0,4,2010-01-09,1,1,1,2010,1,9,91.00145
435,17,3,1,27.0,48.0,81.0,33.0,21.0,9.0,836.0,30.0,30.0,40.0,70.0,4,2010-01-11,1,1,1,2010,1,11,90.81885
435,17,3,1,26.0,46.0,77.0,31.0,20.0,8.0,844.0,30.0,30.0,40.0,70.0,4,2010-01-12,1,1,1,2010,1,12,92.613045
435,17,3,1,69.0,68.0,128.0,46.0,25.0,12.0,777.0,40.0,40.0,60.0,100.0,4,2011-01-01,1,1,1,2011,1,1,121.98383
435,17,3,1,56.0,61.0,110.0,42.0,23.0,11.0,771.0,30.0,40.0,50.0,90.0,4,2011-01-02,1,1,1,2011,1,2,116.99296
435,17,3,1,64.0,67.0,119.0,45.0,24.0,12.0,777.0,40.0,40.0,60.0,100.0,4,2011-01-04,1,1,1,2011,1,4,114.1472
435,17,3,1,50.0,58.0,96.0,39.0,20.0,10.0,799.0,50.0,30.0,60.0,90.0,4,2011-01-05,1,1,1,2011,1,5,100.98187
435,17,3,1,43.0,53.0,88.0,36.0,20.0,10.0,828.0,40.0,30.0,50.0,80.0,4,2011-01-06,1,1,1,2011,1,6,99.383835
435,17,3,1,50.0,57.0,95.0,39.0,20.0,10.0,845.0,50.0,30.0,60.0,90.0,4,2011-01-07,1,1,1,2011,1,7,97.69169
435,17,3,1,39.0,48.0,79.0,32.0,19.0,8.0,841.0,30.0,30.0,40.0,70.0,4,2011-01-08,1,1,1,2011,1,8,75.52503
435,17,3,1,40.0,47.0,84.0,32.0,20.0,8.0,837.0,30.0,30.0,40.0,70.0,4,2011-01-09,1,1,1,2011,1,9,78.234375
435,17,3,1,42.0,47.0,84.0,32.0,19.0,8.0,833.0,40.0,20.0,40.0,60.0,4,2011-01-10,1,1,1,2011,1,10,80.87149
435,17,3,1,40.0,48.0,86.0,33.0,21.0,9.0,836.0,30.0,30.0,40.0,70.0,4,2011-01-11,1,1,1,2011,1,11,78.05176
435,17,3,1,39.0,46.0,82.0,31.0,20.0,8.0,844.0,30.0,30.0,40.0,70.0,4,2011-01-12,1,1,1,2011,1,12,79.845955
440,13,0,0,26.0,71.0,123.0,52.0,45.0,17.0,405.0,60.0,40.0,70.0,110.0,1,2010-01-10,0,0,1,2010,1,10,126.763596
440,13,0,0,-2.0,75.0,128.0,53.0,77.0,48.0,458.0,20.0,50.0,80.0,130.0,3,2010-01-05,0,7,0,2010,1,5,124.35872
440,13,0,0,-6.0,73.0,133.0,52.0,77.0,47.0,421.0,20.0,50.0,80.0,130.0,3,2011-01-03,0,7,0,2011,1,3,140.16522
440,13,0,0,107.0,182.0,363.0,181.0,75.0,50.0,1283.0,170.0,230.0,230.0,460.0,5,2010-01-11,1,2,1,2010,1,11,306.80194
440,13,0,0,115.0,149.0,295.0,149.0,61.0,41.0,1245.0,120.0,170.0,180.0,350.0,5,2011-01-06,1,2,1,2011,1,6,305.3109
440,13,0,0,129.0,155.0,330.0,155.0,68.0,43.0,1280.0,130.0,170.0,190.0,360.0,5,2011-01-09,1,2,1,2011,1,9,308.46405
440,13,0,0,43.0,48.0,85.0,32.0,19.0,8.0,482.0,30.0,30.0,40.0,70.0,8,2011-01-11,2,3,0,2011,1,11,79.086334
440,13,0,0,32.0,42.0,70.0,29.0,18.0,8.0,835.0,40.0,20.0,40.0,60.0,9,2011-01-05,2,10,0,2011,1,5,75.65258
440,13,0,0,43.0,49.0,87.0,33.0,20.0,9.0,870.0,30.0,30.0,40.0,70.0,9,2011-01-12,2,10,0,2011,1,12,80.63692
440,13,0,0,87.0,150.0,249.0,99.0,63.0,32.0,798.0,70.0,80.0,130.0,210.0,11,2010-01-09,3,5,1,2010,1,9,222.47932
469,16,2,0,265.0,288.0,527.0,244.0,89.0,75.0,1213.0,270.0,300.0,360.0,660.0,2,2011-01-06,0,4,1,2011,1,6,527.8229
469,16,2,0,54.0,68.0,119.0,52.0,27.0,17.0,554.0,70.0,60.0,90.0,150.0,3,2011-01-08,0,7,0,2011,1,8,176.74298
469,16,2,0,99.0,136.0,230.0,94.0,37.0,26.0,562.0,90.0,80.0,110.0,190.0,6,2010-01-06,1,6,0,2010,1,6,224.98651
469,16,2,0,145.0,145.0,243.0,100.0,37.0,28.0,598.0,110.0,80.0,130.0,210.0,6,2011-01-08,1,6,0,2011,1,8,205.8113
469,16,2,0,28.0,73.0,127.0,54.0,45.0,17.0,424.0,30.0,50.0,60.0,110.0,8,2010-01-12,2,3,0,2010,1,12,129.82137
469,16,2,0,42.0,64.0,114.0,43.0,36.0,13.0,424.0,30.0,40.0,60.0,100.0,9,2011-01-09,2,10,0,2011,1,9,108.848366
475,2,1,1,115.0,186.0,310.0,124.0,71.0,40.0,961.0,130.0,110.0,180.0,290.0,2,2010-01-01,0,4,1,2010,1,1,304.22067
475,2,1,1,114.0,186.0,309.0,123.0,72.0,40.0,932.0,130.0,110.0,180.0,290.0,2,2010-01-03,0,4,1,2010,1,3,301.62665
475,2,1,1,79.0,140.0,232.0,92.0,61.0,30.0,1102.0,100.0,80.0,140.0,220.0,2,2010-01-06,0,4,1,2010,1,6,250.9643
475,2,1,1,75.0,135.0,225.0,90.0,60.0,29.0,1139.0,90.0,80.0,130.0,210.0,2,2010-01-08,0,4,1,2010,1,8,249.57788
475,2,1,1,135.0,165.0,273.0,110.0,62.0,36.0,1020.0,110.0,100.0,160.0,260.0,2,2011-01-05,0,4,1,2011,1,5,269.24847
475,2,1,1,35.0,56.0,94.0,38.0,21.0,10.0,777.0,40.0,40.0,60.0,100.0,13,2010-01-01,3,9,1,2010,1,1,83.96673
475,2,1,1,21.0,39.0,66.0,27.0,18.0,7.0,772.0,40.0,20.0,50.0,70.0,13,2010-01-02,3,9,1,2010,1,2,70.66103
475,2,1,1,18.0,37.0,62.0,25.0,19.0,7.0,775.0,30.0,20.0,40.0,60.0,13,2010-01-04,3,9,1,2010,1,4,66.38228
475,2,1,1,17.0,34.0,57.0,23.0,17.0,6.0,787.0,30.0,20.0,40.0,60.0,13,2010-01-05,3,9,1,2010,1,5,58.340416
475,2,1,1,55.0,56.0,105.0,38.0,22.0,10.0,777.0,40.0,40.0,60.0,100.0,13,2011-01-01,3,9,1,2011,1,1,97.553246
475,2,1,1,27.0,37.0,66.0,25.0,19.0,7.0,769.0,30.0,20.0,40.0,60.0,13,2011-01-03,3,9,1,2011,1,3,77.19243
475,2,1,1,21.0,31.0,51.0,20.0,15.0,5.0,804.0,20.0,20.0,30.0,50.0,13,2011-01-06,3,9,1,2011,1,6,57.033573
475,2,1,1,3.0,90.0,154.0,64.0,87.0,58.0,551.0,20.0,60.0,90.0,150.0,5,2010-01-05,1,2,1,2010,1,5,139.53223
475,2,1,1,-2.0,76.0,131.0,55.0,78.0,49.0,627.0,10.0,50.0,70.0,120.0,5,2010-01-12,1,2,1,2010,1,12,131.2591
475,2,1,1,-7.0,66.0,112.0,47.0,66.0,42.0,622.0,20.0,40.0,70.0,110.0,5,2011-01-07,1,2,1,2011,1,7,137.91476
475,2,1,1,-11.0,61.0,104.0,44.0,64.0,39.0,617.0,10.0,40.0,60.0,100.0,5,2011-01-08,1,2,1,2011,1,8,148.24033
475,2,1,1,3.0,86.0,157.0,61.0,84.0,55.0,613.0,10.0,60.0,80.0,140.0,5,2011-01-11,1,2,1,2011,1,11,149.88513
475,2,1,1,30.0,75.0,130.0,55.0,45.0,18.0,312.0,40.0,50.0,70.0,120.0,6,2010-01-01,1,6,0,2010,1,1,127.699196
475,2,1,1,24.0,68.0,119.0,51.0,44.0,16.0,311.0,40.0,40.0,70.0,110.0,6,2010-01-04,1,6,0,2010,1,4,116.28763
475,2,1,1,19.0,62.0,108.0,46.0,43.0,15.0,367.0,30.0,40.0,60.0,100.0,6,2010-01-06,1,6,0,2010,1,6,103.17211
475,2,1,1,41.0,107.0,193.0,86.0,66.0,32.0,484.0,50.0,60.0,90.0,150.0,9,2010-01-02,2,10,0,2010,1,2,183.33882
475,2,1,1,27.0,85.0,153.0,68.0,58.0,25.0,619.0,20.0,50.0,60.0,110.0,9,2010-01-12,2,10,0,2010,1,12,165.9762
475,2,1,1,61.0,107.0,206.0,86.0,66.0,32.0,484.0,50.0,60.0,90.0,150.0,9,2011-01-02,2,10,0,2011,1,2,192.8252
475,2,1,1,46.0,96.0,171.0,77.0,59.0,29.0,529.0,40.0,50.0,80.0,130.0,9,2011-01-05,2,10,0,2011,1,5,166.349
475,2,1,1,56.0,102.0,196.0,82.0,64.0,31.0,601.0,30.0,60.0,70.0,130.0,9,2011-01-11,2,10,0,2011,1,11,181.65332
475,2,1,1,47.0,92.0,170.0,78.0,45.0,24.0,965.0,50.0,50.0,80.0,130.0,10,2010-01-01,2,11,0,2010,1,1,167.4483
475,2,1,1,38.0,80.0,148.0,68.0,42.0,21.0,998.0,40.0,50.0,60.0,110.0,10,2010-01-05,2,11,0,2010,1,5,146.64716
475,2,1,1,36.0,77.0,142.0,65.0,41.0,20.0,1042.0,50.0,40.0,70.0,110.0,10,2010-01-06,2,11,0,2010,1,6,143.53326
475,2,1,1,33.0,74.0,136.0,62.0,41.0,19.0,1059.0,40.0,40.0,60.0,100.0,10,2010-01-09,2,11,0,2010,1,9,140.45526
475,2,1,1,38.0,81.0,150.0,69.0,43.0,21.0,1060.0,30.0,50.0,50.0,100.0,10,2010-01-11,2,11,0,2010,1,11,140.69246
475,2,1,1,36.0,76.0,139.0,63.0,40.0,19.0,1075.0,40.0,40.0,60.0,100.0,10,2010-01-12,2,11,0,2010,1,12,138.32957
475,2,1,1,68.0,89.0,174.0,74.0,43.0,22.0,949.0,50.0,50.0,70.0,120.0,10,2011-01-03,2,11,0,2011,1,3,169.13411
475,2,1,1,68.0,91.0,178.0,76.0,45.0,23.0,965.0,60.0,50.0,80.0,130.0,10,2011-01-04,2,11,0,2011,1,4,166.47862
475,2,1,1,33.0,60.0,109.0,50.0,33.0,15.0,1064.0,30.0,30.0,50.0,80.0,10,2011-01-08,2,11,0,2011,1,8,147.56894
475,2,1,1,47.0,73.0,123.0,50.0,26.0,14.0,821.0,60.0,50.0,80.0,130.0,11,2010-01-01,3,5,1,2010,1,1,123.77168
475,2,1,1,48.0,73.0,123.0,50.0,25.0,14.0,814.0,60.0,50.0,80.0,130.0,11,2010-01-02,3,5,1,2010,1,2,121.589226
475,2,1,1,71.0,73.0,131.0,50.0,25.0,14.0,814.0,60.0,50.0,80.0,130.0,11,2011-01-02,3,5,1,2011,1,2,129.9426
475,2,1,1,58.0,65.0,108.0,44.0,21.0,12.0,844.0,50.0,40.0,70.0,110.0,11,2011-01-05,3,5,1,2011,1,5,115.6054
475,2,1,1,53.0,59.0,106.0,40.0,23.0,11.0,881.0,50.0,40.0,60.0,100.0,11,2011-01-10,3,5,1,2011,1,10,128.63362
503,15,3,1,-3.0,73.0,125.0,52.0,76.0,47.0,421.0,30.0,60.0,90.0,150.0,1,2010-01-03,0,0,1,2010,1,3,129.11145
503,15,3,1,-2.0,75.0,128.0,53.0,77.0,48.0,458.0,40.0,60.0,100.0,160.0,1,2010-01-05,0,0,1,2010,1,5,110.58233
503,15,3,1,-7.0,65.0,112.0,47.0,72.0,42.0,521.0,20.0,50.0,80.0,130.0,1,2010-01-12,0,0,1,2010,1,12,115.54114
503,15,3,1,2.0,87.0,168.0,63.0,90.0,57.0,435.0,40.0,70.0,110.0,180.0,1,2011-01-01,0,0,1,2011,1,1,150.5742
503,15,3,1,-4.0,73.0,133.0,52.0,76.0,47.0,433.0,30.0,60.0,90.0,150.0,1,2011-01-04,0,0,1,2011,1,4,123.40382
503,15,3,1,-8.0,63.0,106.0,44.0,64.0,40.0,496.0,30.0,50.0,80.0,130.0,1,2011-01-06,0,0,1,2011,1,6,110.12113
503,15,3,1,-14.0,56.0,94.0,39.0,61.0,36.0,517.0,20.0,40.0,70.0,110.0,1,2011-01-07,0,0,1,2011,1,7,104.13434
503,15,3,1,-4.0,74.0,134.0,52.0,77.0,47.0,509.0,30.0,60.0,90.0,150.0,1,2011-01-09,0,0,1,2011,1,9,119.65344
503,15,3,1,-7.0,71.0,130.0,51.0,76.0,46.0,503.0,50.0,70.0,100.0,170.0,1,2011-01-10,0,0,1,2011,1,10,121.479576
503,15,3,1,28.0,93.0,160.0,67.0,65.0,22.0,400.0,60.0,80.0,120.0,200.0,2,2010-01-01,0,4,1,2010,1,1,143.57175
503,15,3,1,25.0,90.0,155.0,65.0,65.0,21.0,392.0,50.0,80.0,110.0,190.0,2,2010-01-02,0,4,1,2010,1,2,135.8197
503,15,3,1,24.0,87.0,149.0,62.0,63.0,20.0,385.0,60.0,70.0,110.0,180.0,2,2010-01-03,0,4,1,2010,1,3,133.24005
503,15,3,1,8.0,70.0,119.0,49.0,62.0,16.0,399.0,30.0,60.0,80.0,140.0,2,2010-01-04,0,4,1,2010,1,4,118.40992
503,15,3,1,1.0,57.0,98.0,41.0,56.0,13.0,482.0,20.0,40.0,70.0,110.0,2,2010-01-12,0,4,1,2010,1,12,123.59167
503,15,3,1,44.0,93.0,179.0,67.0,68.0,22.0,400.0,60.0,80.0,120.0,200.0,2,2011-01-01,0,4,1,2011,1,1,154.7514
503,15,3,1,37.0,90.0,165.0,65.0,65.0,21.0,392.0,50.0,80.0,110.0,190.0,2,2011-01-02,0,4,1,2011,1,2,143.20578
503,15,3,1,6.0,65.0,111.0,47.0,57.0,15.0,456.0,40.0,50.0,90.0,140.0,2,2011-01-06,0,4,1,2011,1,6,118.92104
503,15,3,1,31.0,84.0,153.0,60.0,63.0,19.0,463.0,90.0,80.0,130.0,210.0,2,2011-01-10,0,4,1,2011,1,10,128.23518
503,15,3,1,34.0,72.0,121.0,49.0,38.0,15.0,351.0,60.0,60.0,90.0,150.0,3,2010-01-03,0,7,0,2010,1,3,121.25178
503,15,3,1,28.0,64.0,107.0,43.0,36.0,13.0,363.0,50.0,50.0,80.0,130.0,3,2010-01-04,0,7,0,2010,1,4,116.07922
503,15,3,1,18.0,51.0,85.0,34.0,33.0,10.0,432.0,40.0,40.0,60.0,100.0,3,2010-01-07,0,7,0,2010,1,7,115.18608
503,15,3,1,32.0,68.0,114.0,46.0,36.0,14.0,424.0,50.0,50.0,80.0,130.0,3,2010-01-11,0,7,0,2010,1,11,116.86956
503,15,3,1,25.0,60.0,101.0,41.0,35.0,13.0,435.0,50.0,40.0,80.0,120.0,3,2010-01-12,0,7,0,2010,1,12,117.06595
503,15,3,1,28.0,55.0,92.0,38.0,33.0,12.0,414.0,40.0,40.0,70.0,110.0,3,2011-01-06,0,7,0,2011,1,6,118.53413
503,15,3,1,26.0,51.0,84.0,34.0,30.0,10.0,428.0,40.0,40.0,60.0,100.0,3,2011-01-08,0,7,0,2011,1,8,125.40636
503,15,3,1,42.0,64.0,114.0,43.0,36.0,13.0,424.0,50.0,50.0,80.0,130.0,3,2011-01-09,0,7,0,2011,1,9,127.661766
503,15,3,1,47.0,68.0,121.0,46.0,36.0,14.0,424.0,50.0,50.0,80.0,130.0,3,2011-01-11,0,7,0,2011,1,11,128.55344
503,15,3,1,71.0,120.0,206.0,86.0,49.0,26.0,490.0,60.0,50.0,90.0,140.0,13,2010-01-02,3,9,1,2010,1,2,215.00475
503,15,3,1,105.0,164.0,282.0,118.0,59.0,36.0,636.0,80.0,70.0,120.0,190.0,13,2010-01-06,3,9,1,2010,1,6,292.75708
503,15,3,1,129.0,195.0,336.0,141.0,66.0,43.0,692.0,90.0,90.0,130.0,220.0,13,2010-01-07,3,9,1,2010,1,7,311.7868
503,15,3,1,121.0,186.0,320.0,134.0,65.0,41.0,690.0,100.0,90.0,140.0,230.0,13,2010-01-12,3,9,1,2010,1,12,287.3451
503,15,3,1,145.0,164.0,279.0,118.0,55.0,36.0,636.0,80.0,70.0,120.0,190.0,13,2011-01-06,3,9,1,2011,1,6,292.2853
503,15,3,1,141.0,161.0,275.0,116.0,55.0,35.0,678.0,70.0,70.0,110.0,180.0,13,2011-01-08,3,9,1,2011,1,8,314.7822
503,15,3,1,180.0,186.0,341.0,134.0,65.0,41.0,690.0,100.0,90.0,140.0,230.0,13,2011-01-12,3,9,1,2011,1,12,299.24753
503,15,3,1,33.0,80.0,140.0,60.0,47.0,19.0,336.0,50.0,50.0,80.0,130.0,5,2010-01-01,1,2,1,2010,1,1,133.89986
503,15,3,1,24.0,68.0,118.0,50.0,44.0,16.0,397.0,40.0,40.0,70.0,110.0,5,2010-01-06,1,2,1,2010,1,6,119.15971
503,15,3,1,20.0,63.0,110.0,47.0,43.0,15.0,420.0,30.0,40.0,60.0,100.0,5,2010-01-07,1,2,1,2010,1,7,120.58664
503,15,3,1,19.0,62.0,108.0,46.0,43.0,15.0,415.0,30.0,40.0,60.0,100.0,5,2010-01-08,1,2,1,2010,1,8,124.188416
503,15,3,1,33.0,79.0,138.0,59.0,46.0,19.0,411.0,50.0,50.0,80.0,130.0,5,2010-01-11,1,2,1,2010,1,11,134.77495
503,15,3,1,28.0,73.0,127.0,54.0,45.0,17.0,424.0,40.0,50.0,70.0,120.0,5,2010-01-12,1,2,1,2010,1,12,130.83983
503,15,3,1,51.0,80.0,157.0,60.0,49.0,19.0,336.0,50.0,50.0,80.0,130.0,5,2011-01-01,1,2,1,2011,1,1,145.35521
503,15,3,1,47.0,77.0,143.0,57.0,45.0,18.0,323.0,40.0,50.0,70.0,120.0,5,2011-01-03,1,2,1,2011,1,3,138.65916
503,15,3,1,28.0,63.0,109.0,47.0,40.0,15.0,420.0,30.0,40.0,60.0,100.0,5,2011-01-07,1,2,1,2011,1,7,120.04973
503,15,3,1,42.0,72.0,133.0,53.0,44.0,17.0,410.0,40.0,50.0,70.0,120.0,5,2011-01-09,1,2,1,2011,1,9,130.70023
503,15,3,1,42.0,73.0,135.0,54.0,45.0,17.0,424.0,40.0,50.0,70.0,120.0,5,2011-01-12,1,2,1,2011,1,12,133.33904
503,15,3,1,93.0,163.0,325.0,162.0,70.0,45.0,1091.0,100.0,150.0,160.0,310.0,6,2010-01-04,1,6,0,2010,1,4,284.64844
503,15,3,1,81.0,146.0,291.0,145.0,65.0,40.0,1292.0,90.0,130.0,140.0,270.0,6,2010-01-08,1,6,0,2010,1,8,290.66718
503,15,3,1,91.0,161.0,322.0,161.0,70.0,45.0,1267.0,110.0,140.0,150.0,290.0,6,2010-01-10,1,6,0,2010,1,10,297.56555
503,15,3,1,108.0,182.0,363.0,181.0,74.0,50.0,1283.0,120.0,170.0,180.0,350.0,6,2010-01-11,1,6,0,2010,1,11,300.57718
503,15,3,1,147.0,170.0,362.0,170.0,71.0,47.0,1073.0,100.0,160.0,160.0,320.0,6,2011-01-02,1,6,0,2011,1,2,295.33817
503,15,3,1,140.0,163.0,346.0,162.0,69.0,45.0,1059.0,100.0,150.0,160.0,310.0,6,2011-01-03,1,6,0,2011,1,3,295.33817
503,15,3,1,115.0,149.0,295.0,149.0,61.0,41.0,1245.0,90.0,140.0,140.0,280.0,6,2011-01-06,1,6,0,2011,1,6,291.781
503,15,3,1,112.0,146.0,288.0,145.0,60.0,40.0,1304.0,90.0,130.0,140.0,270.0,6,2011-01-07,1,6,0,2011,1,7,291.2564
503,15,3,1,135.0,161.0,343.0,161.0,70.0,45.0,1267.0,110.0,140.0,150.0,290.0,6,2011-01-10,1,6,0,2011,1,10,305.85318
503,15,3,1,26.0,45.0,75.0,30.0,19.0,8.0,794.0,40.0,20.0,40.0,60.0,8,2010-01-05,2,3,0,2010,1,5,82.54279
503,15,3,1,24.0,44.0,74.0,30.0,20.0,8.0,829.0,40.0,20.0,40.0,60.0,8,2010-01-07,2,3,0,2010,1,7,85.23315
503,15,3,1,19.0,38.0,63.0,25.0,19.0,7.0,823.0,20.0,20.0,30.0,50.0,8,2010-01-11,2,3,0,2010,1,11,91.62374
503,15,3,1,51.0,54.0,101.0,36.0,22.0,10.0,777.0,40.0,30.0,40.0,70.0,8,2011-01-01,2,3,0,2011,1,1,105.1836
503,15,3,1,42.0,48.0,86.0,33.0,20.0,9.0,772.0,50.0,20.0,50.0,70.0,8,2011-01-02,2,3,0,2011,1,2,97.40078
503,15,3,1,49.0,55.0,98.0,37.0,22.0,10.0,768.0,50.0,30.0,50.0,80.0,8,2011-01-03,2,3,0,2011,1,3,97.609886
503,15,3,1,36.0,45.0,74.0,30.0,18.0,8.0,794.0,40.0,20.0,40.0,60.0,8,2011-01-05,2,3,0,2011,1,5,81.26617
503,15,3,1,33.0,44.0,73.0,30.0,19.0,8.0,829.0,40.0,20.0,40.0,60.0,8,2011-01-07,2,3,0,2011,1,7,81.48819
503,15,3,1,25.0,36.0,65.0,25.0,19.0,7.0,823.0,30.0,20.0,30.0,50.0,8,2011-01-09,2,3,0,2011,1,9,85.92855
503,15,3,1,28.0,36.0,64.0,24.0,17.0,6.0,829.0,20.0,20.0,30.0,50.0,8,2011-01-12,2,3,0,2011,1,12,89.648155
503,15,3,1,29.0,56.0,100.0,44.0,27.0,14.0,623.0,30.0,30.0,50.0,80.0,9,2010-01-01,2,10,0,2010,1,1,99.599846
503,15,3,1,30.0,56.0,99.0,43.0,26.0,14.0,597.0,30.0,30.0,50.0,80.0,9,2010-01-06,2,10,0,2010,1,6,118.40223
503,15,3,1,27.0,53.0,94.0,41.0,26.0,13.0,592.0,30.0,30.0,50.0,80.0,9,2010-01-07,2,10,0,2010,1,7,121.913185
503,15,3,1,45.0,56.0,112.0,44.0,28.0,14.0,623.0,30.0,30.0,50.0,80.0,9,2011-01-01,2,10,0,2011,1,1,117.400505
503,15,3,1,45.0,56.0,107.0,44.0,26.0,14.0,618.0,30.0,30.0,50.0,80.0,9,2011-01-02,2,10,0,2011,1,2,110.9487
503,15,3,1,43.0,55.0,104.0,43.0,26.0,14.0,613.0,30.0,30.0,50.0,80.0,9,2011-01-03,2,10,0,2011,1,3,111.15781
503,15,3,1,41.0,56.0,98.0,43.0,24.0,14.0,597.0,30.0,30.0,50.0,80.0,9,2011-01-06,2,10,0,2011,1,6,112.55569
503,15,3,1,37.0,53.0,93.0,41.0,24.0,13.0,592.0,30.0,30.0,50.0,80.0,9,2011-01-07,2,10,0,2011,1,7,116.16905
503,15,3,1,98.0,104.0,197.0,81.0,38.0,26.0,551.0,70.0,70.0,100.0,170.0,9,2011-01-12,2,10,0,2011,1,12,129.84903
503,15,3,1,15.0,32.0,53.0,21.0,17.0,5.0,454.0,20.0,10.0,20.0,30.0,11,2010-01-04,3,5,1,2010,1,4,67.13448
503,15,3,1,12.0,29.0,49.0,20.0,17.0,5.0,464.0,20.0,10.0,20.0,30.0,11,2010-01-05,3,5,1,2010,1,5,69.21756
503,15,3,1,9.0,26.0,44.0,18.0,17.0,5.0,478.0,10.0,10.0,10.0,20.0,11,2010-01-06,3,5,1,2010,1,6,70.96713
503,15,3,1,9.0,25.0,41.0,16.0,16.0,4.0,484.0,10.0,10.0,10.0,20.0,11,2010-01-08,3,5,1,2010,1,8,71.50621
503,15,3,1,25.0,34.0,60.0,22.0,17.0,6.0,452.0,20.0,10.0,20.0,30.0,11,2011-01-02,3,5,1,2011,1,2,78.474754
503,15,3,1,17.0,29.0,49.0,20.0,16.0,5.0,464.0,20.0,10.0,20.0,30.0,11,2011-01-05,3,5,1,2011,1,5,64.571976
503,15,3,1,12.0,26.0,44.0,18.0,16.0,5.0,486.0,10.0,10.0,10.0,20.0,11,2011-01-07,3,5,1,2011,1,7,65.96051
503,15,3,1,42.0,48.0,85.0,32.0,20.0,8.0,482.0,30.0,20.0,30.0,50.0,11,2011-01-11,3,5,1,2011,1,11,74.1372
503,15,3,1,68.0,126.0,210.0,84.0,58.0,27.0,651.0,60.0,50.0,90.0,140.0,12,2010-01-01,3,8,1,2010,1,1,213.5129
503,15,3,1,68.0,126.0,210.0,84.0,58.0,27.0,632.0,60.0,50.0,90.0,140.0,12,2010-01-03,3,8,1,2010,1,3,210.17897
503,15,3,1,79.0,141.0,235.0,94.0,62.0,31.0,697.0,50.0,60.0,90.0,150.0,12,2010-01-05,3,8,1,2010,1,5,230.3451
503,15,3,1,100.0,167.0,278.0,111.0,67.0,36.0,767.0,70.0,70.0,110.0,180.0,12,2010-01-06,3,8,1,2010,1,6,245.93405
503,15,3,1,104.0,172.0,286.0,114.0,68.0,37.0,822.0,80.0,70.0,120.0,190.0,12,2010-01-07,3,8,1,2010,1,7,252.58162
503,15,3,1,106.0,126.0,235.0,84.0,61.0,27.0,651.0,60.0,50.0,90.0,140.0,12,2011-01-01,3,8,1,2011,1,1,224.27097
503,15,3,1,92.0,120.0,213.0,80.0,58.0,26.0,640.0,50.0,50.0,80.0,130.0,12,2011-01-02,3,8,1,2011,1,2,217.44585
503,15,3,1,108.0,134.0,237.0,88.0,61.0,29.0,653.0,70.0,50.0,100.0,150.0,12,2011-01-04,3,8,1,2011,1,4,234.3863
503,15,3,1,109.0,141.0,233.0,94.0,58.0,31.0,697.0,50.0,60.0,90.0,150.0,12,2011-01-05,3,8,1,2011,1,5,229.65848
503,15,3,1,138.0,167.0,276.0,111.0,62.0,36.0,767.0,70.0,70.0,110.0,180.0,12,2011-01-06,3,8,1,2011,1,6,246.37883
503,15,3,1,129.0,150.0,265.0,99.0,63.0,32.0,798.0,60.0,60.0,100.0,160.0,12,2011-01-09,3,8,1,2011,1,9,255.23683
503,15,3,1,95.0,123.0,218.0,82.0,59.0,27.0,788.0,50.0,30.0,60.0,90.0,12,2011-01-10,3,8,1,2011,1,10,253.05522
503,15,3,1,92.0,119.0,210.0,78.0,57.0,25.0,798.0,50.0,50.0,90.0,140.0,12,2011-01-11,3,8,1,2011,1,11,252.39459
503,15,3,1,16.0,72.0,130.0,58.0,56.0,22.0,338.0,20.0,50.0,70.0,120.0,4,2010-01-01,1,1,1,2010,1,1,136.4959
503,15,3,1,18.0,73.0,132.0,59.0,55.0,22.0,331.0,20.0,50.0,70.0,120.0,4,2010-01-02,1,1,1,2010,1,2,132.41609
503,15,3,1,11.0,64.0,115.0,51.0,53.0,19.0,396.0,30.0,40.0,70.0,110.0,4,2010-01-06,1,1,1,2010,1,6,112.15521
503,15,3,1,6.0,57.0,102.0,45.0,51.0,17.0,409.0,10.0,40.0,50.0,90.0,4,2010-01-09,1,1,1,2010,1,9,111.64238
503,15,3,1,12.0,66.0,120.0,54.0,54.0,20.0,404.0,40.0,40.0,60.0,100.0,4,2010-01-10,1,1,1,2010,1,10,111.85805
503,15,3,1,25.0,72.0,145.0,58.0,59.0,22.0,338.0,20.0,50.0,70.0,120.0,4,2011-01-01,1,1,1,2011,1,1,146.53384
503,15,3,1,22.0,71.0,137.0,58.0,56.0,22.0,325.0,20.0,50.0,70.0,120.0,4,2011-01-03,1,1,1,2011,1,3,137.19897
503,15,3,1,24.0,69.0,132.0,55.0,53.0,20.0,410.0,30.0,50.0,70.0,120.0,4,2011-01-11,1,1,1,2011,1,11,113.69539
504,6,2,1,30.0,51.0,86.0,35.0,21.0,9.0,776.0,50.0,40.0,60.0,100.0,2,2010-01-04,0,4,1,2010,1,4,107.8501
504,6,2,1,46.0,70.0,118.0,48.0,24.0,13.0,839.0,60.0,60.0,80.0,140.0,2,2010-01-08,0,4,1,2010,1,8,129.25795
504,6,2,1,50.0,56.0,100.0,38.0,22.0,10.0,772.0,60.0,40.0,70.0,110.0,2,2011-01-02,0,4,1,2011,1,2,123.53692
504,6,2,1,63.0,70.0,117.0,48.0,22.0,13.0,839.0,60.0,60.0,80.0,140.0,2,2011-01-08,0,4,1,2011,1,8,139.25366
504,6,2,1,44.0,68.0,115.0,47.0,24.0,13.0,772.0,70.0,50.0,90.0,140.0,3,2010-01-02,0,7,0,2010,1,2,112.506004
504,6,2,1,63.0,91.0,154.0,63.0,28.0,17.0,864.0,100.0,70.0,120.0,190.0,3,2010-01-08,0,7,0,2010,1,8,123.869865
504,6,2,1,50.0,75.0,126.0,51.0,25.0,14.0,857.0,70.0,60.0,90.0,150.0,3,2010-01-09,0,7,0,2010,1,9,115.74857
504,6,2,1,28.0,47.0,78.0,31.0,19.0,8.0,856.0,50.0,30.0,60.0,90.0,3,2010-01-11,0,7,0,2010,1,11,110.29111
504,6,2,1,65.0,68.0,123.0,47.0,24.0,13.0,772.0,70.0,50.0,90.0,140.0,3,2011-01-02,0,7,0,2011,1,2,123.20604
504,6,2,1,71.0,72.0,129.0,49.0,24.0,13.0,779.0,70.0,60.0,90.0,150.0,3,2011-01-04,0,7,0,2011,1,4,122.79701
504,6,2,1,80.0,85.0,143.0,59.0,25.0,16.0,870.0,90.0,70.0,110.0,180.0,3,2011-01-07,0,7,0,2011,1,7,126.321976
504,6,2,1,74.0,75.0,134.0,51.0,25.0,14.0,857.0,70.0,60.0,90.0,150.0,3,2011-01-09,0,7,0,2011,1,9,130.34843
504,6,2,1,42.0,47.0,83.0,31.0,19.0,8.0,856.0,50.0,30.0,60.0,90.0,3,2011-01-11,0,7,0,2011,1,11,124.89085
504,6,2,1,65.0,109.0,174.0,65.0,44.0,20.0,372.0,70.0,50.0,90.0,140.0,5,2010-01-02,1,2,1,2010,1,2,146.4566
504,6,2,1,93.0,105.0,178.0,62.0,42.0,19.0,346.0,70.0,50.0,90.0,140.0,5,2011-01-03,1,2,1,2011,1,3,153.09799
504,6,2,1,38.0,77.0,129.0,52.0,39.0,16.0,376.0,50.0,40.0,70.0,110.0,6,2010-01-03,1,6,0,2010,1,3,128.97
504,6,2,1,21.0,54.0,90.0,36.0,33.0,11.0,458.0,20.0,30.0,40.0,70.0,6,2010-01-08,1,6,0,2010,1,8,124.17419
504,6,2,1,46.0,68.0,121.0,46.0,37.0,14.0,388.0,40.0,30.0,60.0,90.0,6,2011-01-04,1,6,0,2011,1,4,128.97653
504,6,2,1,29.0,54.0,89.0,36.0,31.0,11.0,458.0,20.0,30.0,40.0,70.0,6,2011-01-08,1,6,0,2011,1,8,133.27342
504,6,2,1,61.0,99.0,176.0,77.0,38.0,25.0,581.0,70.0,70.0,100.0,170.0,8,2010-01-08,2,3,0,2010,1,8,170.70396
504,6,2,1,56.0,67.0,127.0,52.0,29.0,17.0,605.0,50.0,40.0,70.0,110.0,8,2011-01-04,2,3,0,2011,1,4,153.82744
504,6,2,1,84.0,99.0,174.0,77.0,35.0,25.0,581.0,70.0,70.0,100.0,170.0,8,2011-01-08,2,3,0,2011,1,8,175.03236
504,6,2,1,40.0,105.0,190.0,85.0,65.0,32.0,494.0,40.0,80.0,100.0,180.0,9,2010-01-01,2,10,0,2010,1,1,166.63184
504,6,2,1,34.0,98.0,177.0,79.0,64.0,30.0,593.0,60.0,60.0,90.0,150.0,9,2010-01-10,2,10,0,2010,1,10,169.2412
504,6,2,1,58.0,104.0,201.0,85.0,65.0,32.0,476.0,40.0,80.0,100.0,180.0,9,2011-01-03,2,10,0,2011,1,3,168.08673
504,6,2,1,8.0,105.0,180.0,75.0,97.0,68.0,522.0,10.0,60.0,90.0,150.0,4,2010-01-01,1,1,1,2010,1,1,166.87933
504,6,2,1,1.0,86.0,147.0,61.0,85.0,55.0,-906.0,10.0,40.0,70.0,110.0,4,2010-01-11,1,1,1,2010,1,11,135.44754
504,6,2,1,12.0,105.0,201.0,75.0,102.0,68.0,522.0,10.0,60.0,90.0,150.0,4,2011-01-01,1,1,1,2011,1,1,176.88286
504,6,2,1,1.0,84.0,153.0,60.0,83.0,54.0,-762.0,10.0,30.0,60.0,90.0,4,2011-01-10,1,1,1,2011,1,10,151.27359
505,11,2,1,26.0,72.0,120.0,48.0,46.0,15.0,372.0,50.0,60.0,90.0,150.0,2,2010-01-01,0,4,1,2010,1,1,115.737114
505,11,2,1,24.0,69.0,114.0,45.0,45.0,14.0,366.0,50.0,50.0,90.0,140.0,2,2010-01-02,0,4,1,2010,1,2,118.29379
505,11,2,1,26.0,72.0,119.0,47.0,46.0,15.0,361.0,50.0,50.0,90.0,140.0,2,2010-01-03,0,4,1,2010,1,3,119.421936
505,11,2,1,27.0,75.0,125.0,50.0,48.0,16.0,372.0,50.0,60.0,90.0,150.0,2,2010-01-04,0,4,1,2010,1,4,121.5552
505,11,2,1,31.0,80.0,132.0,52.0,49.0,17.0,397.0,60.0,60.0,100.0,160.0,2,2010-01-05,0,4,1,2010,1,5,128.03165
505,11,2,1,43.0,94.0,156.0,62.0,51.0,20.0,436.0,80.0,70.0,120.0,190.0,2,2010-01-06,0,4,1,2010,1,6,140.67206
505,11,2,1,44.0,96.0,160.0,64.0,52.0,21.0,467.0,70.0,80.0,120.0,200.0,2,2010-01-07,0,4,1,2010,1,7,146.24608
505,11,2,1,44.0,96.0,160.0,64.0,52.0,21.0,460.0,70.0,80.0,120.0,200.0,2,2010-01-08,0,4,1,2010,1,8,148.22578
505,11,2,1,34.0,84.0,139.0,55.0,50.0,18.0,453.0,70.0,60.0,110.0,170.0,2,2010-01-09,0,4,1,2010,1,9,136.97838
505,11,2,1,23.0,69.0,114.0,45.0,46.0,14.0,447.0,80.0,50.0,110.0,160.0,2,2010-01-10,0,4,1,2010,1,10,133.3271
505,11,2,1,20.0,66.0,109.0,43.0,46.0,14.0,452.0,30.0,50.0,70.0,120.0,2,2010-01-11,0,4,1,2010,1,11,129.80872
505,11,2,1,27.0,74.0,122.0,48.0,47.0,15.0,462.0,50.0,50.0,90.0,140.0,2,2010-01-12,0,4,1,2010,1,12,136.26256
505,11,2,1,41.0,72.0,134.0,48.0,48.0,15.0,372.0,50.0,60.0,90.0,150.0,2,2011-01-01,0,4,1,2011,1,1,130.56491
505,11,2,1,36.0,69.0,121.0,45.0,45.0,14.0,366.0,50.0,50.0,90.0,140.0,2,2011-01-02,0,4,1,2011,1,2,127.309395
505,11,2,1,39.0,72.0,127.0,47.0,46.0,15.0,361.0,50.0,50.0,90.0,140.0,2,2011-01-03,0,4,1,2011,1,3,127.74661
505,11,2,1,40.0,75.0,133.0,50.0,48.0,16.0,372.0,50.0,60.0,90.0,150.0,2,2011-01-04,0,4,1,2011,1,4,131.47818
505,11,2,1,43.0,80.0,131.0,52.0,46.0,17.0,397.0,60.0,60.0,100.0,160.0,2,2011-01-05,0,4,1,2011,1,5,134.37894
505,11,2,1,59.0,94.0,155.0,62.0,47.0,20.0,436.0,80.0,70.0,120.0,190.0,2,2011-01-06,0,4,1,2011,1,6,140.74394
505,11,2,1,61.0,96.0,159.0,64.0,48.0,21.0,467.0,70.0,80.0,120.0,200.0,2,2011-01-07,0,4,1,2011,1,7,145.63292
505,11,2,1,61.0,96.0,159.0,64.0,48.0,21.0,460.0,70.0,80.0,120.0,200.0,2,2011-01-08,0,4,1,2011,1,8,158.0404
505,11,2,1,50.0,84.0,148.0,55.0,50.0,18.0,453.0,70.0,60.0,110.0,170.0,2,2011-01-09,0,4,1,2011,1,9,147.59534
505,11,2,1,34.0,69.0,121.0,45.0,46.0,14.0,447.0,80.0,50.0,110.0,160.0,2,2011-01-10,0,4,1,2011,1,10,143.94406
505,11,2,1,30.0,66.0,116.0,43.0,46.0,14.0,452.0,30.0,50.0,70.0,120.0,2,2011-01-11,0,4,1,2011,1,11,140.4256
505,11,2,1,40.0,74.0,130.0,48.0,47.0,15.0,462.0,50.0,50.0,90.0,140.0,2,2011-01-12,0,4,1,2011,1,12,146.87952
505,11,2,1,-39.0,11.0,99.0,88.0,50.0,27.0,525.0,-30.0,110.0,10.0,120.0,3,2010-01-01,0,7,0,2010,1,1,109.41526
505,11,2,1,-31.0,18.0,102.0,84.0,49.0,26.0,625.0,-20.0,100.0,20.0,120.0,3,2010-01-02,0,7,0,2010,1,2,111.97194
505,11,2,1,-33.0,18.0,106.0,88.0,51.0,27.0,715.0,-20.0,110.0,20.0,130.0,3,2010-01-03,0,7,0,2010,1,3,113.85687
505,11,2,1,-11.0,40.0,133.0,93.0,51.0,28.0,840.0,10.0,110.0,50.0,160.0,3,2010-01-04,0,7,0,2010,1,4,120.36855
505,11,2,1,-15.0,38.0,136.0,98.0,53.0,30.0,973.0,10.0,120.0,50.0,170.0,3,2010-01-05,0,7,0,2010,1,5,125.16255
505,11,2,1,-34.0,25.0,141.0,116.0,59.0,35.0,1142.0,-20.0,140.0,30.0,170.0,3,2010-01-06,0,7,0,2010,1,6,131.92561
505,11,2,1,-11.0,49.0,169.0,120.0,60.0,37.0,1334.0,10.0,150.0,60.0,210.0,3,2010-01-07,0,7,0,2010,1,7,136.91469
505,11,2,1,-42.0,19.0,139.0,120.0,61.0,37.0,1439.0,-30.0,150.0,20.0,170.0,3,2010-01-08,0,7,0,2010,1,8,134.29645
505,11,2,1,-44.0,11.0,115.0,104.0,55.0,32.0,1574.0,-40.0,130.0,10.0,140.0,3,2010-01-09,0,7,0,2010,1,9,120.54425
505,11,2,1,-26.0,23.0,109.0,86.0,49.0,26.0,1698.0,10.0,110.0,40.0,150.0,3,2010-01-10,0,7,0,2010,1,10,116.15113
505,11,2,1,-8.0,40.0,122.0,82.0,48.0,25.0,1804.0,10.0,90.0,50.0,140.0,3,2010-01-11,0,7,0,2010,1,11,112.632706
505,11,2,1,16.0,68.0,160.0,92.0,52.0,28.0,1898.0,40.0,100.0,90.0,190.0,3,2010-01-12,0,7,0,2010,1,12,119.00786
505,11,2,1,-61.0,11.0,111.0,88.0,52.0,27.0,525.0,-30.0,110.0,10.0,120.0,3,2011-01-01,0,7,0,2011,1,1,127.462326
505,11,2,1,-46.0,18.0,109.0,84.0,49.0,26.0,625.0,-20.0,100.0,20.0,120.0,3,2011-01-02,0,7,0,2011,1,2,124.46014
505,11,2,1,-49.0,18.0,113.0,88.0,51.0,27.0,715.0,-20.0,110.0,20.0,130.0,3,2011-01-03,0,7,0,2011,1,3,124.89735
505,11,2,1,-16.0,40.0,142.0,93.0,51.0,28.0,840.0,10.0,110.0,50.0,160.0,3,2011-01-04,0,7,0,2011,1,4,129.04314
505,11,2,1,-21.0,38.0,135.0,98.0,49.0,30.0,973.0,10.0,120.0,50.0,170.0,3,2011-01-05,0,7,0,2011,1,5,131.2156
505,11,2,1,-47.0,25.0,140.0,116.0,55.0,35.0,1142.0,-20.0,140.0,30.0,170.0,3,2011-01-06,0,7,0,2011,1,6,133.90067
505,11,2,1,-15.0,49.0,167.0,120.0,56.0,37.0,1334.0,10.0,150.0,60.0,210.0,3,2011-01-07,0,7,0,2011,1,7,138.65942
505,11,2,1,-58.0,19.0,138.0,120.0,57.0,37.0,1439.0,-30.0,150.0,20.0,170.0,3,2011-01-08,0,7,0,2011,1,8,147.1314
505,11,2,1,-65.0,11.0,123.0,104.0,55.0,32.0,1574.0,-40.0,130.0,10.0,140.0,3,2011-01-09,0,7,0,2011,1,9,135.50839
505,11,2,1,-39.0,23.0,116.0,86.0,49.0,26.0,1698.0,10.0,110.0,40.0,150.0,3,2011-01-10,0,7,0,2011,1,10,131.11526
505,11,2,1,-12.0,40.0,130.0,82.0,48.0,25.0,1804.0,10.0,90.0,50.0,140.0,3,2011-01-11,0,7,0,2011,1,11,127.59685
505,11,2,1,24.0,68.0,171.0,92.0,52.0,28.0,1898.0,40.0,100.0,90.0,190.0,3,2011-01-12,0,7,0,2011,1,12,133.97198
505,11,2,1,-10.0,53.0,90.0,37.0,63.0,34.0,261.0,-10.0,30.0,40.0,70.0,5,2010-01-01,1,2,1,2010,1,1,91.450516
505,11,2,1,-7.0,61.0,104.0,43.0,68.0,39.0,256.0,0.0,30.0,50.0,80.0,5,2010-01-02,1,2,1,2010,1,2,94.830734
505,11,2,1,-7.0,63.0,107.0,44.0,70.0,40.0,251.0,10.0,30.0,60.0,90.0,5,2010-01-03,1,2,1,2010,1,3,95.95888
505,11,2,1,-6.0,63.0,107.0,44.0,69.0,40.0,261.0,10.0,30.0,60.0,90.0,5,2010-01-04,1,2,1,2010,1,4,97.0318
505,11,2,1,-7.0,61.0,104.0,43.0,68.0,39.0,282.0,0.0,30.0,50.0,80.0,5,2010-01-05,1,2,1,2010,1,5,99.25708
505,11,2,1,-3.0,73.0,125.0,52.0,76.0,47.0,313.0,0.0,40.0,60.0,100.0,5,2010-01-06,1,2,1,2010,1,6,110.16035
505,11,2,1,-1.0,82.0,141.0,59.0,83.0,53.0,338.0,0.0,50.0,70.0,120.0,5,2010-01-07,1,2,1,2010,1,7,115.668755
505,11,2,1,2.0,88.0,151.0,63.0,86.0,57.0,332.0,0.0,50.0,70.0,120.0,5,2010-01-08,1,2,1,2010,1,8,115.49979
505,11,2,1,-8.0,62.0,106.0,44.0,70.0,40.0,325.0,10.0,30.0,60.0,90.0,5,2010-01-09,1,2,1,2010,1,9,107.7479
505,11,2,1,-6.0,64.0,109.0,45.0,70.0,41.0,320.0,10.0,20.0,40.0,60.0,5,2010-01-10,1,2,1,2010,1,10,106.15108
505,11,2,1,-7.0,62.0,106.0,44.0,69.0,40.0,325.0,0.0,30.0,50.0,80.0,5,2010-01-11,1,2,1,2010,1,11,103.04608
505,11,2,1,-5.0,69.0,118.0,49.0,74.0,44.0,335.0,10.0,30.0,60.0,90.0,5,2010-01-12,1,2,1,2010,1,12,108.423164
505,11,2,1,-16.0,53.0,101.0,37.0,66.0,34.0,261.0,-10.0,30.0,40.0,70.0,5,2011-01-01,1,2,1,2011,1,1,106.00265
505,11,2,1,-10.0,61.0,111.0,43.0,68.0,39.0,256.0,0.0,30.0,50.0,80.0,5,2011-01-02,1,2,1,2011,1,2,103.4316
505,11,2,1,-10.0,63.0,114.0,44.0,70.0,40.0,251.0,10.0,30.0,60.0,90.0,5,2011-01-03,1,2,1,2011,1,3,103.86881
505,11,2,1,-9.0,63.0,114.0,44.0,69.0,40.0,261.0,10.0,30.0,60.0,90.0,5,2011-01-04,1,2,1,2011,1,4,106.54009
505,11,2,1,-10.0,61.0,103.0,43.0,63.0,39.0,282.0,0.0,30.0,50.0,80.0,5,2011-01-05,1,2,1,2011,1,5,100.95002
505,11,2,1,-4.0,73.0,124.0,52.0,71.0,47.0,313.0,0.0,40.0,60.0,100.0,5,2011-01-06,1,2,1,2011,1,6,110.23587
505,11,2,1,-1.0,82.0,140.0,59.0,77.0,53.0,338.0,0.0,50.0,70.0,120.0,5,2011-01-07,1,2,1,2011,1,7,115.37431
505,11,2,1,3.0,88.0,150.0,63.0,80.0,57.0,332.0,0.0,50.0,70.0,120.0,5,2011-01-08,1,2,1,2011,1,8,126.95623
505,11,2,1,-12.0,62.0,113.0,44.0,70.0,40.0,325.0,10.0,30.0,60.0,90.0,5,2011-01-09,1,2,1,2011,1,9,118.77712
505,11,2,1,-9.0,64.0,116.0,45.0,70.0,41.0,320.0,10.0,20.0,40.0,60.0,5,2011-01-10,1,2,1,2011,1,10,117.1803
505,11,2,1,-10.0,62.0,113.0,44.0,69.0,40.0,325.0,0.0,30.0,50.0,80.0,5,2011-01-11,1,2,1,2011,1,11,114.0753
505,11,2,1,-7.0,69.0,126.0,49.0,74.0,44.0,335.0,10.0,30.0,60.0,90.0,5,2011-01-12,1,2,1,2011,1,12,119.452385
505,11,2,1,9.0,47.0,82.0,35.0,38.0,11.0,196.0,10.0,30.0,40.0,70.0,6,2010-01-01,1,6,0,2010,1,1,86.88964
505,11,2,1,8.0,47.0,82.0,35.0,39.0,11.0,191.0,10.0,30.0,40.0,70.0,6,2010-01-02,1,6,0,2010,1,2,89.762344
505,11,2,1,11.0,49.0,85.0,36.0,38.0,11.0,187.0,10.0,30.0,40.0,70.0,6,2010-01-03,1,6,0,2010,1,3,91.64728
505,11,2,1,12.0,51.0,88.0,37.0,39.0,12.0,195.0,10.0,30.0,40.0,70.0,6,2010-01-04,1,6,0,2010,1,4,94.382
505,11,2,1,14.0,53.0,92.0,39.0,39.0,12.0,212.0,10.0,30.0,40.0,70.0,6,2010-01-05,1,6,0,2010,1,5,96.52185
505,11,2,1,14.0,55.0,96.0,41.0,41.0,13.0,239.0,20.0,30.0,50.0,80.0,6,2010-01-06,1,6,0,2010,1,6,104.03462
505,11,2,1,18.0,59.0,103.0,44.0,41.0,14.0,258.0,20.0,30.0,50.0,80.0,6,2010-01-07,1,6,0,2010,1,7,109.058914
505,11,2,1,18.0,60.0,105.0,45.0,42.0,14.0,253.0,30.0,30.0,60.0,90.0,6,2010-01-08,1,6,0,2010,1,8,108.853516
505,11,2,1,13.0,52.0,91.0,39.0,39.0,12.0,248.0,10.0,30.0,40.0,70.0,6,2010-01-09,1,6,0,2010,1,9,98.7734
505,11,2,1,14.0,53.0,92.0,39.0,39.0,12.0,244.0,20.0,20.0,30.0,50.0,6,2010-01-10,1,6,0,2010,1,10,95.26407
505,11,2,1,8.0,47.0,82.0,35.0,39.0,11.0,248.0,20.0,20.0,40.0,60.0,6,2010-01-11,1,6,0,2010,1,11,92.15907
505,11,2,1,12.0,51.0,89.0,38.0,39.0,12.0,256.0,0.0,30.0,30.0,60.0,6,2010-01-12,1,6,0,2010,1,12,98.81997
505,11,2,1,14.0,47.0,92.0,35.0,40.0,11.0,196.0,10.0,30.0,40.0,70.0,6,2011-01-01,1,6,0,2011,1,1,102.15449
505,11,2,1,12.0,47.0,87.0,35.0,39.0,11.0,191.0,10.0,30.0,40.0,70.0,6,2011-01-02,1,6,0,2011,1,2,98.35717
505,11,2,1,16.0,49.0,91.0,36.0,38.0,11.0,187.0,10.0,30.0,40.0,70.0,6,2011-01-03,1,6,0,2011,1,3,98.79438
505,11,2,1,18.0,51.0,94.0,37.0,39.0,12.0,195.0,10.0,30.0,40.0,70.0,6,2011-01-04,1,6,0,2011,1,4,101.360565
505,11,2,1,19.0,53.0,91.0,39.0,36.0,12.0,212.0,10.0,30.0,40.0,70.0,6,2011-01-05,1,6,0,2011,1,5,96.432434
505,11,2,1,19.0,55.0,95.0,41.0,38.0,13.0,239.0,20.0,30.0,50.0,80.0,6,2011-01-06,1,6,0,2011,1,6,102.43232
505,11,2,1,25.0,59.0,102.0,44.0,38.0,14.0,258.0,20.0,30.0,50.0,80.0,6,2011-01-07,1,6,0,2011,1,7,106.77152
505,11,2,1,25.0,60.0,104.0,45.0,39.0,14.0,253.0,30.0,30.0,60.0,90.0,6,2011-01-08,1,6,0,2011,1,8,118.31701
505,11,2,1,19.0,52.0,97.0,39.0,39.0,12.0,248.0,10.0,30.0,40.0,70.0,6,2011-01-09,1,6,0,2011,1,9,109.13657
505,11,2,1,21.0,53.0,98.0,39.0,39.0,12.0,244.0,20.0,20.0,30.0,50.0,6,2011-01-10,1,6,0,2011,1,10,105.62724
505,11,2,1,12.0,47.0,87.0,35.0,39.0,11.0,248.0,20.0,20.0,40.0,60.0,6,2011-01-11,1,6,0,2011,1,11,102.52225
505,11,2,1,18.0,51.0,95.0,38.0,39.0,12.0,256.0,0.0,30.0,30.0,60.0,6,2011-01-12,1,6,0,2011,1,12,109.18314
505,11,2,1,11.0,27.0,45.0,18.0,16.0,5.0,821.0,20.0,10.0,30.0,40.0,8,2010-01-01,2,3,0,2010,1,1,37.207893
505,11,2,1,10.0,27.0,45.0,18.0,17.0,5.0,818.0,20.0,10.0,30.0,40.0,8,2010-01-02,2,3,0,2010,1,2,37.52348
505,11,2,1,10.0,27.0,45.0,18.0,17.0,5.0,816.0,20.0,10.0,30.0,40.0,8,2010-01-03,2,3,0,2010,1,3,39.61753
505,11,2,1,12.0,28.0,47.0,19.0,16.0,5.0,820.0,20.0,10.0,30.0,40.0,8,2010-01-04,2,3,0,2010,1,4,43.207176
505,11,2,1,12.0,29.0,49.0,20.0,17.0,5.0,829.0,20.0,10.0,30.0,40.0,8,2010-01-05,2,3,0,2010,1,5,47.220493
505,11,2,1,18.0,35.0,58.0,23.0,17.0,6.0,843.0,20.0,20.0,30.0,50.0,8,2010-01-06,2,3,0,2010,1,6,57.431107
505,11,2,1,17.0,36.0,61.0,25.0,19.0,7.0,854.0,20.0,20.0,30.0,50.0,8,2010-01-07,2,3,0,2010,1,7,62.37241
505,11,2,1,19.0,38.0,63.0,25.0,19.0,7.0,851.0,30.0,20.0,40.0,60.0,8,2010-01-08,2,3,0,2010,1,8,62.642975
505,11,2,1,13.0,29.0,48.0,19.0,16.0,5.0,848.0,20.0,10.0,30.0,40.0,8,2010-01-09,2,3,0,2010,1,9,51.072044
505,11,2,1,14.0,31.0,52.0,21.0,17.0,5.0,846.0,30.0,10.0,30.0,40.0,8,2010-01-10,2,3,0,2010,1,10,49.51154
505,11,2,1,9.0,24.0,39.0,15.0,15.0,4.0,848.0,10.0,10.0,20.0,30.0,8,2010-01-11,2,3,0,2010,1,11,46.40654
505,11,2,1,9.0,25.0,41.0,16.0,16.0,4.0,851.0,10.0,10.0,20.0,30.0,8,2010-01-12,2,3,0,2010,1,12,52.03229
505,11,2,1,17.0,27.0,50.0,18.0,17.0,5.0,821.0,20.0,10.0,30.0,40.0,8,2011-01-01,2,3,0,2011,1,1,50.894943
505,11,2,1,15.0,27.0,48.0,18.0,17.0,5.0,818.0,20.0,10.0,30.0,40.0,8,2011-01-02,2,3,0,2011,1,2,44.86892
505,11,2,1,15.0,27.0,48.0,18.0,17.0,5.0,816.0,20.0,10.0,30.0,40.0,8,2011-01-03,2,3,0,2011,1,3,45.515244
505,11,2,1,18.0,28.0,50.0,19.0,16.0,5.0,820.0,20.0,10.0,30.0,40.0,8,2011-01-04,2,3,0,2011,1,4,49.192486
505,11,2,1,17.0,29.0,49.0,20.0,16.0,5.0,829.0,20.0,10.0,30.0,40.0,8,2011-01-05,2,3,0,2011,1,5,43.98135
505,11,2,1,25.0,35.0,57.0,23.0,16.0,6.0,843.0,20.0,20.0,30.0,50.0,8,2011-01-06,2,3,0,2011,1,6,51.327133
505,11,2,1,23.0,36.0,60.0,25.0,18.0,7.0,854.0,20.0,20.0,30.0,50.0,8,2011-01-07,2,3,0,2011,1,7,55.579735
505,11,2,1,26.0,38.0,62.0,25.0,18.0,7.0,851.0,30.0,20.0,40.0,60.0,8,2011-01-08,2,3,0,2011,1,8,67.60123
505,11,2,1,19.0,29.0,51.0,19.0,16.0,5.0,848.0,20.0,10.0,30.0,40.0,8,2011-01-09,2,3,0,2011,1,9,58.679012
505,11,2,1,21.0,31.0,55.0,21.0,17.0,5.0,846.0,30.0,10.0,30.0,40.0,8,2011-01-10,2,3,0,2011,1,10,57.118507
505,11,2,1,13.0,24.0,42.0,15.0,15.0,4.0,848.0,10.0,10.0,20.0,30.0,8,2011-01-11,2,3,0,2011,1,11,54.01351
505,11,2,1,13.0,25.0,44.0,16.0,16.0,4.0,851.0,10.0,10.0,20.0,30.0,8,2011-01-12,2,3,0,2011,1,12,59.639267
505,11,2,1,4.0,34.0,62.0,28.0,30.0,8.0,965.0,20.0,20.0,40.0,60.0,9,2010-01-01,2,10,0,2010,1,1,62.921017
505,11,2,1,5.0,35.0,63.0,28.0,30.0,8.0,961.0,20.0,20.0,40.0,60.0,9,2010-01-02,2,10,0,2010,1,2,63.455753
505,11,2,1,5.0,35.0,63.0,28.0,30.0,8.0,958.0,20.0,20.0,40.0,60.0,9,2010-01-03,2,10,0,2010,1,3,65.41335
505,11,2,1,3.0,33.0,61.0,28.0,30.0,8.0,964.0,10.0,20.0,30.0,50.0,9,2010-01-04,2,10,0,2010,1,4,69.72961
505,11,2,1,7.0,37.0,68.0,31.0,30.0,9.0,976.0,20.0,20.0,40.0,60.0,9,2010-01-05,2,10,0,2010,1,5,74.647705
505,11,2,1,8.0,38.0,70.0,32.0,30.0,9.0,996.0,10.0,30.0,30.0,60.0,9,2010-01-06,2,10,0,2010,1,6,82.2914
505,11,2,1,10.0,41.0,75.0,34.0,31.0,10.0,1010.0,20.0,30.0,40.0,70.0,9,2010-01-07,2,10,0,2010,1,7,87.49195
505,11,2,1,15.0,49.0,90.0,41.0,34.0,12.0,1007.0,20.0,30.0,50.0,80.0,9,2010-01-08,2,10,0,2010,1,8,86.98842
505,11,2,1,8.0,39.0,72.0,33.0,31.0,10.0,1003.0,20.0,30.0,40.0,70.0,9,2010-01-09,2,10,0,2010,1,9,73.40362
505,11,2,1,6.0,37.0,68.0,31.0,31.0,9.0,1000.0,30.0,10.0,40.0,50.0,9,2010-01-10,2,10,0,2010,1,10,69.830284
505,11,2,1,5.0,35.0,64.0,29.0,30.0,8.0,1003.0,10.0,20.0,30.0,50.0,9,2010-01-11,2,10,0,2010,1,11,67.78487
505,11,2,1,7.0,38.0,69.0,31.0,31.0,9.0,1009.0,20.0,20.0,40.0,60.0,9,2010-01-12,2,10,0,2010,1,12,78.546906
505,11,2,1,6.0,34.0,69.0,28.0,32.0,8.0,965.0,20.0,20.0,40.0,60.0,9,2011-01-01,2,10,0,2011,1,1,74.95014
505,11,2,1,7.0,35.0,67.0,28.0,30.0,8.0,961.0,20.0,20.0,40.0,60.0,9,2011-01-02,2,10,0,2011,1,2,68.882515
505,11,2,1,7.0,35.0,67.0,28.0,30.0,8.0,958.0,20.0,20.0,40.0,60.0,9,2011-01-03,2,10,0,2011,1,3,69.3924
505,11,2,1,4.0,33.0,65.0,28.0,30.0,8.0,964.0,10.0,20.0,30.0,50.0,9,2011-01-04,2,10,0,2011,1,4,71.5989
505,11,2,1,10.0,37.0,67.0,31.0,28.0,9.0,976.0,20.0,20.0,40.0,60.0,9,2011-01-05,2,10,0,2011,1,5,67.29251
505,11,2,1,11.0,38.0,69.0,32.0,28.0,9.0,996.0,10.0,30.0,30.0,60.0,9,2011-01-06,2,10,0,2011,1,6,74.373276
505,11,2,1,14.0,41.0,74.0,34.0,29.0,10.0,1010.0,20.0,30.0,40.0,70.0,9,2011-01-07,2,10,0,2011,1,7,79.43683
505,11,2,1,21.0,49.0,89.0,41.0,32.0,12.0,1007.0,20.0,30.0,50.0,80.0,9,2011-01-08,2,10,0,2011,1,8,87.99683
505,11,2,1,12.0,39.0,77.0,33.0,31.0,10.0,1003.0,20.0,30.0,40.0,70.0,9,2011-01-09,2,10,0,2011,1,9,78.38768
505,11,2,1,9.0,37.0,72.0,31.0,31.0,9.0,1000.0,30.0,10.0,40.0,50.0,9,2011-01-10,2,10,0,2011,1,10,74.81435
505,11,2,1,7.0,35.0,68.0,29.0,30.0,8.0,1003.0,10.0,20.0,30.0,50.0,9,2011-01-11,2,10,0,2011,1,11,72.768936
505,11,2,1,10.0,38.0,74.0,31.0,31.0,9.0,1009.0,20.0,20.0,40.0,60.0,9,2011-01-12,2,10,0,2011,1,12,83.53097
505,11,2,1,-8.0,36.0,65.0,29.0,44.0,11.0,169.0,0.0,20.0,30.0,50.0,4,2010-01-01,1,1,1,2010,1,1,72.274536
505,11,2,1,-7.0,38.0,68.0,30.0,45.0,11.0,104.0,0.0,20.0,30.0,50.0,4,2010-01-02,1,1,1,2010,1,2,73.89253
505,11,2,1,-3.0,42.0,75.0,33.0,45.0,12.0,36.0,10.0,20.0,40.0,60.0,4,2010-01-03,1,1,1,2010,1,3,74.719894
505,11,2,1,-9.0,36.0,65.0,29.0,45.0,11.0,-39.0,0.0,20.0,30.0,50.0,4,2010-01-04,1,1,1,2010,1,4,76.39946
505,11,2,1,-4.0,42.0,76.0,34.0,46.0,12.0,-104.0,10.0,20.0,40.0,60.0,4,2010-01-05,1,1,1,2010,1,5,78.59266
505,11,2,1,-3.0,43.0,78.0,35.0,46.0,13.0,-180.0,0.0,30.0,30.0,60.0,4,2010-01-06,1,1,1,2010,1,6,85.30177
505,11,2,1,1.0,49.0,89.0,40.0,48.0,15.0,-258.0,10.0,30.0,40.0,70.0,4,2010-01-07,1,1,1,2010,1,7,90.85103
505,11,2,1,-8.0,36.0,65.0,29.0,44.0,11.0,-347.0,0.0,20.0,30.0,50.0,4,2010-01-08,1,1,1,2010,1,8,86.43285
505,11,2,1,-12.0,30.0,54.0,24.0,42.0,9.0,-412.0,0.0,20.0,20.0,40.0,4,2010-01-09,1,1,1,2010,1,9,76.44408
505,11,2,1,-12.0,31.0,56.0,25.0,43.0,9.0,-466.0,10.0,10.0,20.0,30.0,4,2010-01-10,1,1,1,2010,1,10,72.79121
505,11,2,1,-4.0,42.0,76.0,34.0,46.0,12.0,-522.0,-10.0,20.0,30.0,50.0,4,2010-01-11,1,1,1,2010,1,11,69.27278
505,11,2,1,-15.0,25.0,45.0,20.0,40.0,7.0,-598.0,-10.0,10.0,20.0,30.0,4,2010-01-12,1,1,1,2010,1,12,73.39001
505,11,2,1,-12.0,36.0,73.0,29.0,46.0,11.0,169.0,0.0,20.0,30.0,50.0,4,2011-01-01,1,1,1,2011,1,1,85.94375
505,11,2,1,-10.0,38.0,72.0,30.0,45.0,11.0,104.0,0.0,20.0,30.0,50.0,4,2011-01-02,1,1,1,2011,1,2,80.828705
505,11,2,1,-4.0,42.0,80.0,33.0,45.0,12.0,36.0,10.0,20.0,40.0,60.0,4,2011-01-03,1,1,1,2011,1,3,80.96513
505,11,2,1,-13.0,36.0,69.0,29.0,45.0,11.0,-39.0,0.0,20.0,30.0,50.0,4,2011-01-04,1,1,1,2011,1,4,84.24304
505,11,2,1,-6.0,42.0,75.0,34.0,43.0,12.0,-104.0,10.0,20.0,40.0,60.0,4,2011-01-05,1,1,1,2011,1,5,79.12104
505,11,2,1,-4.0,43.0,77.0,35.0,43.0,13.0,-180.0,0.0,30.0,30.0,60.0,4,2011-01-06,1,1,1,2011,1,6,84.073456
505,11,2,1,1.0,49.0,88.0,40.0,45.0,15.0,-258.0,10.0,30.0,40.0,70.0,4,2011-01-07,1,1,1,2011,1,7,89.25275
505,11,2,1,-11.0,36.0,64.0,29.0,41.0,11.0,-347.0,0.0,20.0,30.0,50.0,4,2011-01-08,1,1,1,2011,1,8,96.58546
505,11,2,1,-18.0,30.0,58.0,24.0,42.0,9.0,-412.0,0.0,20.0,20.0,40.0,4,2011-01-09,1,1,1,2011,1,9,87.39905
505,11,2,1,-18.0,31.0,60.0,25.0,43.0,9.0,-466.0,10.0,10.0,20.0,30.0,4,2011-01-10,1,1,1,2011,1,10,83.74616
505,11,2,1,-6.0,42.0,81.0,34.0,46.0,12.0,-522.0,-10.0,20.0,30.0,50.0,4,2011-01-11,1,1,1,2011,1,11,80.22774
505,11,2,1,-22.0,25.0,48.0,20.0,40.0,7.0,-598.0,-10.0,10.0,20.0,30.0,4,2011-01-12,1,1,1,2011,1,12,84.34498
508,7,1,0,564.0,613.0,665.0,52.0,49.0,17.0,-1493.0,560.0,40.0,590.0,630.0,2,2010-01-07,0,4,1,2010,1,7,599.7744
508,7,1,0,563.0,612.0,664.0,52.0,49.0,17.0,-2033.0,560.0,40.0,590.0,630.0,2,2010-01-08,0,4,1,2010,1,8,592.7328
508,7,1,0,9.0,25.0,41.0,16.0,16.0,4.0,484.0,20.0,10.0,30.0,40.0,13,2010-01-08,3,9,1,2010,1,8,57.06959
508,7,1,0,-4.0,74.0,128.0,54.0,78.0,49.0,451.0,10.0,50.0,70.0,120.0,5,2010-01-02,1,2,1,2010,1,2,126.482574
508,7,1,0,-4.0,73.0,125.0,52.0,77.0,47.0,446.0,20.0,40.0,80.0,120.0,5,2010-01-03,1,2,1,2010,1,3,125.93014
508,7,1,0,-31.0,46.0,98.0,52.0,77.0,47.0,520.0,-10.0,40.0,50.0,90.0,5,2010-01-09,1,2,1,2010,1,9,124.94472
508,7,1,0,16.0,71.0,129.0,58.0,55.0,22.0,325.0,30.0,40.0,60.0,100.0,9,2010-01-03,2,10,0,2010,1,3,120.28873
508,7,1,0,13.0,67.0,121.0,54.0,54.0,20.0,337.0,20.0,40.0,50.0,90.0,9,2010-01-04,2,10,0,2010,1,4,126.6667
508,7,1,0,7.0,57.0,103.0,46.0,50.0,17.0,422.0,10.0,30.0,40.0,70.0,9,2010-01-12,2,10,0,2010,1,12,116.55897
508,7,1,0,27.0,73.0,141.0,59.0,55.0,22.0,331.0,30.0,40.0,60.0,100.0,9,2011-01-02,2,10,0,2011,1,2,132.42438
508,7,1,0,29.0,48.0,80.0,32.0,19.0,8.0,821.0,40.0,30.0,50.0,80.0,11,2010-01-01,3,5,1,2010,1,1,68.681305
508,7,1,0,16.0,33.0,55.0,22.0,17.0,6.0,865.0,20.0,20.0,30.0,50.0,11,2010-01-08,3,5,1,2010,1,8,80.546135
508,7,1,0,20.0,39.0,66.0,27.0,19.0,7.0,859.0,50.0,20.0,50.0,70.0,11,2010-01-10,3,5,1,2010,1,10,65.40531
508,7,1,0,42.0,48.0,85.0,32.0,20.0,8.0,817.0,40.0,30.0,50.0,80.0,11,2011-01-02,3,5,1,2011,1,2,77.359955
508,7,1,0,22.0,33.0,55.0,22.0,16.0,6.0,865.0,20.0,20.0,30.0,50.0,11,2011-01-08,3,5,1,2011,1,8,70.983864
508,7,1,0,99.0,170.0,340.0,170.0,71.0,47.0,1073.0,110.0,160.0,170.0,330.0,7,2010-01-02,1,12,1,2010,1,2,339.90814
508,7,1,0,94.0,163.0,325.0,162.0,69.0,45.0,1059.0,100.0,150.0,160.0,310.0,7,2010-01-03,1,12,1,2010,1,3,329.34424
508,7,1,0,108.0,182.0,363.0,181.0,74.0,50.0,1283.0,120.0,170.0,180.0,350.0,7,2010-01-11,1,12,1,2010,1,11,346.0551
508,7,1,0,140.0,163.0,346.0,162.0,69.0,45.0,1091.0,100.0,150.0,160.0,310.0,7,2011-01-04,1,12,1,2011,1,4,347.94556
508,7,1,0,137.0,161.0,343.0,161.0,69.0,45.0,1267.0,120.0,140.0,160.0,300.0,7,2011-01-10,1,12,1,2011,1,10,349.4304
509,18,3,1,44.0,84.0,142.0,58.0,40.0,18.0,331.0,70.0,70.0,100.0,170.0,2,2010-01-02,0,4,1,2010,1,2,165.7735
509,18,3,1,54.0,100.0,169.0,69.0,46.0,22.0,340.0,90.0,80.0,130.0,210.0,2,2010-01-04,0,4,1,2010,1,4,176.668
509,18,3,1,76.0,125.0,211.0,86.0,49.0,27.0,454.0,120.0,100.0,160.0,260.0,2,2010-01-08,0,4,1,2010,1,8,217.5924
509,18,3,1,71.0,89.0,160.0,61.0,41.0,19.0,325.0,80.0,70.0,110.0,180.0,2,2011-01-03,0,4,1,2011,1,3,186.41356
509,18,3,1,9.0,111.0,190.0,79.0,102.0,72.0,551.0,60.0,90.0,140.0,230.0,3,2010-01-01,0,7,0,2010,1,1,201.39012
509,18,3,1,20.0,145.0,250.0,105.0,125.0,95.0,716.0,50.0,120.0,170.0,290.0,3,2010-01-12,0,7,0,2010,1,12,226.23082
509,18,3,1,14.0,111.0,213.0,79.0,107.0,72.0,551.0,60.0,90.0,140.0,230.0,3,2011-01-01,0,7,0,2011,1,1,226.1874
509,18,3,1,24.0,130.0,239.0,94.0,114.0,85.0,694.0,40.0,110.0,150.0,260.0,3,2011-01-11,0,7,0,2011,1,11,235.47226
509,18,3,1,-4.0,75.0,127.0,53.0,73.0,48.0,597.0,0.0,30.0,50.0,80.0,13,2011-01-06,3,9,1,2011,1,6,123.80195
509,18,3,1,1.0,86.0,157.0,61.0,85.0,55.0,613.0,0.0,40.0,60.0,100.0,13,2011-01-11,3,9,1,2011,1,11,129.30658
509,18,3,1,-4.0,76.0,140.0,55.0,79.0,49.0,627.0,-10.0,40.0,50.0,90.0,13,2011-01-12,3,9,1,2011,1,12,132.30838
509,18,3,1,23.0,80.0,145.0,65.0,57.0,24.0,403.0,30.0,60.0,80.0,140.0,5,2010-01-12,1,2,1,2010,1,12,162.9908
509,18,3,1,34.0,80.0,155.0,65.0,57.0,24.0,403.0,30.0,60.0,80.0,140.0,5,2011-01-12,1,2,1,2011,1,12,166.60838
509,18,3,1,41.0,84.0,154.0,70.0,43.0,21.0,957.0,60.0,60.0,80.0,140.0,6,2010-01-02,1,6,0,2010,1,2,150.30154
509,18,3,1,105.0,174.0,289.0,115.0,69.0,37.0,1166.0,110.0,100.0,160.0,260.0,8,2010-01-12,2,3,0,2010,1,12,243.00435
509,18,3,1,179.0,186.0,347.0,124.0,75.0,40.0,961.0,120.0,100.0,170.0,270.0,8,2011-01-01,2,3,0,2011,1,1,274.46106
509,18,3,1,135.0,165.0,273.0,110.0,62.0,36.0,1020.0,100.0,90.0,150.0,240.0,8,2011-01-05,2,3,0,2011,1,5,250.17703
509,18,3,1,135.0,155.0,275.0,103.0,64.0,33.0,1130.0,100.0,80.0,140.0,220.0,8,2011-01-09,2,3,0,2011,1,9,241.55684
509,18,3,1,34.0,56.0,94.0,38.0,22.0,10.0,772.0,50.0,30.0,50.0,80.0,9,2010-01-02,2,10,0,2010,1,2,84.85252
509,18,3,1,30.0,51.0,86.0,35.0,21.0,9.0,776.0,40.0,30.0,40.0,70.0,9,2010-01-04,2,10,0,2010,1,4,91.915695
509,18,3,1,40.0,64.0,107.0,43.0,24.0,12.0,822.0,50.0,30.0,60.0,90.0,9,2010-01-06,2,10,0,2010,1,6,104.04237
509,18,3,1,37.0,59.0,99.0,40.0,22.0,11.0,843.0,50.0,30.0,50.0,80.0,9,2010-01-07,2,10,0,2010,1,7,105.70703
509,18,3,1,44.0,68.0,115.0,47.0,24.0,13.0,834.0,40.0,40.0,60.0,100.0,9,2010-01-11,2,10,0,2010,1,11,106.18145
509,18,3,1,50.0,56.0,100.0,38.0,22.0,10.0,772.0,50.0,30.0,50.0,80.0,9,2011-01-02,2,10,0,2011,1,2,94.781494
509,18,3,1,43.0,49.0,87.0,33.0,20.0,9.0,768.0,50.0,20.0,50.0,70.0,9,2011-01-03,2,10,0,2011,1,3,94.44055
509,18,3,1,70.0,71.0,127.0,48.0,24.0,13.0,829.0,60.0,30.0,60.0,90.0,9,2011-01-10,2,10,0,2011,1,10,109.822296
509,18,3,1,44.0,82.0,130.0,48.0,38.0,14.0,351.0,30.0,30.0,50.0,80.0,11,2010-01-05,3,5,1,2010,1,5,112.52446
509,18,3,1,29.0,65.0,104.0,39.0,36.0,12.0,380.0,30.0,20.0,50.0,70.0,11,2010-01-07,3,5,1,2010,1,7,112.54138
509,18,3,1,30.0,66.0,107.0,41.0,36.0,12.0,320.0,20.0,30.0,40.0,70.0,11,2010-01-12,3,5,1,2010,1,12,115.75492
509,18,3,1,73.0,88.0,150.0,53.0,39.0,16.0,321.0,50.0,30.0,70.0,100.0,11,2011-01-11,3,5,1,2011,1,11,110.48833
509,18,3,1,20.0,54.0,90.0,36.0,34.0,11.0,462.0,30.0,20.0,40.0,60.0,12,2010-01-07,3,8,1,2010,1,7,114.954475
509,18,3,1,28.0,63.0,106.0,43.0,35.0,13.0,466.0,20.0,30.0,40.0,70.0,12,2010-01-12,3,8,1,2010,1,12,109.8093
509,18,3,1,28.0,54.0,89.0,36.0,32.0,11.0,462.0,30.0,20.0,40.0,60.0,12,2011-01-07,3,8,1,2011,1,7,112.58945
509,18,3,1,46.0,67.0,120.0,46.0,36.0,14.0,454.0,30.0,30.0,40.0,70.0,12,2011-01-09,3,8,1,2011,1,9,126.8011
509,18,3,1,46.0,67.0,120.0,46.0,36.0,14.0,449.0,30.0,20.0,30.0,50.0,12,2011-01-10,3,8,1,2011,1,10,123.54179
509,18,3,1,47.0,62.0,109.0,48.0,26.0,15.0,593.0,40.0,40.0,60.0,100.0,4,2011-01-06,1,1,1,2011,1,6,114.35799
510,0,3,0,83.0,110.0,194.0,72.0,54.0,23.0,650.0,50.0,20.0,60.0,80.0,13,2011-01-10,3,9,1,2011,1,10,164.87129
510,0,3,0,70.0,101.0,179.0,67.0,54.0,22.0,677.0,50.0,40.0,80.0,120.0,13,2011-01-12,3,9,1,2011,1,12,164.15883
510,0,3,0,102.0,139.0,234.0,95.0,37.0,26.0,821.0,100.0,80.0,120.0,200.0,8,2010-01-01,2,3,0,2010,1,1,244.70824
510,0,3,0,258.0,265.0,522.0,225.0,91.0,69.0,1272.0,160.0,210.0,240.0,450.0,9,2011-01-11,2,10,0,2011,1,11,534.89777
510,0,3,0,135.0,126.0,227.0,87.0,35.0,24.0,756.0,80.0,50.0,90.0,140.0,11,2011-01-03,3,5,1,2011,1,3,237.01799
510,0,3,0,228.0,261.0,516.0,260.0,89.0,72.0,1715.0,180.0,240.0,260.0,500.0,4,2011-01-06,1,1,1,2011,1,6,511.48227
512,16,2,0,148.0,130.0,245.0,89.0,37.0,24.0,777.0,90.0,70.0,110.0,180.0,5,2011-01-01,1,2,1,2011,1,1,254.82942
512,16,2,0,105.0,145.0,245.0,100.0,40.0,28.0,598.0,110.0,80.0,130.0,210.0,6,2010-01-08,1,6,0,2010,1,8,215.49774
512,16,2,0,42.0,74.0,137.0,55.0,46.0,18.0,336.0,40.0,50.0,70.0,120.0,8,2011-01-04,2,3,0,2011,1,4,127.45197
512,16,2,0,25.0,61.0,103.0,42.0,36.0,13.0,384.0,30.0,40.0,60.0,100.0,9,2010-01-05,2,10,0,2010,1,5,106.206795
512,16,2,0,58.0,114.0,189.0,75.0,56.0,24.0,378.0,60.0,60.0,100.0,160.0,4,2010-01-02,1,1,1,2010,1,2,174.75304
512,16,2,0,47.0,101.0,168.0,67.0,54.0,22.0,-1239.0,30.0,50.0,70.0,120.0,4,2010-01-12,1,1,1,2010,1,12,158.80057
513,13,0,0,24.0,68.0,118.0,50.0,44.0,16.0,397.0,40.0,50.0,70.0,120.0,1,2010-01-06,0,0,1,2010,1,6,115.85533
513,13,0,0,29.0,73.0,127.0,54.0,44.0,17.0,424.0,40.0,50.0,70.0,120.0,1,2010-01-12,0,0,1,2010,1,12,125.300575
513,13,0,0,33.0,68.0,117.0,50.0,41.0,16.0,397.0,40.0,50.0,70.0,120.0,1,2011-01-06,0,0,1,2011,1,6,116.08534
513,13,0,0,28.0,63.0,109.0,47.0,40.0,15.0,420.0,40.0,40.0,70.0,110.0,1,2011-01-07,0,0,1,2011,1,7,111.72494
513,13,0,0,38.0,76.0,128.0,52.0,38.0,16.0,357.0,50.0,50.0,80.0,130.0,2,2010-01-02,0,4,1,2010,1,2,135.68063
513,13,0,0,27.0,64.0,107.0,43.0,37.0,13.0,363.0,40.0,40.0,70.0,110.0,2,2010-01-04,0,4,1,2010,1,4,117.068245
513,13,0,0,24.0,61.0,103.0,42.0,37.0,13.0,384.0,30.0,40.0,60.0,100.0,2,2010-01-05,0,4,1,2010,1,5,118.92754
513,13,0,0,18.0,51.0,85.0,34.0,33.0,10.0,432.0,30.0,30.0,50.0,80.0,2,2010-01-07,0,4,1,2010,1,7,127.691124
513,13,0,0,-4.0,73.0,125.0,52.0,77.0,47.0,421.0,20.0,50.0,80.0,130.0,3,2010-01-03,0,7,0,2010,1,3,128.60028
513,13,0,0,-3.0,73.0,125.0,52.0,76.0,47.0,433.0,20.0,50.0,80.0,130.0,3,2010-01-04,0,7,0,2010,1,4,124.00535
513,13,0,0,0.0,87.0,168.0,63.0,91.0,57.0,435.0,20.0,60.0,90.0,150.0,3,2011-01-01,0,7,0,2011,1,1,149.94559
513,13,0,0,-4.0,75.0,137.0,54.0,78.0,49.0,427.0,20.0,50.0,80.0,130.0,3,2011-01-02,0,7,0,2011,1,2,142.21475
513,13,0,0,-4.0,73.0,133.0,52.0,76.0,47.0,433.0,20.0,50.0,80.0,130.0,3,2011-01-04,0,7,0,2011,1,4,131.47356
513,13,0,0,-15.0,52.0,88.0,37.0,59.0,33.0,513.0,10.0,30.0,60.0,90.0,3,2011-01-08,0,7,0,2011,1,8,111.143974
513,13,0,0,-9.0,65.0,119.0,47.0,71.0,42.0,521.0,10.0,40.0,70.0,110.0,3,2011-01-12,0,7,0,2011,1,12,113.90586
513,13,0,0,94.0,163.0,325.0,162.0,69.0,45.0,1059.0,130.0,180.0,200.0,380.0,5,2010-01-03,1,2,1,2010,1,3,305.3372
513,13,0,0,81.0,146.0,291.0,145.0,65.0,40.0,1292.0,120.0,160.0,180.0,340.0,5,2010-01-08,1,2,1,2010,1,8,303.6822
513,13,0,0,87.0,155.0,310.0,155.0,68.0,43.0,1280.0,130.0,170.0,190.0,360.0,5,2010-01-09,1,2,1,2010,1,9,298.7422
513,13,0,0,145.0,170.0,362.0,170.0,72.0,47.0,1073.0,140.0,190.0,210.0,400.0,5,2011-01-02,1,2,1,2011,1,2,318.82742
513,13,0,0,112.0,146.0,288.0,145.0,60.0,40.0,1292.0,120.0,160.0,180.0,340.0,5,2011-01-08,1,2,1,2011,1,8,304.89813
513,13,0,0,137.0,161.0,343.0,161.0,69.0,45.0,1267.0,190.0,230.0,240.0,470.0,5,2011-01-10,1,2,1,2011,1,10,306.8704
513,13,0,0,11.0,64.0,115.0,51.0,53.0,19.0,419.0,30.0,50.0,80.0,130.0,6,2010-01-07,1,6,0,2010,1,7,125.51092
513,13,0,0,27.0,73.0,141.0,59.0,55.0,22.0,331.0,40.0,60.0,90.0,150.0,6,2011-01-02,1,6,0,2011,1,2,152.73549
513,13,0,0,12.0,26.0,44.0,18.0,16.0,5.0,486.0,20.0,10.0,20.0,30.0,8,2011-01-07,2,3,0,2011,1,7,67.35403
513,13,0,0,12.0,25.0,41.0,16.0,15.0,4.0,484.0,20.0,10.0,20.0,30.0,8,2011-01-08,2,3,0,2011,1,8,66.332504
513,13,0,0,21.0,30.0,53.0,20.0,16.0,5.0,482.0,30.0,10.0,30.0,40.0,8,2011-01-09,2,3,0,2011,1,9,71.80296
513,13,0,0,18.0,36.0,60.0,24.0,18.0,6.0,856.0,30.0,20.0,30.0,50.0,9,2010-01-06,2,10,0,2010,1,6,83.58363
513,13,0,0,20.0,39.0,66.0,27.0,19.0,7.0,859.0,30.0,10.0,30.0,40.0,9,2010-01-10,2,10,0,2010,1,10,73.36824
513,13,0,0,42.0,48.0,85.0,32.0,20.0,8.0,817.0,50.0,20.0,50.0,70.0,9,2011-01-02,2,10,0,2011,1,2,76.9649
513,13,0,0,42.0,47.0,84.0,32.0,19.0,8.0,813.0,40.0,20.0,40.0,60.0,9,2011-01-03,2,10,0,2011,1,3,77.13539
513,13,0,0,25.0,36.0,59.0,24.0,17.0,6.0,856.0,30.0,20.0,30.0,50.0,9,2011-01-06,2,10,0,2011,1,6,77.89793
513,13,0,0,22.0,33.0,55.0,22.0,16.0,6.0,865.0,30.0,10.0,30.0,40.0,9,2011-01-08,2,10,0,2011,1,8,74.92961
513,13,0,0,68.0,126.0,210.0,84.0,58.0,27.0,632.0,60.0,70.0,110.0,180.0,11,2010-01-03,3,5,1,2010,1,3,208.854
513,13,0,0,99.0,167.0,278.0,111.0,68.0,36.0,767.0,90.0,90.0,150.0,240.0,11,2010-01-06,3,5,1,2010,1,6,241.76143
513,13,0,0,72.0,133.0,221.0,88.0,61.0,29.0,817.0,70.0,70.0,110.0,180.0,11,2010-01-12,3,5,1,2010,1,12,214.07283
513,13,0,0,106.0,126.0,235.0,84.0,61.0,27.0,651.0,60.0,70.0,110.0,180.0,11,2011-01-01,3,5,1,2011,1,1,231.9264
513,13,0,0,101.0,126.0,224.0,84.0,58.0,27.0,632.0,60.0,70.0,110.0,180.0,11,2011-01-03,3,5,1,2011,1,3,226.315
513,13,0,0,109.0,141.0,233.0,94.0,58.0,31.0,697.0,70.0,80.0,120.0,200.0,11,2011-01-05,3,5,1,2011,1,5,240.02214
513,13,0,0,107.0,133.0,236.0,88.0,61.0,29.0,817.0,70.0,70.0,110.0,180.0,11,2011-01-12,3,5,1,2011,1,12,224.66628
513,13,0,0,71.0,120.0,206.0,86.0,49.0,26.0,490.0,70.0,70.0,110.0,180.0,12,2010-01-02,3,8,1,2010,1,2,225.91039
513,13,0,0,74.0,125.0,214.0,89.0,51.0,27.0,481.0,70.0,70.0,110.0,180.0,12,2010-01-03,3,8,1,2010,1,3,226.77182
513,13,0,0,101.0,159.0,273.0,114.0,58.0,35.0,555.0,100.0,90.0,150.0,240.0,12,2010-01-05,3,8,1,2010,1,5,254.37047
513,13,0,0,128.0,195.0,336.0,141.0,67.0,43.0,692.0,110.0,120.0,170.0,290.0,12,2010-01-07,3,8,1,2010,1,7,283.45844
513,13,0,0,81.0,134.0,230.0,96.0,53.0,29.0,666.0,80.0,80.0,120.0,200.0,12,2010-01-09,3,8,1,2010,1,9,252.36627
513,13,0,0,139.0,159.0,271.0,114.0,54.0,35.0,555.0,100.0,90.0,150.0,240.0,12,2011-01-05,3,8,1,2011,1,5,275.6583
513,13,0,0,180.0,186.0,341.0,134.0,65.0,41.0,690.0,90.0,110.0,150.0,260.0,12,2011-01-12,3,8,1,2011,1,12,264.07346
515,5,0,1,11.0,28.0,47.0,19.0,17.0,5.0,820.0,10.0,20.0,20.0,40.0,1,2010-01-04,0,0,1,2010,1,4,46.65111
515,5,0,1,16.0,28.0,50.0,19.0,17.0,5.0,820.0,10.0,20.0,20.0,40.0,1,2011-01-04,0,0,1,2011,1,4,51.0835
515,5,0,1,22.0,31.0,55.0,21.0,16.0,5.0,846.0,30.0,10.0,30.0,40.0,1,2011-01-10,0,0,1,2011,1,10,59.41745
515,5,0,1,3.0,33.0,61.0,28.0,30.0,8.0,964.0,20.0,20.0,40.0,60.0,2,2010-01-04,0,4,1,2010,1,4,66.31972
515,5,0,1,7.0,37.0,68.0,31.0,30.0,9.0,976.0,20.0,30.0,40.0,70.0,2,2010-01-05,0,4,1,2010,1,5,66.49255
515,5,0,1,7.0,37.0,68.0,31.0,30.0,9.0,1000.0,30.0,20.0,40.0,60.0,2,2010-01-10,0,4,1,2010,1,10,61.37851
515,5,0,1,9.0,35.0,67.0,28.0,29.0,8.0,958.0,20.0,20.0,40.0,60.0,2,2011-01-03,0,4,1,2011,1,3,71.32479
515,5,0,1,10.0,39.0,77.0,33.0,32.0,10.0,1003.0,20.0,30.0,40.0,70.0,2,2011-01-09,0,4,1,2011,1,9,78.76137
515,5,0,1,10.0,37.0,72.0,31.0,30.0,9.0,1000.0,30.0,20.0,40.0,60.0,2,2011-01-10,0,4,1,2011,1,10,76.77186
515,5,0,1,7.0,35.0,68.0,29.0,30.0,8.0,1003.0,20.0,20.0,40.0,60.0,2,2011-01-11,0,4,1,2011,1,11,71.55411
515,5,0,1,11.0,30.0,52.0,22.0,19.0,7.0,611.0,20.0,20.0,30.0,50.0,3,2010-01-05,0,7,0,2010,1,5,51.260242
515,5,0,1,19.0,31.0,60.0,23.0,20.0,7.0,623.0,20.0,20.0,30.0,50.0,3,2011-01-01,0,7,0,2011,1,1,52.573803
515,5,0,1,15.0,30.0,52.0,22.0,18.0,7.0,611.0,20.0,20.0,30.0,50.0,3,2011-01-05,0,7,0,2011,1,5,62.3504
515,5,0,1,15.0,30.0,52.0,22.0,18.0,7.0,608.0,20.0,20.0,30.0,50.0,3,2011-01-06,0,7,0,2011,1,6,57.27724
515,5,0,1,15.0,32.0,53.0,21.0,17.0,5.0,798.0,30.0,20.0,40.0,60.0,5,2010-01-06,1,2,1,2010,1,6,64.04452
515,5,0,1,18.0,35.0,58.0,23.0,17.0,6.0,803.0,30.0,20.0,40.0,60.0,5,2010-01-09,1,2,1,2010,1,9,62.916695
515,5,0,1,16.0,34.0,56.0,22.0,18.0,6.0,802.0,40.0,20.0,50.0,70.0,5,2010-01-11,1,2,1,2010,1,11,53.764828
515,5,0,1,17.0,35.0,58.0,23.0,18.0,6.0,807.0,40.0,20.0,50.0,70.0,5,2010-01-12,1,2,1,2010,1,12,59.243248
515,5,0,1,13.0,25.0,44.0,16.0,16.0,4.0,772.0,20.0,10.0,30.0,40.0,5,2011-01-03,1,2,1,2011,1,3,57.170444
515,5,0,1,15.0,26.0,46.0,17.0,16.0,4.0,776.0,30.0,10.0,40.0,50.0,5,2011-01-04,1,2,1,2011,1,4,58.948555
515,5,0,1,17.0,29.0,49.0,20.0,16.0,5.0,784.0,20.0,20.0,30.0,50.0,5,2011-01-05,1,2,1,2011,1,5,65.73257
515,5,0,1,24.0,34.0,60.0,22.0,18.0,6.0,802.0,40.0,20.0,50.0,70.0,5,2011-01-11,1,2,1,2011,1,11,71.62377
515,5,0,1,25.0,35.0,62.0,23.0,18.0,6.0,807.0,40.0,20.0,50.0,70.0,5,2011-01-12,1,2,1,2011,1,12,77.10221
515,5,0,1,31.0,43.0,43.0,0.0,12.0,0.0,645.0,40.0,0.0,50.0,50.0,6,2010-01-05,1,6,0,2010,1,5,47.751755
515,5,0,1,31.0,43.0,43.0,0.0,12.0,0.0,516.0,40.0,0.0,50.0,50.0,6,2010-01-08,1,6,0,2010,1,8,65.12295
515,5,0,1,16.0,26.0,48.0,17.0,17.0,4.0,777.0,30.0,10.0,40.0,50.0,6,2011-01-01,1,6,0,2011,1,1,52.488888
515,5,0,1,46.0,43.0,46.0,0.0,12.0,0.0,387.0,40.0,0.0,50.0,50.0,6,2011-01-11,1,6,0,2011,1,11,56.0964
515,5,0,1,362.0,392.0,681.0,295.0,121.0,97.0,1714.0,250.0,250.0,350.0,600.0,8,2011-01-08,2,3,0,2011,1,8,576.33765
515,5,0,1,321.0,329.0,614.0,247.0,113.0,81.0,1744.0,200.0,230.0,300.0,530.0,8,2011-01-12,2,3,0,2011,1,12,560.0463
515,5,0,1,122.0,185.0,312.0,127.0,63.0,40.0,671.0,130.0,100.0,170.0,270.0,9,2010-01-05,2,10,0,2010,1,5,317.7135
515,5,0,1,208.0,222.0,373.0,154.0,66.0,49.0,817.0,150.0,130.0,200.0,330.0,9,2011-01-08,2,10,0,2011,1,8,351.99188
515,5,0,1,171.0,176.0,318.0,122.0,61.0,39.0,801.0,120.0,100.0,160.0,260.0,9,2011-01-09,2,10,0,2011,1,9,334.71588
515,5,0,1,169.0,176.0,318.0,122.0,62.0,39.0,789.0,130.0,90.0,150.0,240.0,9,2011-01-10,2,10,0,2011,1,10,330.36615
515,5,0,1,183.0,185.0,332.0,127.0,62.0,40.0,830.0,120.0,120.0,170.0,290.0,9,2011-01-12,2,10,0,2011,1,12,331.57523
515,5,0,1,148.0,239.0,478.0,239.0,91.0,66.0,1417.0,140.0,200.0,220.0,420.0,11,2010-01-03,3,5,1,2010,1,3,485.40463
515,5,0,1,167.0,266.0,532.0,266.0,99.0,74.0,1819.0,150.0,220.0,240.0,460.0,11,2010-01-07,3,5,1,2010,1,7,528.4958
515,5,0,1,167.0,266.0,532.0,266.0,99.0,74.0,1797.0,150.0,220.0,240.0,460.0,11,2010-01-08,3,5,1,2010,1,8,529.1632
515,5,0,1,221.0,239.0,509.0,239.0,90.0,66.0,1755.0,110.0,170.0,170.0,340.0,11,2011-01-10,3,5,1,2011,1,10,513.628
515,5,0,1,169.0,294.0,534.0,240.0,125.0,91.0,1391.0,150.0,200.0,260.0,460.0,12,2010-01-02,3,8,1,2010,1,2,542.4881
515,5,0,1,175.0,301.0,546.0,245.0,126.0,93.0,1369.0,160.0,210.0,270.0,480.0,12,2010-01-03,3,8,1,2010,1,3,544.0764
515,5,0,1,186.0,318.0,578.0,260.0,132.0,98.0,1423.0,160.0,220.0,280.0,500.0,12,2010-01-04,3,8,1,2010,1,4,571.0137
515,5,0,1,207.0,348.0,632.0,284.0,141.0,107.0,1809.0,180.0,240.0,310.0,550.0,12,2010-01-08,3,8,1,2010,1,8,599.36414
515,5,0,1,262.0,324.0,584.0,265.0,125.0,100.0,1538.0,170.0,220.0,290.0,510.0,12,2011-01-05,3,8,1,2011,1,5,587.92126
515,5,0,1,272.0,332.0,598.0,271.0,126.0,102.0,1714.0,180.0,230.0,300.0,530.0,12,2011-01-06,3,8,1,2011,1,6,586.31494
515,5,0,1,272.0,332.0,597.0,270.0,126.0,102.0,1834.0,170.0,230.0,290.0,520.0,12,2011-01-07,3,8,1,2011,1,7,600.9002
515,5,0,1,286.0,348.0,626.0,284.0,131.0,107.0,1809.0,180.0,240.0,310.0,550.0,12,2011-01-08,3,8,1,2011,1,8,617.80115
515,5,0,1,272.0,312.0,604.0,255.0,129.0,96.0,1756.0,130.0,170.0,230.0,400.0,12,2011-01-10,3,8,1,2011,1,10,597.7345
516,12,1,0,463.0,474.0,842.0,316.0,162.0,110.0,2580.0,320.0,300.0,450.0,750.0,2,2011-01-09,0,4,1,2011,1,9,861.4589
516,12,1,0,89.0,124.0,210.0,86.0,35.0,24.0,499.0,100.0,90.0,130.0,220.0,13,2010-01-05,3,9,1,2010,1,5,208.47379
516,12,1,0,-268.0,-44.0,68.0,105.0,134.0,95.0,725.0,-170.0,100.0,-50.0,50.0,5,2011-01-01,1,2,1,2011,1,1,76.447495
516,12,1,0,141.0,268.0,513.0,245.0,127.0,93.0,1471.0,130.0,180.0,220.0,400.0,9,2010-01-03,2,10,0,2010,1,3,514.864
516,12,1,0,388.0,523.0,793.0,270.0,135.0,102.0,1781.0,310.0,200.0,410.0,610.0,9,2010-01-07,2,10,0,2010,1,7,738.914
516,12,1,0,173.0,238.0,540.0,245.0,133.0,93.0,1419.0,100.0,180.0,190.0,370.0,9,2011-01-01,2,10,0,2011,1,1,545.22766
516,12,1,0,536.0,523.0,786.0,270.0,126.0,102.0,1781.0,310.0,200.0,410.0,610.0,9,2011-01-07,2,10,0,2011,1,7,754.44745
516,12,1,0,-176.0,-27.0,201.0,207.0,90.0,64.0,965.0,-70.0,150.0,-10.0,140.0,10,2011-01-01,2,11,0,2011,1,1,201.37027
516,12,1,0,133.0,178.0,301.0,123.0,45.0,34.0,947.0,150.0,130.0,190.0,320.0,11,2010-01-06,3,5,1,2010,1,6,291.4007
516,12,1,0,115.0,157.0,265.0,108.0,42.0,30.0,971.0,140.0,110.0,170.0,280.0,11,2010-01-10,3,5,1,2010,1,10,252.33463
516,12,1,0,155.0,152.0,254.0,104.0,37.0,29.0,871.0,120.0,110.0,160.0,270.0,11,2011-01-05,3,5,1,2011,1,5,255.89958
516,12,1,0,125.0,117.0,211.0,81.0,33.0,22.0,984.0,90.0,80.0,120.0,200.0,11,2011-01-11,3,5,1,2011,1,11,264.65222
516,12,1,0,235.0,325.0,564.0,239.0,90.0,66.0,1262.0,250.0,220.0,330.0,550.0,7,2010-01-04,1,12,1,2010,1,4,563.99585
516,12,1,0,273.0,262.0,548.0,228.0,91.0,63.0,1459.0,200.0,210.0,270.0,480.0,7,2011-01-01,1,12,1,2011,1,1,537.87537
516,12,1,0,258.0,283.0,538.0,260.0,89.0,72.0,1271.0,210.0,240.0,290.0,530.0,7,2011-01-05,1,12,1,2011,1,5,552.7781
516,12,1,0,332.0,318.0,604.0,249.0,94.0,69.0,1286.0,240.0,230.0,320.0,550.0,7,2011-01-09,1,12,1,2011,1,9,639.56976
518,12,1,0,408.0,407.0,759.0,271.0,152.0,94.0,2101.0,260.0,260.0,380.0,640.0,2,2011-01-01,0,4,1,2011,1,1,725.18964
518,12,1,0,410.0,428.0,759.0,284.0,152.0,99.0,2108.0,280.0,270.0,400.0,670.0,2,2011-01-04,0,4,1,2011,1,4,746.2849
518,12,1,0,83.0,117.0,198.0,81.0,34.0,22.0,441.0,100.0,80.0,130.0,210.0,13,2010-01-03,3,9,1,2010,1,3,185.98688
518,12,1,0,78.0,111.0,187.0,76.0,33.0,21.0,580.0,100.0,80.0,120.0,200.0,13,2010-01-10,3,9,1,2010,1,10,194.47044
518,12,1,0,52.0,79.0,133.0,54.0,27.0,15.0,601.0,60.0,50.0,80.0,130.0,13,2010-01-12,3,9,1,2010,1,12,154.81177
518,12,1,0,123.0,117.0,211.0,81.0,34.0,22.0,460.0,100.0,80.0,130.0,210.0,13,2011-01-04,3,9,1,2011,1,4,206.66365
518,12,1,0,-284.0,-95.0,78.0,173.0,189.0,156.0,2615.0,-260.0,160.0,-90.0,70.0,5,2010-01-08,1,2,1,2010,1,8,107.62681
518,12,1,0,-292.0,-53.0,72.0,121.0,144.0,110.0,2932.0,-180.0,110.0,-50.0,60.0,5,2011-01-09,1,2,1,2011,1,9,93.632034
518,12,1,0,131.0,255.0,495.0,240.0,124.0,91.0,1454.0,110.0,180.0,200.0,380.0,9,2010-01-02,2,10,0,2010,1,2,507.13132
518,12,1,0,194.0,255.0,528.0,240.0,124.0,91.0,1454.0,110.0,180.0,200.0,380.0,9,2011-01-02,2,10,0,2011,1,2,552.48517
518,12,1,0,348.0,386.0,645.0,265.0,125.0,100.0,1613.0,200.0,200.0,300.0,500.0,9,2011-01-05,2,10,0,2011,1,5,608.1897
518,12,1,0,-232.0,-65.0,171.0,225.0,91.0,69.0,4742.0,-120.0,160.0,-50.0,110.0,10,2011-01-11,2,11,0,2011,1,11,192.51067
518,12,1,0,112.0,152.0,256.0,104.0,40.0,29.0,871.0,120.0,110.0,160.0,270.0,11,2010-01-05,3,5,1,2010,1,5,249.73119
518,12,1,0,84.0,117.0,198.0,81.0,33.0,22.0,984.0,90.0,80.0,120.0,200.0,11,2010-01-11,3,5,1,2010,1,11,209.2344
518,12,1,0,105.0,144.0,243.0,99.0,39.0,27.0,766.0,130.0,100.0,160.0,260.0,12,2010-01-02,3,8,1,2010,1,2,238.94049
518,12,1,0,111.0,152.0,256.0,104.0,41.0,29.0,952.0,120.0,110.0,160.0,270.0,12,2010-01-07,3,8,1,2010,1,7,304.6943
518,12,1,0,133.0,179.0,302.0,123.0,46.0,34.0,928.0,150.0,130.0,190.0,320.0,12,2010-01-09,3,8,1,2010,1,9,266.3397
518,12,1,0,197.0,179.0,322.0,123.0,46.0,34.0,928.0,150.0,130.0,190.0,320.0,12,2011-01-09,3,8,1,2011,1,9,287.94382
518,12,1,0,197.0,179.0,322.0,123.0,46.0,34.0,959.0,150.0,120.0,190.0,310.0,12,2011-01-12,3,8,1,2011,1,12,270.63855
518,12,1,0,463.0,407.0,700.0,250.0,95.0,70.0,723.0,320.0,240.0,400.0,640.0,7,2011-01-12,1,12,1,2011,1,12,616.67975
530,0,3,0,493.0,534.0,882.0,356.0,165.0,124.0,2476.0,500.0,440.0,670.0,1110.0,2,2011-01-06,0,4,1,2011,1,6,871.37634
530,0,3,0,402.0,420.0,745.0,279.0,149.0,97.0,2642.0,350.0,330.0,500.0,830.0,2,2011-01-12,0,4,1,2011,1,12,715.05273
530,0,3,0,-189.0,-30.0,165.0,196.0,100.0,64.0,3139.0,-140.0,240.0,-40.0,200.0,3,2011-01-08,0,7,0,2011,1,8,190.31145
530,0,3,0,86.0,114.0,201.0,75.0,56.0,24.0,549.0,50.0,40.0,80.0,120.0,13,2011-01-02,3,9,1,2011,1,2,186.81557
530,0,3,0,58.0,90.0,160.0,60.0,51.0,19.0,656.0,40.0,30.0,70.0,100.0,13,2011-01-09,3,9,1,2011,1,9,159.95703
530,0,3,0,50.0,239.0,412.0,173.0,189.0,156.0,927.0,60.0,160.0,230.0,390.0,5,2010-01-08,1,2,1,2010,1,8,379.26306
530,0,3,0,31.0,187.0,322.0,135.0,156.0,122.0,940.0,40.0,130.0,180.0,310.0,5,2010-01-12,1,2,1,2010,1,12,325.67578
530,0,3,0,26.0,145.0,280.0,105.0,134.0,95.0,725.0,20.0,100.0,140.0,240.0,5,2011-01-01,1,2,1,2011,1,1,308.60144
530,0,3,0,46.0,187.0,343.0,135.0,156.0,122.0,940.0,40.0,130.0,180.0,310.0,5,2011-01-12,1,2,1,2011,1,12,326.75916
530,0,3,0,326.0,336.0,628.0,253.0,116.0,83.0,1686.0,220.0,240.0,320.0,560.0,6,2011-01-09,1,6,0,2011,1,9,605.72833
530,0,3,0,249.0,245.0,506.0,207.0,89.0,64.0,965.0,160.0,170.0,220.0,390.0,9,2011-01-01,2,10,0,2011,1,1,496.56567
530,0,3,0,68.0,107.0,190.0,83.0,39.0,27.0,613.0,60.0,70.0,90.0,160.0,10,2010-01-02,2,11,0,2010,1,2,187.34459
530,0,3,0,92.0,107.0,188.0,83.0,37.0,27.0,584.0,60.0,70.0,90.0,160.0,10,2011-01-05,2,11,0,2011,1,5,189.43193
530,0,3,0,39.0,51.0,96.0,39.0,25.0,12.0,541.0,40.0,20.0,40.0,60.0,10,2011-01-10,2,11,0,2011,1,10,142.48685
530,0,3,0,153.0,152.0,254.0,104.0,38.0,29.0,821.0,100.0,60.0,110.0,170.0,11,2011-01-05,3,5,1,2011,1,5,253.4791
530,0,3,0,83.0,117.0,198.0,81.0,34.0,22.0,460.0,70.0,50.0,80.0,130.0,12,2010-01-04,3,8,1,2010,1,4,207.84297
530,0,3,0,89.0,124.0,210.0,86.0,35.0,24.0,499.0,80.0,50.0,90.0,140.0,12,2010-01-05,3,8,1,2010,1,5,217.1132
541,15,3,1,1.0,87.0,150.0,63.0,86.0,57.0,435.0,40.0,70.0,110.0,180.0,1,2010-01-01,0,0,1,2010,1,1,138.22296
541,15,3,1,-6.0,63.0,107.0,44.0,69.0,40.0,496.0,30.0,50.0,80.0,130.0,1,2010-01-06,0,0,1,2010,1,6,113.050995
541,15,3,1,-11.0,52.0,89.0,37.0,63.0,33.0,513.0,20.0,40.0,70.0,110.0,1,2010-01-08,0,0,1,2010,1,8,104.44661
541,15,3,1,-3.0,74.0,126.0,52.0,77.0,47.0,509.0,30.0,60.0,90.0,150.0,1,2010-01-09,0,0,1,2010,1,9,117.52218
541,15,3,1,-4.0,73.0,125.0,52.0,77.0,47.0,509.0,10.0,60.0,80.0,140.0,1,2010-01-11,0,0,1,2010,1,11,118.26045
541,15,3,1,-6.0,75.0,137.0,54.0,79.0,49.0,427.0,40.0,60.0,100.0,160.0,1,2011-01-02,0,0,1,2011,1,2,139.90413
541,15,3,1,-10.0,65.0,119.0,47.0,72.0,42.0,521.0,20.0,50.0,80.0,130.0,1,2011-01-12,0,0,1,2011,1,12,122.52015
541,15,3,1,18.0,80.0,137.0,57.0,62.0,18.0,469.0,50.0,70.0,100.0,170.0,2,2010-01-09,0,4,1,2010,1,9,125.275024
541,15,3,1,12.0,70.0,127.0,49.0,62.0,16.0,399.0,30.0,60.0,80.0,140.0,2,2011-01-04,0,4,1,2011,1,4,131.49663
541,15,3,1,0.0,55.0,93.0,39.0,51.0,12.0,478.0,20.0,40.0,70.0,110.0,2,2011-01-07,0,4,1,2011,1,7,118.43226
541,15,3,1,27.0,80.0,146.0,57.0,62.0,18.0,469.0,50.0,70.0,100.0,170.0,2,2011-01-09,0,4,1,2011,1,9,129.27019
541,15,3,1,21.0,75.0,136.0,53.0,61.0,17.0,470.0,40.0,60.0,90.0,150.0,2,2011-01-11,0,4,1,2011,1,11,127.18357
541,15,3,1,1.0,57.0,104.0,41.0,56.0,13.0,482.0,20.0,40.0,70.0,110.0,2,2011-01-12,0,4,1,2011,1,12,127.39608
541,15,3,1,20.0,55.0,93.0,38.0,35.0,12.0,414.0,40.0,40.0,70.0,110.0,3,2010-01-06,0,7,0,2010,1,6,99.0478
541,15,3,1,19.0,51.0,85.0,34.0,32.0,10.0,428.0,40.0,40.0,60.0,100.0,3,2010-01-08,0,7,0,2010,1,8,94.08378
541,15,3,1,42.0,64.0,114.0,43.0,36.0,13.0,363.0,50.0,50.0,80.0,130.0,3,2011-01-04,0,7,0,2011,1,4,118.01014
541,15,3,1,25.0,51.0,84.0,34.0,31.0,10.0,432.0,40.0,40.0,60.0,100.0,3,2011-01-07,0,7,0,2011,1,7,97.134
541,15,3,1,37.0,60.0,108.0,41.0,35.0,13.0,435.0,50.0,40.0,80.0,120.0,3,2011-01-12,0,7,0,2011,1,12,107.45913
541,15,3,1,67.0,116.0,200.0,84.0,49.0,26.0,500.0,50.0,50.0,80.0,130.0,13,2010-01-01,3,9,1,2010,1,1,209.67871
541,15,3,1,74.0,125.0,214.0,89.0,51.0,27.0,481.0,60.0,50.0,90.0,140.0,13,2010-01-03,3,9,1,2010,1,3,209.40164
541,15,3,1,102.0,161.0,277.0,116.0,59.0,35.0,678.0,70.0,70.0,110.0,180.0,13,2010-01-08,3,9,1,2010,1,8,284.84442
541,15,3,1,81.0,134.0,230.0,96.0,53.0,29.0,666.0,60.0,60.0,90.0,150.0,13,2010-01-09,3,9,1,2010,1,9,250.80501
541,15,3,1,104.0,116.0,224.0,84.0,51.0,26.0,500.0,50.0,50.0,80.0,130.0,13,2011-01-01,3,9,1,2011,1,1,225.24187
541,15,3,1,139.0,159.0,271.0,114.0,54.0,35.0,555.0,70.0,70.0,110.0,180.0,13,2011-01-05,3,9,1,2011,1,5,281.67053
541,15,3,1,178.0,195.0,333.0,141.0,61.0,43.0,692.0,90.0,90.0,130.0,220.0,13,2011-01-07,3,9,1,2011,1,7,304.7481
541,15,3,1,113.0,127.0,232.0,91.0,51.0,28.0,656.0,50.0,40.0,60.0,100.0,13,2011-01-10,3,9,1,2011,1,10,268.9873
541,15,3,1,33.0,80.0,140.0,60.0,47.0,19.0,329.0,50.0,50.0,80.0,130.0,5,2010-01-02,1,2,1,2010,1,2,121.85754
541,15,3,1,27.0,71.0,123.0,52.0,44.0,17.0,361.0,40.0,40.0,70.0,110.0,5,2010-01-05,1,2,1,2010,1,5,116.16741
541,15,3,1,28.0,72.0,125.0,53.0,44.0,17.0,410.0,40.0,50.0,70.0,120.0,5,2010-01-09,1,2,1,2010,1,9,120.078384
541,15,3,1,49.0,80.0,149.0,60.0,47.0,19.0,329.0,50.0,50.0,80.0,130.0,5,2011-01-02,1,2,1,2011,1,2,131.29155
541,15,3,1,33.0,68.0,117.0,50.0,41.0,16.0,397.0,40.0,40.0,70.0,110.0,5,2011-01-06,1,2,1,2011,1,6,113.09759
541,15,3,1,40.0,71.0,131.0,52.0,44.0,17.0,405.0,60.0,30.0,70.0,100.0,5,2011-01-10,1,2,1,2011,1,10,126.80256
541,15,3,1,49.0,79.0,147.0,59.0,46.0,19.0,411.0,50.0,50.0,80.0,130.0,5,2011-01-11,1,2,1,2011,1,11,123.90827
541,15,3,1,83.0,149.0,298.0,149.0,66.0,41.0,1156.0,90.0,140.0,140.0,280.0,6,2010-01-05,1,6,0,2010,1,5,297.04434
541,15,3,1,83.0,149.0,298.0,149.0,66.0,41.0,1245.0,90.0,140.0,140.0,280.0,6,2010-01-06,1,6,0,2010,1,6,291.8155
541,15,3,1,81.0,146.0,291.0,145.0,65.0,40.0,1304.0,90.0,130.0,140.0,270.0,6,2010-01-07,1,6,0,2010,1,7,291.8071
541,15,3,1,87.0,155.0,310.0,155.0,68.0,43.0,1280.0,90.0,140.0,150.0,290.0,6,2010-01-09,1,6,0,2010,1,9,288.9749
541,15,3,1,115.0,149.0,295.0,149.0,61.0,41.0,1156.0,90.0,140.0,140.0,280.0,6,2011-01-05,1,6,0,2011,1,5,287.9597
541,15,3,1,112.0,146.0,288.0,145.0,60.0,40.0,1292.0,90.0,130.0,140.0,270.0,6,2011-01-08,1,6,0,2011,1,8,296.81714
541,15,3,1,33.0,55.0,92.0,37.0,22.0,10.0,768.0,50.0,30.0,50.0,80.0,8,2010-01-03,2,3,0,2010,1,3,81.54816
541,15,3,1,17.0,36.0,61.0,25.0,19.0,7.0,823.0,30.0,20.0,30.0,50.0,8,2010-01-09,2,3,0,2010,1,9,65.86951
541,15,3,1,19.0,36.0,60.0,24.0,17.0,6.0,829.0,20.0,20.0,30.0,50.0,8,2010-01-12,2,3,0,2010,1,12,70.00761
541,15,3,1,30.0,41.0,68.0,28.0,18.0,7.0,816.0,40.0,20.0,40.0,60.0,8,2011-01-06,2,3,0,2011,1,6,73.32159
541,15,3,1,28.0,38.0,67.0,25.0,19.0,7.0,823.0,20.0,20.0,30.0,50.0,8,2011-01-11,2,3,0,2011,1,11,72.90712
541,15,3,1,30.0,56.0,100.0,44.0,26.0,14.0,618.0,30.0,30.0,50.0,80.0,9,2010-01-02,2,10,0,2010,1,2,107.72694
541,15,3,1,53.0,87.0,155.0,68.0,34.0,22.0,587.0,60.0,50.0,80.0,130.0,9,2010-01-08,2,10,0,2010,1,8,147.76247
541,15,3,1,66.0,104.0,185.0,81.0,38.0,26.0,551.0,70.0,70.0,100.0,170.0,9,2010-01-12,2,10,0,2010,1,12,157.7946
541,15,3,1,47.0,60.0,113.0,46.0,28.0,15.0,608.0,40.0,30.0,60.0,90.0,9,2011-01-04,2,10,0,2011,1,4,128.12573
541,15,3,1,41.0,56.0,98.0,43.0,24.0,14.0,602.0,30.0,30.0,50.0,80.0,9,2011-01-05,2,10,0,2011,1,5,128.62654
541,15,3,1,73.0,87.0,154.0,68.0,32.0,22.0,587.0,60.0,50.0,80.0,130.0,9,2011-01-08,2,10,0,2011,1,8,153.64496
541,15,3,1,70.0,79.0,149.0,61.0,32.0,20.0,579.0,50.0,50.0,70.0,120.0,9,2011-01-09,2,10,0,2011,1,9,147.0752
541,15,3,1,108.0,115.0,218.0,90.0,42.0,29.0,572.0,90.0,60.0,100.0,160.0,9,2011-01-10,2,10,0,2011,1,10,153.26212
541,15,3,1,104.0,112.0,213.0,88.0,42.0,29.0,561.0,70.0,80.0,100.0,180.0,9,2011-01-11,2,10,0,2011,1,11,155.66803
541,15,3,1,17.0,34.0,56.0,22.0,17.0,6.0,452.0,20.0,10.0,20.0,30.0,11,2010-01-02,3,5,1,2010,1,2,62.455948
541,15,3,1,9.0,26.0,44.0,18.0,17.0,5.0,486.0,10.0,10.0,10.0,20.0,11,2010-01-07,3,5,1,2010,1,7,61.592663
541,15,3,1,13.0,30.0,50.0,20.0,17.0,5.0,482.0,20.0,10.0,20.0,30.0,11,2010-01-09,3,5,1,2010,1,9,63.051105
541,15,3,1,16.0,32.0,53.0,21.0,16.0,5.0,480.0,20.0,0.0,20.0,20.0,11,2010-01-10,3,5,1,2010,1,10,63.58682
541,15,3,1,28.0,48.0,80.0,32.0,20.0,8.0,482.0,30.0,20.0,30.0,50.0,11,2010-01-11,3,5,1,2010,1,11,63.600018
541,15,3,1,44.0,48.0,90.0,32.0,21.0,8.0,456.0,30.0,20.0,30.0,50.0,11,2011-01-01,3,5,1,2011,1,1,83.03675
541,15,3,1,24.0,32.0,56.0,21.0,16.0,5.0,449.0,20.0,10.0,20.0,30.0,11,2011-01-03,3,5,1,2011,1,3,72.00812
541,15,3,1,22.0,32.0,56.0,21.0,17.0,5.0,454.0,20.0,10.0,20.0,30.0,11,2011-01-04,3,5,1,2011,1,4,72.79167
541,15,3,1,12.0,25.0,41.0,16.0,15.0,4.0,484.0,10.0,10.0,10.0,20.0,11,2011-01-08,3,5,1,2011,1,8,62.57684
541,15,3,1,19.0,30.0,53.0,20.0,17.0,5.0,482.0,20.0,10.0,20.0,30.0,11,2011-01-09,3,5,1,2011,1,9,65.29394
541,15,3,1,37.0,44.0,78.0,29.0,19.0,8.0,490.0,30.0,20.0,30.0,50.0,11,2011-01-12,3,5,1,2011,1,12,67.74796
541,15,3,1,73.0,134.0,222.0,88.0,61.0,29.0,653.0,70.0,50.0,100.0,150.0,12,2010-01-04,3,8,1,2010,1,4,222.43373
541,15,3,1,87.0,150.0,249.0,99.0,63.0,32.0,798.0,60.0,60.0,100.0,160.0,12,2010-01-09,3,8,1,2010,1,9,224.52063
541,15,3,1,144.0,172.0,283.0,114.0,63.0,37.0,822.0,80.0,70.0,120.0,190.0,12,2011-01-07,3,8,1,2011,1,7,255.6647
541,15,3,1,144.0,172.0,283.0,114.0,63.0,37.0,810.0,80.0,70.0,120.0,190.0,12,2011-01-08,3,8,1,2011,1,8,269.04434
541,15,3,1,15.0,71.0,129.0,58.0,56.0,22.0,325.0,20.0,50.0,70.0,120.0,4,2010-01-03,1,1,1,2010,1,3,126.977
541,15,3,1,13.0,67.0,121.0,54.0,54.0,20.0,337.0,20.0,50.0,60.0,110.0,4,2010-01-04,1,1,1,2010,1,4,133.59013
541,15,3,1,11.0,65.0,118.0,53.0,54.0,20.0,361.0,20.0,50.0,60.0,110.0,4,2010-01-05,1,1,1,2010,1,5,124.78321
541,15,3,1,16.0,69.0,124.0,55.0,53.0,20.0,410.0,30.0,50.0,70.0,120.0,4,2010-01-11,1,1,1,2010,1,11,112.26758
541,15,3,1,27.0,73.0,141.0,59.0,55.0,22.0,331.0,20.0,50.0,70.0,120.0,4,2011-01-02,1,1,1,2011,1,2,142.55925
541,15,3,1,15.0,65.0,117.0,53.0,50.0,20.0,361.0,20.0,50.0,60.0,110.0,4,2011-01-05,1,1,1,2011,1,5,122.18522
541,15,3,1,12.0,60.0,108.0,49.0,47.0,18.0,414.0,20.0,40.0,60.0,100.0,4,2011-01-08,1,1,1,2011,1,8,117.41802
559,0,3,0,262.0,407.0,678.0,271.0,145.0,94.0,2101.0,370.0,340.0,500.0,840.0,2,2010-01-01,0,4,1,2010,1,1,665.32623
559,0,3,0,243.0,252.0,496.0,213.0,88.0,66.0,942.0,160.0,180.0,220.0,400.0,9,2011-01-02,2,10,0,2011,1,2,493.92624
559,0,3,0,253.0,277.0,507.0,235.0,87.0,72.0,1060.0,180.0,200.0,250.0,450.0,9,2011-01-05,2,10,0,2011,1,5,512.6092
559,0,3,0,129.0,212.0,423.0,211.0,83.0,59.0,1778.0,140.0,200.0,210.0,410.0,4,2010-01-11,1,1,1,2010,1,11,437.60645
561,3,1,0,67.0,126.0,210.0,84.0,59.0,27.0,632.0,70.0,80.0,110.0,190.0,2,2010-01-03,0,4,1,2010,1,3,208.68993
561,3,1,0,93.0,120.0,213.0,80.0,57.0,26.0,640.0,80.0,70.0,120.0,190.0,2,2011-01-02,0,4,1,2011,1,2,226.54124
561,3,1,0,98.0,155.0,267.0,112.0,57.0,34.0,502.0,100.0,100.0,150.0,250.0,3,2010-01-04,0,7,0,2010,1,4,260.52603
561,3,1,0,76.0,127.0,218.0,91.0,51.0,28.0,656.0,90.0,70.0,110.0,180.0,3,2010-01-10,0,7,0,2010,1,10,223.9719
561,3,1,0,141.0,161.0,275.0,116.0,55.0,35.0,678.0,100.0,110.0,150.0,260.0,3,2011-01-08,0,7,0,2011,1,8,283.58246
561,3,1,0,28.0,47.0,78.0,31.0,19.0,8.0,856.0,40.0,30.0,50.0,80.0,13,2010-01-11,3,9,1,2010,1,11,92.11628
561,3,1,0,51.0,103.0,180.0,77.0,52.0,25.0,557.0,60.0,70.0,100.0,170.0,6,2010-01-11,1,6,0,2010,1,11,184.57782
561,3,1,0,21.0,43.0,76.0,33.0,22.0,10.0,577.0,20.0,20.0,30.0,50.0,8,2010-01-09,2,3,0,2010,1,9,76.46178
561,3,1,0,11.0,30.0,52.0,22.0,19.0,7.0,570.0,10.0,10.0,20.0,30.0,8,2010-01-11,2,3,0,2010,1,11,64.98726
561,3,1,0,19.0,67.0,129.0,54.0,54.0,20.0,391.0,10.0,40.0,40.0,80.0,9,2011-01-11,2,10,0,2011,1,11,133.48363
561,3,1,0,50.0,96.0,176.0,80.0,46.0,24.0,1079.0,30.0,60.0,60.0,120.0,10,2010-01-12,2,11,0,2010,1,12,170.88916
561,3,1,0,65.0,89.0,175.0,75.0,45.0,23.0,1063.0,30.0,50.0,60.0,110.0,10,2011-01-11,2,11,0,2011,1,11,184.23738
561,3,1,0,47.0,52.0,93.0,35.0,20.0,9.0,875.0,50.0,30.0,60.0,90.0,11,2011-01-09,3,5,1,2011,1,9,71.570435
561,3,1,0,52.0,56.0,100.0,38.0,21.0,10.0,871.0,50.0,40.0,60.0,100.0,11,2011-01-10,3,5,1,2011,1,10,63.05202
562,0,3,0,-139.0,-67.0,87.0,154.0,72.0,49.0,2105.0,-150.0,190.0,-90.0,100.0,1,2010-01-08,0,0,1,2010,1,8,109.06863
562,0,3,0,-113.0,-13.0,117.0,123.0,63.0,39.0,964.0,-70.0,150.0,-20.0,130.0,1,2011-01-04,0,0,1,2011,1,4,118.77341
562,0,3,0,465.0,474.0,842.0,316.0,161.0,110.0,2580.0,450.0,390.0,590.0,980.0,2,2011-01-09,0,4,1,2011,1,9,829.9304
562,0,3,0,56.0,110.0,182.0,72.0,54.0,23.0,650.0,50.0,20.0,60.0,80.0,13,2010-01-10,3,9,1,2010,1,10,178.50648
562,0,3,0,45.0,225.0,387.0,162.0,180.0,147.0,943.0,60.0,150.0,220.0,370.0,5,2010-01-07,1,2,1,2010,1,7,374.19226
562,0,3,0,27.0,173.0,298.0,125.0,146.0,113.0,898.0,50.0,110.0,160.0,270.0,5,2010-01-10,1,2,1,2010,1,10,326.33746
562,0,3,0,240.0,362.0,634.0,272.0,122.0,89.0,1616.0,230.0,260.0,340.0,600.0,6,2010-01-06,1,6,0,2010,1,6,599.67413
562,0,3,0,357.0,387.0,672.0,291.0,119.0,96.0,1742.0,260.0,270.0,380.0,650.0,6,2011-01-07,1,6,0,2011,1,7,644.56775
562,0,3,0,101.0,139.0,234.0,95.0,38.0,26.0,799.0,100.0,80.0,120.0,200.0,8,2010-01-03,2,3,0,2010,1,3,244.17947
562,0,3,0,156.0,145.0,261.0,100.0,40.0,28.0,981.0,110.0,80.0,130.0,210.0,8,2011-01-09,2,3,0,2011,1,9,261.16187
562,0,3,0,186.0,281.0,520.0,239.0,95.0,74.0,1246.0,170.0,190.0,220.0,410.0,9,2010-01-10,2,10,0,2010,1,10,524.327
562,0,3,0,69.0,109.0,193.0,84.0,40.0,27.0,603.0,60.0,70.0,90.0,160.0,10,2010-01-03,2,11,0,2010,1,3,189.55971
562,0,3,0,92.0,100.0,190.0,78.0,38.0,25.0,593.0,60.0,60.0,90.0,150.0,10,2011-01-04,2,11,0,2011,1,4,193.45763
562,0,3,0,112.0,152.0,256.0,104.0,40.0,29.0,952.0,100.0,60.0,110.0,170.0,11,2010-01-07,3,5,1,2010,1,7,292.4514
562,0,3,0,134.0,179.0,302.0,123.0,45.0,34.0,915.0,80.0,50.0,90.0,140.0,11,2010-01-10,3,5,1,2010,1,10,273.37225
562,0,3,0,146.0,130.0,245.0,89.0,38.0,24.0,777.0,80.0,50.0,90.0,140.0,11,2011-01-01,3,5,1,2011,1,1,232.76604
562,0,3,0,123.0,124.0,208.0,86.0,33.0,24.0,499.0,80.0,50.0,90.0,140.0,12,2011-01-05,3,8,1,2011,1,5,210.53615
562,0,3,0,149.0,239.0,478.0,239.0,90.0,66.0,1755.0,160.0,210.0,220.0,430.0,4,2010-01-10,1,1,1,2010,1,10,471.96945
563,5,0,1,15.0,31.0,52.0,21.0,16.0,5.0,846.0,30.0,10.0,30.0,40.0,1,2010-01-10,0,0,1,2010,1,10,47.363434
563,5,0,1,8.0,24.0,39.0,15.0,16.0,4.0,848.0,10.0,10.0,20.0,30.0,1,2010-01-11,0,0,1,2010,1,11,41.544098
563,5,0,1,17.0,27.0,50.0,18.0,17.0,5.0,821.0,20.0,10.0,30.0,40.0,1,2011-01-01,0,0,1,2011,1,1,44.766556
563,5,0,1,15.0,25.0,44.0,16.0,15.0,4.0,851.0,20.0,10.0,30.0,40.0,1,2011-01-12,0,0,1,2011,1,12,62.838913
563,5,0,1,8.0,38.0,70.0,32.0,30.0,9.0,996.0,20.0,30.0,40.0,70.0,2,2010-01-06,0,4,1,2010,1,6,79.968025
563,5,0,1,15.0,49.0,90.0,41.0,34.0,12.0,1007.0,20.0,40.0,50.0,90.0,2,2010-01-08,0,4,1,2010,1,8,89.5652
563,5,0,1,5.0,35.0,64.0,29.0,30.0,8.0,1003.0,20.0,20.0,40.0,60.0,2,2010-01-11,0,4,1,2010,1,11,56.786346
563,5,0,1,8.0,38.0,69.0,31.0,30.0,9.0,1009.0,10.0,30.0,30.0,60.0,2,2010-01-12,0,4,1,2010,1,12,65.0347
563,5,0,1,12.0,31.0,54.0,23.0,19.0,7.0,617.0,20.0,20.0,30.0,50.0,3,2010-01-03,0,7,0,2010,1,3,42.48997
563,5,0,1,3.0,20.0,35.0,15.0,17.0,4.0,600.0,10.0,10.0,20.0,30.0,3,2010-01-09,0,7,0,2010,1,9,44.19162
563,5,0,1,11.0,26.0,43.0,17.0,15.0,4.0,777.0,30.0,10.0,40.0,50.0,5,2010-01-01,1,2,1,2010,1,1,59.03824
563,5,0,1,10.0,26.0,43.0,17.0,16.0,4.0,776.0,30.0,10.0,40.0,50.0,5,2010-01-04,1,2,1,2010,1,4,76.20491
563,5,0,1,17.0,26.0,48.0,17.0,16.0,4.0,777.0,30.0,10.0,40.0,50.0,5,2011-01-01,1,2,1,2011,1,1,66.325615
563,5,0,1,21.0,32.0,53.0,21.0,16.0,5.0,798.0,30.0,20.0,40.0,60.0,5,2011-01-06,1,2,1,2011,1,6,75.60237
563,5,0,1,25.0,35.0,57.0,23.0,16.0,6.0,806.0,30.0,20.0,40.0,60.0,5,2011-01-08,1,2,1,2011,1,8,103.56254
563,5,0,1,10.0,26.0,43.0,17.0,16.0,4.0,777.0,30.0,10.0,40.0,50.0,6,2010-01-01,1,6,0,2010,1,1,50.07195
563,5,0,1,32.0,43.0,43.0,0.0,11.0,0.0,731.0,40.0,0.0,50.0,50.0,6,2010-01-03,1,6,0,2010,1,3,61.984085
563,5,0,1,43.0,43.0,43.0,0.0,11.0,0.0,645.0,40.0,0.0,50.0,50.0,6,2011-01-05,1,6,0,2011,1,5,68.263626
563,5,0,1,43.0,43.0,43.0,0.0,11.0,0.0,602.0,40.0,0.0,50.0,50.0,6,2011-01-06,1,6,0,2011,1,6,70.76488
563,5,0,1,43.0,43.0,43.0,0.0,11.0,0.0,559.0,40.0,0.0,50.0,50.0,6,2011-01-07,1,6,0,2011,1,7,84.32212
563,5,0,1,43.0,43.0,43.0,0.0,11.0,0.0,516.0,40.0,0.0,50.0,50.0,6,2011-01-08,1,6,0,2011,1,8,93.60658
563,5,0,1,46.0,43.0,46.0,0.0,12.0,0.0,430.0,60.0,0.0,60.0,60.0,6,2011-01-10,1,6,0,2011,1,10,68.696396
563,5,0,1,47.0,43.0,46.0,0.0,11.0,0.0,344.0,40.0,0.0,50.0,50.0,6,2011-01-12,1,6,0,2011,1,12,69.383354
563,5,0,1,201.0,311.0,545.0,234.0,110.0,77.0,1282.0,190.0,200.0,270.0,470.0,8,2010-01-02,2,3,0,2010,1,2,547.5739
563,5,0,1,220.0,335.0,587.0,252.0,115.0,83.0,1316.0,210.0,210.0,300.0,510.0,8,2010-01-04,2,3,0,2010,1,4,570.9589
563,5,0,1,231.0,349.0,612.0,263.0,118.0,86.0,1433.0,220.0,220.0,310.0,530.0,8,2010-01-05,2,3,0,2010,1,5,577.2949
563,5,0,1,298.0,311.0,581.0,234.0,110.0,77.0,1282.0,190.0,200.0,270.0,470.0,8,2011-01-02,2,3,0,2011,1,2,564.22327
563,5,0,1,315.0,324.0,604.0,243.0,112.0,80.0,1260.0,210.0,200.0,290.0,490.0,8,2011-01-03,2,3,0,2011,1,3,571.0282
563,5,0,1,326.0,335.0,626.0,252.0,115.0,83.0,1316.0,210.0,210.0,300.0,510.0,8,2011-01-04,2,3,0,2011,1,4,573.23926
563,5,0,1,333.0,362.0,628.0,272.0,113.0,89.0,1616.0,230.0,230.0,320.0,550.0,8,2011-01-06,2,3,0,2011,1,6,576.3118
563,5,0,1,86.0,139.0,234.0,95.0,53.0,30.0,608.0,90.0,80.0,120.0,200.0,9,2010-01-01,2,10,0,2010,1,1,277.48502
563,5,0,1,95.0,150.0,254.0,104.0,55.0,33.0,596.0,110.0,80.0,140.0,220.0,9,2010-01-02,2,10,0,2010,1,2,280.62982
563,5,0,1,115.0,176.0,298.0,122.0,61.0,39.0,801.0,120.0,100.0,160.0,260.0,9,2010-01-09,2,10,0,2010,1,9,321.90836
563,5,0,1,168.0,185.0,309.0,127.0,59.0,40.0,671.0,130.0,100.0,170.0,270.0,9,2011-01-05,2,10,0,2011,1,5,327.46347
563,5,0,1,207.0,222.0,373.0,154.0,67.0,49.0,833.0,150.0,130.0,200.0,330.0,9,2011-01-07,2,10,0,2011,1,7,354.1566
563,5,0,1,141.0,229.0,457.0,228.0,88.0,63.0,1436.0,140.0,190.0,210.0,400.0,11,2010-01-02,3,5,1,2010,1,2,480.57797
563,5,0,1,149.0,239.0,478.0,239.0,90.0,66.0,1755.0,110.0,170.0,170.0,340.0,11,2010-01-10,3,5,1,2010,1,10,488.95367
563,5,0,1,226.0,261.0,516.0,260.0,90.0,72.0,1715.0,150.0,220.0,230.0,450.0,11,2011-01-06,3,5,1,2011,1,6,514.742
563,5,0,1,230.0,266.0,527.0,266.0,92.0,74.0,1819.0,150.0,220.0,240.0,460.0,11,2011-01-07,3,5,1,2011,1,7,528.29926
563,5,0,1,230.0,249.0,531.0,249.0,94.0,69.0,1775.0,140.0,210.0,220.0,430.0,11,2011-01-09,3,5,1,2011,1,9,520.2082
563,5,0,1,191.0,212.0,451.0,211.0,83.0,59.0,1778.0,110.0,170.0,180.0,350.0,11,2011-01-11,3,5,1,2011,1,11,503.9092
563,5,0,1,190.0,324.0,589.0,265.0,134.0,100.0,1538.0,170.0,220.0,290.0,510.0,12,2010-01-05,3,8,1,2010,1,5,573.918
563,5,0,1,197.0,332.0,603.0,271.0,135.0,102.0,1714.0,180.0,230.0,300.0,530.0,12,2010-01-06,3,8,1,2010,1,6,578.0364
563,5,0,1,183.0,312.0,567.0,255.0,129.0,96.0,1756.0,130.0,170.0,230.0,400.0,12,2010-01-10,3,8,1,2010,1,10,560.6343
563,5,0,1,260.0,301.0,582.0,245.0,126.0,93.0,1369.0,160.0,210.0,270.0,480.0,12,2011-01-03,3,8,1,2011,1,3,568.37506
563,5,0,1,276.0,318.0,616.0,260.0,132.0,98.0,1423.0,160.0,220.0,280.0,500.0,12,2011-01-04,3,8,1,2011,1,4,578.45056
563,5,0,1,321.0,360.0,697.0,294.0,144.0,111.0,1838.0,170.0,240.0,300.0,540.0,12,2011-01-12,3,8,1,2011,1,12,586.72906
567,13,0,0,42.0,74.0,137.0,55.0,46.0,18.0,336.0,50.0,50.0,80.0,130.0,1,2011-01-04,0,0,1,2011,1,4,142.89023
567,13,0,0,-3.0,73.0,125.0,52.0,76.0,47.0,509.0,10.0,50.0,70.0,120.0,3,2010-01-11,0,7,0,2010,1,11,100.114136
567,13,0,0,-12.0,56.0,94.0,39.0,60.0,36.0,517.0,0.0,40.0,50.0,90.0,3,2011-01-07,0,7,0,2011,1,7,108.53755
567,13,0,0,93.0,163.0,325.0,162.0,70.0,45.0,1091.0,130.0,180.0,200.0,380.0,5,2010-01-04,1,2,1,2010,1,4,302.44565
567,13,0,0,92.0,161.0,322.0,161.0,69.0,45.0,1267.0,190.0,230.0,240.0,470.0,5,2010-01-10,1,2,1,2010,1,10,292.54874
567,13,0,0,6.0,57.0,102.0,45.0,51.0,17.0,409.0,30.0,50.0,70.0,120.0,6,2010-01-09,1,6,0,2010,1,9,109.62764
567,13,0,0,9.0,25.0,41.0,16.0,16.0,4.0,484.0,20.0,10.0,20.0,30.0,8,2010-01-08,2,3,0,2010,1,8,74.50546
567,13,0,0,45.0,48.0,90.0,32.0,20.0,8.0,456.0,50.0,20.0,50.0,70.0,8,2011-01-01,2,3,0,2011,1,1,85.00672
567,13,0,0,23.0,42.0,71.0,29.0,19.0,8.0,835.0,40.0,20.0,40.0,60.0,9,2010-01-05,2,10,0,2010,1,5,92.59938
567,13,0,0,68.0,126.0,210.0,84.0,58.0,27.0,651.0,60.0,70.0,110.0,180.0,11,2010-01-01,3,5,1,2010,1,1,209.5863
567,13,0,0,104.0,116.0,224.0,84.0,51.0,26.0,500.0,60.0,70.0,100.0,170.0,12,2011-01-01,3,8,1,2011,1,1,237.5285
567,13,0,0,145.0,164.0,279.0,118.0,55.0,36.0,636.0,90.0,100.0,140.0,240.0,12,2011-01-06,3,8,1,2011,1,6,272.2833
573,8,0,1,39.0,104.0,189.0,85.0,65.0,32.0,476.0,40.0,90.0,100.0,190.0,2,2010-01-03,0,4,1,2010,1,3,167.4351
573,8,0,1,35.0,98.0,178.0,80.0,63.0,30.0,494.0,50.0,80.0,100.0,180.0,2,2010-01-04,0,4,1,2010,1,4,174.6944
573,8,0,1,33.0,96.0,173.0,77.0,63.0,29.0,529.0,50.0,80.0,100.0,180.0,2,2010-01-05,0,4,1,2010,1,5,169.792
573,8,0,1,31.0,93.0,169.0,76.0,62.0,28.0,580.0,40.0,80.0,90.0,170.0,2,2010-01-06,0,4,1,2010,1,6,171.07033
573,8,0,1,38.0,102.0,184.0,82.0,64.0,31.0,601.0,40.0,80.0,100.0,180.0,2,2010-01-11,0,4,1,2010,1,11,149.8052
573,8,0,1,26.0,85.0,153.0,68.0,59.0,25.0,619.0,40.0,60.0,90.0,150.0,2,2010-01-12,0,4,1,2010,1,12,155.40587
573,8,0,1,62.0,107.0,206.0,86.0,65.0,32.0,484.0,50.0,90.0,110.0,200.0,2,2011-01-02,0,4,1,2011,1,2,176.8601
573,8,0,1,52.0,98.0,190.0,80.0,63.0,30.0,494.0,50.0,80.0,100.0,180.0,2,2011-01-04,0,4,1,2011,1,4,175.30716
573,8,0,1,46.0,96.0,171.0,77.0,59.0,29.0,529.0,50.0,80.0,100.0,180.0,2,2011-01-05,0,4,1,2011,1,5,166.69427
573,8,0,1,43.0,93.0,167.0,76.0,58.0,28.0,580.0,40.0,80.0,90.0,170.0,2,2011-01-06,0,4,1,2011,1,6,172.1605
573,8,0,1,37.0,83.0,160.0,67.0,58.0,25.0,599.0,30.0,70.0,80.0,150.0,2,2011-01-09,0,4,1,2011,1,9,175.57205
573,8,0,1,52.0,98.0,189.0,79.0,63.0,30.0,593.0,70.0,70.0,100.0,170.0,2,2011-01-10,0,4,1,2011,1,10,174.26941
573,8,0,1,56.0,102.0,196.0,82.0,64.0,31.0,601.0,40.0,80.0,100.0,180.0,2,2011-01-11,0,4,1,2011,1,11,169.19585
573,8,0,1,39.0,85.0,163.0,68.0,59.0,25.0,619.0,40.0,60.0,90.0,150.0,2,2011-01-12,0,4,1,2011,1,12,174.79651
573,8,0,1,47.0,92.0,170.0,78.0,45.0,24.0,965.0,50.0,80.0,90.0,170.0,3,2010-01-01,0,7,0,2010,1,1,151.98645
573,8,0,1,45.0,89.0,163.0,74.0,44.0,22.0,949.0,60.0,70.0,100.0,170.0,3,2010-01-03,0,7,0,2010,1,3,156.35692
573,8,0,1,70.0,91.0,178.0,76.0,44.0,23.0,965.0,50.0,80.0,90.0,170.0,3,2011-01-04,0,7,0,2011,1,4,169.60126
573,8,0,1,-4.0,41.0,74.0,33.0,45.0,12.0,193.0,0.0,20.0,40.0,60.0,13,2010-01-02,3,9,1,2010,1,2,65.75576
573,8,0,1,-4.0,42.0,75.0,33.0,46.0,12.0,190.0,0.0,20.0,40.0,60.0,13,2010-01-03,3,9,1,2010,1,3,71.19038
573,8,0,1,-2.0,44.0,79.0,35.0,46.0,13.0,197.0,-10.0,30.0,30.0,60.0,13,2010-01-04,3,9,1,2010,1,4,81.97691
573,8,0,1,-2.0,45.0,81.0,36.0,47.0,13.0,212.0,0.0,30.0,40.0,70.0,13,2010-01-05,3,9,1,2010,1,5,81.947426
573,8,0,1,0.0,46.0,82.0,36.0,46.0,13.0,236.0,0.0,30.0,40.0,70.0,13,2010-01-06,3,9,1,2010,1,6,83.93896
573,8,0,1,2.0,51.0,91.0,40.0,49.0,15.0,244.0,10.0,30.0,50.0,80.0,13,2010-01-09,3,9,1,2010,1,9,78.764366
573,8,0,1,-6.0,41.0,79.0,33.0,45.0,12.0,193.0,0.0,20.0,40.0,60.0,13,2011-01-02,3,9,1,2011,1,2,76.35563
573,8,0,1,1.0,48.0,85.0,38.0,44.0,14.0,248.0,0.0,30.0,40.0,70.0,13,2011-01-08,3,9,1,2011,1,8,95.817566
573,8,0,1,48.0,73.0,123.0,50.0,25.0,14.0,821.0,70.0,50.0,90.0,140.0,5,2010-01-01,1,2,1,2010,1,1,113.202614
573,8,0,1,48.0,73.0,123.0,50.0,25.0,14.0,814.0,70.0,50.0,90.0,140.0,5,2010-01-02,1,2,1,2010,1,2,114.64528
573,8,0,1,47.0,72.0,121.0,49.0,25.0,13.0,809.0,70.0,50.0,90.0,140.0,5,2010-01-03,1,2,1,2010,1,3,114.87187
573,8,0,1,32.0,52.0,87.0,35.0,20.0,9.0,894.0,40.0,40.0,60.0,100.0,5,2010-01-07,1,2,1,2010,1,7,106.219025
573,8,0,1,75.0,73.0,138.0,50.0,26.0,14.0,821.0,70.0,50.0,90.0,140.0,5,2011-01-01,1,2,1,2011,1,1,121.935555
573,8,0,1,70.0,72.0,129.0,49.0,25.0,13.0,809.0,70.0,50.0,90.0,140.0,5,2011-01-03,1,2,1,2011,1,3,119.31288
573,8,0,1,61.0,64.0,115.0,44.0,23.0,12.0,886.0,50.0,50.0,70.0,120.0,5,2011-01-09,1,2,1,2011,1,9,116.96586
573,8,0,1,53.0,59.0,106.0,40.0,23.0,11.0,881.0,90.0,50.0,90.0,140.0,5,2011-01-10,1,2,1,2011,1,10,117.29517
573,8,0,1,76.0,78.0,141.0,54.0,27.0,15.0,885.0,80.0,60.0,100.0,160.0,5,2011-01-11,1,2,1,2011,1,11,113.61812
573,8,0,1,71.0,73.0,131.0,50.0,25.0,14.0,898.0,70.0,60.0,90.0,150.0,5,2011-01-12,1,2,1,2011,1,12,116.76792
573,8,0,1,38.0,61.0,103.0,42.0,23.0,11.0,771.0,60.0,40.0,80.0,120.0,6,2010-01-02,1,6,0,2010,1,2,96.2066
573,8,0,1,44.0,67.0,112.0,45.0,23.0,12.0,777.0,60.0,50.0,80.0,130.0,6,2010-01-04,1,6,0,2010,1,4,113.025856
573,8,0,1,31.0,53.0,89.0,36.0,22.0,10.0,828.0,40.0,40.0,60.0,100.0,6,2010-01-06,1,6,0,2010,1,6,96.61179
573,8,0,1,70.0,68.0,128.0,46.0,24.0,12.0,777.0,60.0,50.0,80.0,130.0,6,2011-01-01,1,6,0,2011,1,1,111.42351
573,8,0,1,67.0,70.0,126.0,48.0,25.0,13.0,766.0,60.0,50.0,80.0,130.0,6,2011-01-03,1,6,0,2011,1,3,114.460884
573,8,0,1,65.0,67.0,119.0,45.0,23.0,12.0,777.0,60.0,50.0,80.0,130.0,6,2011-01-04,1,6,0,2011,1,4,113.34405
573,8,0,1,39.0,48.0,79.0,32.0,19.0,8.0,841.0,50.0,30.0,60.0,90.0,6,2011-01-08,1,6,0,2011,1,8,112.95074
573,8,0,1,-11.0,53.0,90.0,37.0,64.0,34.0,261.0,0.0,30.0,40.0,70.0,8,2010-01-01,2,3,0,2010,1,1,119.75637
573,8,0,1,-6.0,64.0,109.0,45.0,70.0,41.0,320.0,30.0,20.0,60.0,80.0,8,2010-01-10,2,3,0,2010,1,10,128.77454
573,8,0,1,-8.0,62.0,106.0,44.0,70.0,40.0,325.0,0.0,40.0,50.0,90.0,8,2010-01-11,2,3,0,2010,1,11,123.40085
573,8,0,1,-17.0,53.0,101.0,37.0,67.0,34.0,261.0,0.0,30.0,40.0,70.0,8,2011-01-01,2,3,0,2011,1,1,135.00735
573,8,0,1,-12.0,61.0,111.0,43.0,69.0,39.0,256.0,10.0,30.0,60.0,90.0,8,2011-01-02,2,3,0,2011,1,2,134.97948
573,8,0,1,-9.0,64.0,116.0,45.0,70.0,41.0,320.0,30.0,20.0,60.0,80.0,8,2011-01-10,2,3,0,2011,1,10,150.68175
573,8,0,1,-41.0,19.0,139.0,120.0,60.0,37.0,1439.0,-20.0,100.0,20.0,120.0,9,2010-01-08,2,10,0,2010,1,8,139.97012
573,8,0,1,-26.0,23.0,109.0,86.0,49.0,26.0,1698.0,10.0,60.0,20.0,80.0,9,2010-01-10,2,10,0,2010,1,10,115.07562
573,8,0,1,-9.0,40.0,122.0,82.0,49.0,25.0,1804.0,0.0,70.0,40.0,110.0,9,2010-01-11,2,10,0,2010,1,11,112.08835
573,8,0,1,16.0,68.0,160.0,92.0,52.0,28.0,1898.0,20.0,80.0,60.0,140.0,9,2010-01-12,2,10,0,2010,1,12,138.2187
573,8,0,1,-47.0,18.0,109.0,84.0,50.0,26.0,625.0,-20.0,70.0,10.0,80.0,9,2011-01-02,2,10,0,2011,1,2,119.85007
573,8,0,1,-65.0,11.0,123.0,104.0,55.0,32.0,1574.0,-10.0,80.0,20.0,100.0,9,2011-01-09,2,10,0,2011,1,9,133.47081
573,8,0,1,11.0,51.0,89.0,38.0,40.0,12.0,256.0,10.0,30.0,40.0,70.0,11,2010-01-12,3,5,1,2010,1,12,89.9434
573,8,0,1,14.0,47.0,92.0,35.0,40.0,11.0,196.0,10.0,30.0,40.0,70.0,11,2011-01-01,3,5,1,2011,1,1,107.23273
573,8,0,1,26.0,60.0,104.0,45.0,38.0,14.0,253.0,30.0,30.0,60.0,90.0,11,2011-01-08,3,5,1,2011,1,8,124.623825
573,8,0,1,19.0,52.0,97.0,39.0,39.0,12.0,248.0,20.0,30.0,50.0,80.0,11,2011-01-09,3,5,1,2011,1,9,115.345894
573,8,0,1,-9.0,36.0,65.0,29.0,45.0,11.0,169.0,-10.0,20.0,30.0,50.0,12,2010-01-01,3,8,1,2010,1,1,70.061226
573,8,0,1,-3.0,43.0,78.0,35.0,46.0,13.0,204.0,-10.0,30.0,30.0,60.0,12,2010-01-06,3,8,1,2010,1,6,92.84838
573,8,0,1,-16.0,25.0,45.0,20.0,41.0,7.0,218.0,-10.0,10.0,20.0,30.0,12,2010-01-12,3,8,1,2010,1,12,78.77684
573,8,0,1,-10.0,38.0,72.0,30.0,45.0,11.0,165.0,-10.0,20.0,30.0,50.0,12,2011-01-02,3,8,1,2011,1,2,86.89329
573,8,0,1,-16.0,31.0,60.0,25.0,42.0,9.0,209.0,0.0,10.0,20.0,30.0,12,2011-01-10,3,8,1,2011,1,10,106.33185
573,8,0,1,-4.0,42.0,81.0,34.0,45.0,12.0,211.0,0.0,20.0,40.0,60.0,12,2011-01-11,3,8,1,2011,1,11,102.97248
580,14,2,1,29.0,56.0,100.0,44.0,27.0,14.0,623.0,50.0,50.0,70.0,120.0,2,2010-01-01,0,4,1,2010,1,1,95.60554
580,14,2,1,30.0,56.0,99.0,43.0,26.0,14.0,602.0,50.0,50.0,70.0,120.0,2,2010-01-05,0,4,1,2010,1,5,110.47015
580,14,2,1,28.0,53.0,94.0,41.0,25.0,13.0,592.0,40.0,50.0,60.0,110.0,2,2010-01-07,0,4,1,2010,1,7,124.42523
580,14,2,1,47.0,79.0,140.0,61.0,32.0,20.0,579.0,80.0,70.0,100.0,170.0,2,2010-01-09,0,4,1,2010,1,9,126.349
580,14,2,1,45.0,56.0,112.0,44.0,28.0,14.0,623.0,50.0,50.0,70.0,120.0,2,2011-01-01,0,4,1,2011,1,1,111.6183
580,14,2,1,39.0,53.0,93.0,41.0,23.0,13.0,592.0,40.0,50.0,60.0,110.0,2,2011-01-07,0,4,1,2011,1,7,122.258675
580,14,2,1,73.0,87.0,154.0,68.0,32.0,22.0,587.0,80.0,80.0,110.0,190.0,2,2011-01-08,0,4,1,2011,1,8,142.45155
580,14,2,1,70.0,79.0,149.0,61.0,32.0,20.0,579.0,80.0,70.0,100.0,170.0,2,2011-01-09,0,4,1,2011,1,9,137.70003
580,14,2,1,98.0,104.0,197.0,81.0,38.0,26.0,551.0,100.0,90.0,130.0,220.0,2,2011-01-12,0,4,1,2011,1,12,134.21034
580,14,2,1,28.0,48.0,80.0,32.0,20.0,8.0,821.0,50.0,40.0,60.0,100.0,3,2010-01-01,0,7,0,2010,1,1,80.25705
580,14,2,1,23.0,43.0,72.0,29.0,20.0,8.0,862.0,50.0,30.0,60.0,90.0,3,2010-01-09,0,7,0,2010,1,9,86.91282
580,14,2,1,30.0,52.0,88.0,36.0,22.0,10.0,862.0,40.0,40.0,60.0,100.0,3,2010-01-11,0,7,0,2010,1,11,85.23837
580,14,2,1,28.0,49.0,82.0,33.0,21.0,9.0,870.0,50.0,30.0,60.0,90.0,3,2010-01-12,0,7,0,2010,1,12,85.64248
580,14,2,1,43.0,48.0,85.0,32.0,19.0,8.0,817.0,50.0,40.0,60.0,100.0,3,2011-01-02,0,7,0,2011,1,2,93.46681
580,14,2,1,37.0,45.0,80.0,30.0,20.0,8.0,820.0,50.0,30.0,60.0,90.0,3,2011-01-04,0,7,0,2011,1,4,98.00826
580,14,2,1,34.0,43.0,77.0,29.0,20.0,8.0,862.0,50.0,30.0,60.0,90.0,3,2011-01-09,0,7,0,2011,1,9,100.82862
580,14,2,1,45.0,52.0,94.0,36.0,22.0,10.0,862.0,40.0,40.0,60.0,100.0,3,2011-01-11,0,7,0,2011,1,11,99.15416
580,14,2,1,16.0,32.0,53.0,21.0,16.0,5.0,454.0,30.0,10.0,30.0,40.0,5,2010-01-04,1,2,1,2010,1,4,96.814804
580,14,2,1,13.0,30.0,50.0,20.0,17.0,5.0,482.0,30.0,10.0,30.0,40.0,5,2010-01-09,1,2,1,2010,1,9,99.814026
580,14,2,1,24.0,44.0,73.0,29.0,20.0,8.0,490.0,20.0,20.0,30.0,50.0,5,2010-01-12,1,2,1,2010,1,12,96.977325
580,14,2,1,44.0,48.0,90.0,32.0,21.0,8.0,456.0,40.0,20.0,40.0,60.0,5,2011-01-01,1,2,1,2011,1,1,101.144684
580,14,2,1,25.0,34.0,60.0,22.0,17.0,6.0,452.0,30.0,10.0,30.0,40.0,5,2011-01-02,1,2,1,2011,1,2,98.6998
580,14,2,1,22.0,32.0,56.0,21.0,17.0,5.0,449.0,30.0,10.0,30.0,40.0,5,2011-01-03,1,2,1,2011,1,3,96.603134
580,14,2,1,14.0,25.0,41.0,16.0,14.0,4.0,484.0,20.0,10.0,20.0,30.0,5,2011-01-08,1,2,1,2011,1,8,117.13156
580,14,2,1,19.0,30.0,53.0,20.0,17.0,5.0,482.0,30.0,10.0,30.0,40.0,5,2011-01-09,1,2,1,2011,1,9,109.93542
580,14,2,1,22.0,32.0,56.0,21.0,17.0,5.0,480.0,30.0,0.0,30.0,30.0,5,2011-01-10,1,2,1,2011,1,10,110.69419
580,14,2,1,43.0,48.0,85.0,32.0,19.0,8.0,482.0,30.0,20.0,40.0,60.0,5,2011-01-11,1,2,1,2011,1,11,107.852554
580,14,2,1,36.0,44.0,78.0,29.0,20.0,8.0,490.0,20.0,20.0,30.0,50.0,5,2011-01-12,1,2,1,2011,1,12,107.098724
580,14,2,1,68.0,126.0,210.0,84.0,58.0,27.0,632.0,70.0,70.0,110.0,180.0,6,2010-01-03,1,6,0,2010,1,3,217.27867
580,14,2,1,74.0,134.0,222.0,88.0,60.0,29.0,653.0,80.0,70.0,120.0,190.0,6,2010-01-04,1,6,0,2010,1,4,226.79889
580,14,2,1,103.0,172.0,286.0,114.0,69.0,37.0,822.0,100.0,90.0,150.0,240.0,6,2010-01-07,1,6,0,2010,1,7,240.02953
580,14,2,1,87.0,150.0,249.0,99.0,63.0,32.0,798.0,80.0,80.0,130.0,210.0,6,2010-01-09,1,6,0,2010,1,9,227.9749
580,14,2,1,101.0,126.0,224.0,84.0,58.0,27.0,632.0,70.0,70.0,110.0,180.0,6,2011-01-03,1,6,0,2011,1,3,229.1172
580,14,2,1,109.0,141.0,233.0,94.0,58.0,31.0,697.0,80.0,80.0,120.0,200.0,6,2011-01-05,1,6,0,2011,1,5,229.92847
580,14,2,1,142.0,172.0,283.0,114.0,64.0,37.0,810.0,100.0,90.0,150.0,240.0,6,2011-01-08,1,6,0,2011,1,8,249.83656
580,14,2,1,92.0,119.0,210.0,78.0,57.0,25.0,798.0,40.0,60.0,90.0,150.0,6,2011-01-11,1,6,0,2011,1,11,232.30568
580,14,2,1,13.0,66.0,120.0,54.0,53.0,20.0,301.0,20.0,50.0,60.0,110.0,8,2010-01-03,2,3,0,2010,1,3,112.228966
580,14,2,1,15.0,70.0,127.0,57.0,55.0,21.0,313.0,30.0,50.0,70.0,120.0,8,2010-01-04,2,3,0,2010,1,4,121.61854
580,14,2,1,20.0,77.0,140.0,63.0,57.0,23.0,397.0,20.0,60.0,70.0,130.0,8,2010-01-08,2,3,0,2010,1,8,139.23483
580,14,2,1,24.0,82.0,149.0,67.0,58.0,25.0,391.0,30.0,60.0,80.0,140.0,8,2010-01-09,2,3,0,2010,1,9,126.85822
580,14,2,1,16.0,65.0,126.0,53.0,54.0,20.0,306.0,20.0,50.0,60.0,110.0,8,2011-01-02,2,3,0,2011,1,2,119.74732
580,14,2,1,26.0,74.0,132.0,59.0,51.0,22.0,377.0,30.0,50.0,80.0,130.0,8,2011-01-06,2,3,0,2011,1,6,131.25752
580,14,2,1,26.0,74.0,132.0,59.0,51.0,22.0,403.0,30.0,50.0,80.0,130.0,8,2011-01-07,2,3,0,2011,1,7,135.92268
580,14,2,1,36.0,82.0,159.0,67.0,58.0,25.0,391.0,30.0,60.0,80.0,140.0,8,2011-01-09,2,3,0,2011,1,9,139.10863
580,14,2,1,24.0,70.0,134.0,56.0,54.0,21.0,385.0,50.0,40.0,70.0,110.0,8,2011-01-10,2,3,0,2011,1,10,139.01779
580,14,2,1,19.0,67.0,129.0,54.0,54.0,20.0,391.0,20.0,50.0,60.0,110.0,8,2011-01-11,2,3,0,2011,1,11,134.7117
580,14,2,1,10.0,111.0,190.0,79.0,101.0,72.0,551.0,30.0,70.0,110.0,180.0,9,2010-01-01,2,10,0,2010,1,1,200.60228
580,14,2,1,25.0,154.0,264.0,110.0,129.0,100.0,665.0,40.0,100.0,150.0,250.0,9,2010-01-06,2,10,0,2010,1,6,247.2338
580,14,2,1,34.0,184.0,317.0,133.0,150.0,120.0,705.0,60.0,120.0,190.0,310.0,9,2010-01-08,2,10,0,2010,1,8,258.2575
580,14,2,1,16.0,130.0,223.0,93.0,114.0,84.0,692.0,40.0,80.0,130.0,210.0,9,2010-01-09,2,10,0,2010,1,9,241.2754
580,14,2,1,15.0,130.0,224.0,94.0,115.0,85.0,694.0,20.0,80.0,120.0,200.0,9,2010-01-11,2,10,0,2010,1,11,238.89224
580,14,2,1,20.0,145.0,250.0,105.0,125.0,95.0,716.0,30.0,90.0,140.0,230.0,9,2010-01-12,2,10,0,2010,1,12,250.80945
580,14,2,1,23.0,129.0,219.0,92.0,104.0,83.0,599.0,40.0,80.0,130.0,210.0,9,2011-01-05,2,10,0,2011,1,5,236.22903
580,14,2,1,30.0,145.0,266.0,105.0,125.0,95.0,716.0,30.0,90.0,140.0,230.0,9,2011-01-12,2,10,0,2011,1,12,258.6433
580,14,2,1,128.0,195.0,336.0,141.0,67.0,43.0,-942.0,110.0,120.0,160.0,280.0,4,2010-01-07,1,1,1,2010,1,7,245.4331
580,14,2,1,82.0,134.0,230.0,96.0,52.0,29.0,-1555.0,80.0,80.0,110.0,190.0,4,2010-01-09,1,1,1,2010,1,9,223.25446
580,14,2,1,104.0,120.0,220.0,86.0,50.0,26.0,300.0,70.0,70.0,100.0,170.0,4,2011-01-02,1,1,1,2011,1,2,213.69975
580,14,2,1,145.0,155.0,285.0,112.0,57.0,34.0,-120.0,90.0,90.0,130.0,220.0,4,2011-01-04,1,1,1,2011,1,4,241.46689
585,12,1,0,295.0,454.0,756.0,302.0,159.0,105.0,2250.0,300.0,280.0,430.0,710.0,2,2010-01-05,0,4,1,2010,1,5,747.493
585,12,1,0,77.0,79.0,142.0,54.0,27.0,15.0,601.0,60.0,50.0,80.0,130.0,13,2011-01-12,3,9,1,2011,1,12,174.11554
585,12,1,0,-203.0,-60.0,61.0,121.0,143.0,110.0,901.0,-190.0,110.0,-60.0,50.0,5,2010-01-02,1,2,1,2010,1,2,73.2414
585,12,1,0,-197.0,-53.0,68.0,121.0,144.0,110.0,2932.0,-180.0,110.0,-50.0,60.0,5,2010-01-09,1,2,1,2010,1,9,88.526985
585,12,1,0,-301.0,-60.0,65.0,121.0,143.0,110.0,901.0,-190.0,110.0,-60.0,50.0,5,2011-01-02,1,2,1,2011,1,2,81.168686
585,12,1,0,191.0,258.0,547.0,255.0,129.0,96.0,1622.0,70.0,140.0,150.0,290.0,9,2011-01-10,2,10,0,2011,1,10,605.06067
585,12,1,0,303.0,331.0,614.0,245.0,127.0,93.0,1704.0,140.0,180.0,240.0,420.0,9,2011-01-11,2,10,0,2011,1,11,598.21265
585,12,1,0,105.0,145.0,245.0,100.0,40.0,28.0,822.0,130.0,100.0,160.0,260.0,11,2010-01-04,3,5,1,2010,1,4,246.0314
585,12,1,0,171.0,157.0,282.0,108.0,42.0,30.0,971.0,140.0,110.0,170.0,280.0,11,2011-01-10,3,5,1,2011,1,10,258.0047
585,12,1,0,135.0,126.0,227.0,87.0,35.0,24.0,756.0,110.0,90.0,140.0,230.0,12,2011-01-03,3,8,1,2011,1,3,241.3177
585,12,1,0,264.0,352.0,580.0,228.0,88.0,63.0,1402.0,280.0,210.0,350.0,560.0,7,2010-01-02,1,12,1,2010,1,2,548.1425
585,12,1,0,182.0,280.0,546.0,266.0,98.0,74.0,1355.0,190.0,250.0,280.0,530.0,7,2010-01-07,1,12,1,2010,1,7,570.02795
585,12,1,0,247.0,277.0,538.0,266.0,91.0,74.0,1319.0,190.0,250.0,280.0,530.0,7,2011-01-08,1,12,1,2011,1,8,571.71576
603,10,1,1,20.0,55.0,93.0,38.0,35.0,12.0,241.0,30.0,30.0,50.0,80.0,1,2010-01-01,0,0,1,2010,1,1,104.206184
603,10,1,1,25.0,60.0,101.0,41.0,35.0,13.0,236.0,40.0,30.0,60.0,90.0,1,2010-01-02,0,0,1,2010,1,2,106.120026
603,10,1,1,29.0,64.0,107.0,43.0,35.0,13.0,231.0,40.0,40.0,60.0,100.0,1,2010-01-03,0,0,1,2010,1,3,107.99787
603,10,1,1,33.0,72.0,121.0,49.0,39.0,15.0,241.0,40.0,40.0,70.0,110.0,1,2010-01-04,0,0,1,2010,1,4,121.3353
603,10,1,1,35.0,74.0,125.0,51.0,39.0,16.0,265.0,40.0,40.0,70.0,110.0,1,2010-01-05,0,0,1,2010,1,5,127.08117
603,10,1,1,41.0,82.0,138.0,56.0,41.0,17.0,302.0,50.0,50.0,80.0,130.0,1,2010-01-06,0,0,1,2010,1,6,131.43456
603,10,1,1,49.0,90.0,151.0,61.0,41.0,19.0,329.0,70.0,50.0,90.0,140.0,1,2010-01-07,0,0,1,2010,1,7,135.91882
603,10,1,1,48.0,90.0,151.0,61.0,42.0,19.0,322.0,70.0,50.0,90.0,140.0,1,2010-01-08,0,0,1,2010,1,8,135.10292
603,10,1,1,33.0,71.0,120.0,49.0,38.0,15.0,315.0,50.0,40.0,70.0,110.0,1,2010-01-09,0,0,1,2010,1,9,121.897934
603,10,1,1,33.0,71.0,120.0,49.0,38.0,15.0,310.0,60.0,30.0,60.0,90.0,1,2010-01-10,0,0,1,2010,1,10,120.0485
603,10,1,1,30.0,67.0,113.0,46.0,37.0,14.0,316.0,40.0,40.0,60.0,100.0,1,2010-01-11,0,0,1,2010,1,11,115.92849
603,10,1,1,37.0,75.0,127.0,52.0,38.0,16.0,327.0,50.0,40.0,70.0,110.0,1,2010-01-12,0,0,1,2010,1,12,119.47222
603,10,1,1,31.0,55.0,104.0,38.0,37.0,12.0,241.0,30.0,30.0,50.0,80.0,1,2011-01-01,0,0,1,2011,1,1,116.13758
603,10,1,1,37.0,60.0,108.0,41.0,35.0,13.0,236.0,40.0,30.0,60.0,90.0,1,2011-01-02,0,0,1,2011,1,2,115.20309
603,10,1,1,43.0,64.0,114.0,43.0,35.0,13.0,231.0,40.0,40.0,60.0,100.0,1,2011-01-03,0,0,1,2011,1,3,116.0603
603,10,1,1,49.0,72.0,129.0,49.0,39.0,15.0,241.0,40.0,40.0,70.0,110.0,1,2011-01-04,0,0,1,2011,1,4,124.79561
603,10,1,1,48.0,74.0,124.0,51.0,36.0,16.0,265.0,40.0,40.0,70.0,110.0,1,2011-01-05,0,0,1,2011,1,5,125.10261
603,10,1,1,57.0,82.0,137.0,56.0,38.0,17.0,302.0,50.0,50.0,80.0,130.0,1,2011-01-06,0,0,1,2011,1,6,128.7383
603,10,1,1,68.0,90.0,150.0,61.0,38.0,19.0,329.0,70.0,50.0,90.0,140.0,1,2011-01-07,0,0,1,2011,1,7,138.9962
603,10,1,1,66.0,90.0,150.0,61.0,39.0,19.0,322.0,70.0,50.0,90.0,140.0,1,2011-01-08,0,0,1,2011,1,8,148.60808
603,10,1,1,49.0,71.0,128.0,49.0,38.0,15.0,315.0,50.0,40.0,70.0,110.0,1,2011-01-09,0,0,1,2011,1,9,139.86223
603,10,1,1,49.0,71.0,128.0,49.0,38.0,15.0,310.0,60.0,30.0,60.0,90.0,1,2011-01-10,0,0,1,2011,1,10,138.01277
603,10,1,1,45.0,67.0,120.0,46.0,37.0,14.0,316.0,40.0,40.0,60.0,100.0,1,2011-01-11,0,0,1,2011,1,11,133.89272
603,10,1,1,55.0,75.0,135.0,52.0,38.0,16.0,327.0,50.0,40.0,70.0,110.0,1,2011-01-12,0,0,1,2011,1,12,137.4365
603,10,1,1,25.0,72.0,120.0,48.0,47.0,15.0,372.0,40.0,40.0,70.0,110.0,2,2010-01-01,0,4,1,2010,1,1,120.90804
603,10,1,1,23.0,69.0,114.0,45.0,46.0,14.0,366.0,30.0,40.0,60.0,100.0,2,2010-01-02,0,4,1,2010,1,2,122.14556
603,10,1,1,26.0,72.0,119.0,47.0,46.0,15.0,361.0,40.0,40.0,70.0,110.0,2,2010-01-03,0,4,1,2010,1,3,124.896614
603,10,1,1,27.0,75.0,125.0,50.0,48.0,16.0,372.0,40.0,40.0,70.0,110.0,2,2010-01-04,0,4,1,2010,1,4,136.39731
603,10,1,1,31.0,80.0,132.0,52.0,49.0,17.0,397.0,50.0,40.0,80.0,120.0,2,2010-01-05,0,4,1,2010,1,5,142.14444
603,10,1,1,42.0,94.0,156.0,62.0,52.0,20.0,436.0,60.0,50.0,90.0,140.0,2,2010-01-06,0,4,1,2010,1,6,151.05396
603,10,1,1,43.0,96.0,160.0,64.0,53.0,21.0,467.0,60.0,60.0,90.0,150.0,2,2010-01-07,0,4,1,2010,1,7,155.60179
603,10,1,1,44.0,96.0,160.0,64.0,52.0,21.0,460.0,60.0,60.0,90.0,150.0,2,2010-01-08,0,4,1,2010,1,8,154.56175
603,10,1,1,34.0,84.0,139.0,55.0,50.0,18.0,453.0,50.0,50.0,80.0,130.0,2,2010-01-09,0,4,1,2010,1,9,138.32727
603,10,1,1,24.0,69.0,114.0,45.0,45.0,14.0,447.0,50.0,30.0,60.0,90.0,2,2010-01-10,0,4,1,2010,1,10,134.49782
603,10,1,1,20.0,66.0,109.0,43.0,46.0,14.0,452.0,30.0,30.0,60.0,90.0,2,2010-01-11,0,4,1,2010,1,11,129.5424
603,10,1,1,28.0,74.0,122.0,48.0,46.0,15.0,462.0,30.0,40.0,60.0,100.0,2,2010-01-12,0,4,1,2010,1,12,134.4487
603,10,1,1,39.0,72.0,134.0,48.0,49.0,15.0,372.0,40.0,40.0,70.0,110.0,2,2011-01-01,0,4,1,2011,1,1,138.33943
603,10,1,1,34.0,69.0,121.0,45.0,46.0,14.0,366.0,30.0,40.0,60.0,100.0,2,2011-01-02,0,4,1,2011,1,2,135.92264
603,10,1,1,39.0,72.0,127.0,47.0,46.0,15.0,361.0,40.0,40.0,70.0,110.0,2,2011-01-03,0,4,1,2011,1,3,137.6531
603,10,1,1,40.0,75.0,133.0,50.0,48.0,16.0,372.0,40.0,40.0,70.0,110.0,2,2011-01-04,0,4,1,2011,1,4,141.3303
603,10,1,1,43.0,80.0,131.0,52.0,46.0,17.0,397.0,50.0,40.0,80.0,120.0,2,2011-01-05,0,4,1,2011,1,5,139.85847
603,10,1,1,58.0,94.0,155.0,62.0,48.0,20.0,436.0,60.0,50.0,90.0,140.0,2,2011-01-06,0,4,1,2011,1,6,149.35703
603,10,1,1,59.0,96.0,159.0,64.0,49.0,21.0,467.0,60.0,60.0,90.0,150.0,2,2011-01-07,0,4,1,2011,1,7,158.43341
603,10,1,1,61.0,96.0,159.0,64.0,48.0,21.0,460.0,60.0,60.0,90.0,150.0,2,2011-01-08,0,4,1,2011,1,8,167.82115
603,10,1,1,50.0,84.0,148.0,55.0,50.0,18.0,453.0,50.0,50.0,80.0,130.0,2,2011-01-09,0,4,1,2011,1,9,156.04582
603,10,1,1,36.0,69.0,121.0,45.0,45.0,14.0,447.0,50.0,30.0,60.0,90.0,2,2011-01-10,0,4,1,2011,1,10,152.21637
603,10,1,1,30.0,66.0,116.0,43.0,46.0,14.0,452.0,30.0,30.0,60.0,90.0,2,2011-01-11,0,4,1,2011,1,11,147.26096
603,10,1,1,42.0,74.0,130.0,48.0,46.0,15.0,462.0,30.0,40.0,60.0,100.0,2,2011-01-12,0,4,1,2011,1,12,152.16725
603,10,1,1,11.0,26.0,43.0,17.0,15.0,4.0,777.0,20.0,10.0,30.0,40.0,13,2010-01-01,3,9,1,2010,1,1,31.562582
603,10,1,1,32.0,43.0,43.0,0.0,11.0,0.0,774.0,30.0,0.0,40.0,40.0,13,2010-01-02,3,9,1,2010,1,2,33.44375
603,10,1,1,32.0,43.0,43.0,0.0,11.0,0.0,731.0,30.0,0.0,40.0,40.0,13,2010-01-03,3,9,1,2010,1,3,33.553738
603,10,1,1,32.0,43.0,43.0,0.0,11.0,0.0,688.0,30.0,0.0,40.0,40.0,13,2010-01-04,3,9,1,2010,1,4,37.93031
603,10,1,1,32.0,43.0,43.0,0.0,11.0,0.0,645.0,30.0,0.0,40.0,40.0,13,2010-01-05,3,9,1,2010,1,5,44.200687
603,10,1,1,32.0,43.0,43.0,0.0,11.0,0.0,602.0,30.0,0.0,40.0,40.0,13,2010-01-06,3,9,1,2010,1,6,48.906555
603,10,1,1,31.0,43.0,43.0,0.0,12.0,0.0,559.0,30.0,0.0,40.0,40.0,13,2010-01-07,3,9,1,2010,1,7,53.65743
603,10,1,1,31.0,43.0,43.0,0.0,12.0,0.0,516.0,30.0,0.0,40.0,40.0,13,2010-01-08,3,9,1,2010,1,8,52.647568
603,10,1,1,31.0,43.0,43.0,0.0,12.0,0.0,473.0,30.0,0.0,40.0,40.0,13,2010-01-09,3,9,1,2010,1,9,39.98901
603,10,1,1,32.0,43.0,43.0,0.0,11.0,0.0,430.0,40.0,0.0,40.0,40.0,13,2010-01-10,3,9,1,2010,1,10,38.418552
603,10,1,1,32.0,43.0,43.0,0.0,11.0,0.0,387.0,30.0,0.0,40.0,40.0,13,2010-01-11,3,9,1,2010,1,11,31.7407
603,10,1,1,32.0,43.0,43.0,0.0,11.0,0.0,344.0,30.0,0.0,40.0,40.0,13,2010-01-12,3,9,1,2010,1,12,40.287464
603,10,1,1,17.0,26.0,48.0,17.0,16.0,4.0,777.0,20.0,10.0,30.0,40.0,13,2011-01-01,3,9,1,2011,1,1,43.120316
603,10,1,1,47.0,43.0,46.0,0.0,11.0,0.0,774.0,30.0,0.0,40.0,40.0,13,2011-01-02,3,9,1,2011,1,2,41.263268
603,10,1,1,47.0,43.0,46.0,0.0,11.0,0.0,731.0,30.0,0.0,40.0,40.0,13,2011-01-03,3,9,1,2011,1,3,40.35262
603,10,1,1,47.0,43.0,46.0,0.0,11.0,0.0,688.0,30.0,0.0,40.0,40.0,13,2011-01-04,3,9,1,2011,1,4,42.416214
603,10,1,1,44.0,43.0,43.0,0.0,10.0,0.0,645.0,30.0,0.0,40.0,40.0,13,2011-01-05,3,9,1,2011,1,5,39.86707
603,10,1,1,44.0,43.0,43.0,0.0,10.0,0.0,602.0,30.0,0.0,40.0,40.0,13,2011-01-06,3,9,1,2011,1,6,44.494858
603,10,1,1,43.0,43.0,43.0,0.0,11.0,0.0,559.0,30.0,0.0,40.0,40.0,13,2011-01-07,3,9,1,2011,1,7,56.306988
603,10,1,1,43.0,43.0,43.0,0.0,11.0,0.0,516.0,30.0,0.0,40.0,40.0,13,2011-01-08,3,9,1,2011,1,8,62.459053
603,10,1,1,46.0,43.0,46.0,0.0,12.0,0.0,473.0,30.0,0.0,40.0,40.0,13,2011-01-09,3,9,1,2011,1,9,56.245914
603,10,1,1,47.0,43.0,46.0,0.0,11.0,0.0,430.0,40.0,0.0,40.0,40.0,13,2011-01-10,3,9,1,2011,1,10,54.675457
603,10,1,1,47.0,43.0,46.0,0.0,11.0,0.0,387.0,30.0,0.0,40.0,40.0,13,2011-01-11,3,9,1,2011,1,11,47.997604
603,10,1,1,47.0,43.0,46.0,0.0,11.0,0.0,344.0,30.0,0.0,40.0,40.0,13,2011-01-12,3,9,1,2011,1,12,56.544376
603,10,1,1,-10.0,53.0,90.0,37.0,63.0,34.0,261.0,0.0,30.0,50.0,80.0,5,2010-01-01,1,2,1,2010,1,1,87.34351
603,10,1,1,-7.0,61.0,104.0,43.0,68.0,39.0,256.0,10.0,40.0,60.0,100.0,5,2010-01-02,1,2,1,2010,1,2,90.387474
603,10,1,1,-7.0,63.0,107.0,44.0,70.0,40.0,251.0,10.0,40.0,60.0,100.0,5,2010-01-03,1,2,1,2010,1,3,92.86395
603,10,1,1,-6.0,63.0,107.0,44.0,69.0,40.0,261.0,10.0,40.0,60.0,100.0,5,2010-01-04,1,2,1,2010,1,4,103.692474
603,10,1,1,-7.0,61.0,104.0,43.0,68.0,39.0,282.0,10.0,40.0,60.0,100.0,5,2010-01-05,1,2,1,2010,1,5,106.31577
603,10,1,1,-4.0,73.0,125.0,52.0,77.0,47.0,313.0,20.0,40.0,80.0,120.0,5,2010-01-06,1,2,1,2010,1,6,114.21666
603,10,1,1,-1.0,82.0,141.0,59.0,83.0,53.0,338.0,10.0,50.0,80.0,130.0,5,2010-01-07,1,2,1,2010,1,7,118.75817
603,10,1,1,1.0,88.0,151.0,63.0,87.0,57.0,332.0,10.0,60.0,80.0,140.0,5,2010-01-08,1,2,1,2010,1,8,118.16405
603,10,1,1,-7.0,62.0,106.0,44.0,69.0,40.0,325.0,10.0,40.0,60.0,100.0,5,2010-01-09,1,2,1,2010,1,9,103.00414
603,10,1,1,-7.0,64.0,109.0,45.0,71.0,41.0,320.0,30.0,30.0,60.0,90.0,5,2010-01-10,1,2,1,2010,1,10,101.229126
603,10,1,1,-8.0,62.0,106.0,44.0,70.0,40.0,325.0,10.0,40.0,60.0,100.0,5,2010-01-11,1,2,1,2010,1,11,97.109116
603,10,1,1,-4.0,69.0,118.0,49.0,73.0,44.0,335.0,10.0,40.0,70.0,110.0,5,2010-01-12,1,2,1,2010,1,12,100.9386
603,10,1,1,-16.0,53.0,101.0,37.0,66.0,34.0,261.0,0.0,30.0,50.0,80.0,5,2011-01-01,1,2,1,2011,1,1,99.570305
603,10,1,1,-10.0,61.0,111.0,43.0,68.0,39.0,256.0,10.0,40.0,60.0,100.0,5,2011-01-02,1,2,1,2011,1,2,98.820984
603,10,1,1,-10.0,63.0,114.0,44.0,70.0,40.0,251.0,10.0,40.0,60.0,100.0,5,2011-01-03,1,2,1,2011,1,3,100.276825
603,10,1,1,-9.0,63.0,114.0,44.0,69.0,40.0,261.0,10.0,40.0,60.0,100.0,5,2011-01-04,1,2,1,2011,1,4,106.50322
603,10,1,1,-10.0,61.0,103.0,43.0,63.0,39.0,282.0,10.0,40.0,60.0,100.0,5,2011-01-05,1,2,1,2011,1,5,102.114456
603,10,1,1,-6.0,73.0,124.0,52.0,72.0,47.0,313.0,20.0,40.0,80.0,120.0,5,2011-01-06,1,2,1,2011,1,6,110.81591
603,10,1,1,-1.0,82.0,140.0,59.0,77.0,53.0,338.0,10.0,50.0,80.0,130.0,5,2011-01-07,1,2,1,2011,1,7,121.58983
603,10,1,1,1.0,88.0,150.0,63.0,81.0,57.0,332.0,10.0,60.0,80.0,140.0,5,2011-01-08,1,2,1,2011,1,8,132.74655
603,10,1,1,-10.0,62.0,113.0,44.0,69.0,40.0,325.0,10.0,40.0,60.0,100.0,5,2011-01-09,1,2,1,2011,1,9,122.339005
603,10,1,1,-10.0,64.0,116.0,45.0,71.0,41.0,320.0,30.0,30.0,60.0,90.0,5,2011-01-10,1,2,1,2011,1,10,120.56399
603,10,1,1,-12.0,62.0,113.0,44.0,70.0,40.0,325.0,10.0,40.0,60.0,100.0,5,2011-01-11,1,2,1,2011,1,11,116.44398
603,10,1,1,-6.0,69.0,126.0,49.0,73.0,44.0,335.0,10.0,40.0,70.0,110.0,5,2011-01-12,1,2,1,2011,1,12,120.27346
603,10,1,1,-4.0,42.0,76.0,34.0,46.0,12.0,197.0,0.0,20.0,30.0,50.0,9,2010-01-01,2,10,0,2010,1,1,68.31407
603,10,1,1,-4.0,41.0,74.0,33.0,45.0,12.0,193.0,0.0,20.0,30.0,50.0,9,2010-01-02,2,10,0,2010,1,2,70.418304
603,10,1,1,-3.0,42.0,75.0,33.0,45.0,12.0,190.0,0.0,20.0,30.0,50.0,9,2010-01-03,2,10,0,2010,1,3,73.66616
603,10,1,1,-3.0,44.0,79.0,35.0,47.0,13.0,197.0,10.0,20.0,40.0,60.0,9,2010-01-04,2,10,0,2010,1,4,83.855675
603,10,1,1,-1.0,45.0,81.0,36.0,46.0,13.0,212.0,10.0,20.0,40.0,60.0,9,2010-01-05,2,10,0,2010,1,5,90.126045
603,10,1,1,0.0,46.0,82.0,36.0,46.0,13.0,236.0,10.0,20.0,40.0,60.0,9,2010-01-06,2,10,0,2010,1,6,96.07869
603,10,1,1,0.0,46.0,82.0,36.0,46.0,13.0,252.0,10.0,20.0,40.0,60.0,9,2010-01-07,2,10,0,2010,1,7,102.54006
603,10,1,1,1.0,48.0,86.0,38.0,47.0,14.0,248.0,10.0,20.0,40.0,60.0,9,2010-01-08,2,10,0,2010,1,8,102.06631
603,10,1,1,2.0,51.0,91.0,40.0,49.0,15.0,244.0,10.0,30.0,40.0,70.0,9,2010-01-09,2,10,0,2010,1,9,82.45081
603,10,1,1,-3.0,43.0,77.0,34.0,46.0,12.0,240.0,20.0,10.0,30.0,40.0,9,2010-01-10,2,10,0,2010,1,10,79.69641
603,10,1,1,-4.0,41.0,74.0,33.0,45.0,12.0,243.0,0.0,20.0,30.0,50.0,9,2010-01-11,2,10,0,2010,1,11,76.95364
603,10,1,1,2.0,49.0,88.0,39.0,47.0,14.0,250.0,10.0,20.0,40.0,60.0,9,2010-01-12,2,10,0,2010,1,12,100.921265
603,10,1,1,-6.0,42.0,85.0,34.0,48.0,12.0,197.0,0.0,20.0,30.0,50.0,9,2011-01-01,2,10,0,2011,1,1,82.2524
603,10,1,1,-6.0,41.0,79.0,33.0,45.0,12.0,193.0,0.0,20.0,30.0,50.0,9,2011-01-02,2,10,0,2011,1,2,80.635475
603,10,1,1,-4.0,42.0,80.0,33.0,45.0,12.0,190.0,0.0,20.0,30.0,50.0,9,2011-01-03,2,10,0,2011,1,3,82.1059
603,10,1,1,-4.0,44.0,84.0,35.0,47.0,13.0,197.0,10.0,20.0,40.0,60.0,9,2011-01-04,2,10,0,2011,1,4,86.73467
603,10,1,1,-1.0,45.0,80.0,36.0,43.0,13.0,212.0,10.0,20.0,40.0,60.0,9,2011-01-05,2,10,0,2011,1,5,84.18551
603,10,1,1,0.0,46.0,81.0,36.0,43.0,13.0,236.0,10.0,20.0,40.0,60.0,9,2011-01-06,2,10,0,2011,1,6,89.795845
603,10,1,1,0.0,46.0,81.0,36.0,43.0,13.0,252.0,10.0,20.0,40.0,60.0,9,2011-01-07,2,10,0,2011,1,7,100.879074
603,10,1,1,1.0,48.0,85.0,38.0,44.0,14.0,248.0,10.0,20.0,40.0,60.0,9,2011-01-08,2,10,0,2011,1,8,108.709045
603,10,1,1,3.0,51.0,97.0,40.0,49.0,15.0,244.0,10.0,30.0,40.0,70.0,9,2011-01-09,2,10,0,2011,1,9,98.24875
603,10,1,1,-4.0,43.0,82.0,34.0,46.0,12.0,240.0,20.0,10.0,30.0,40.0,9,2011-01-10,2,10,0,2011,1,10,95.49435
603,10,1,1,-6.0,41.0,79.0,33.0,45.0,12.0,243.0,0.0,20.0,30.0,50.0,9,2011-01-11,2,10,0,2011,1,11,92.75157
603,10,1,1,3.0,49.0,94.0,39.0,47.0,14.0,250.0,10.0,20.0,40.0,60.0,9,2011-01-12,2,10,0,2011,1,12,116.7192
603,10,1,1,10.0,27.0,45.0,18.0,17.0,5.0,821.0,20.0,10.0,30.0,40.0,11,2010-01-01,3,5,1,2010,1,1,37.61402
603,10,1,1,11.0,27.0,45.0,18.0,16.0,5.0,818.0,20.0,10.0,30.0,40.0,11,2010-01-02,3,5,1,2010,1,2,39.235714
603,10,1,1,11.0,27.0,45.0,18.0,16.0,5.0,816.0,20.0,10.0,30.0,40.0,11,2010-01-03,3,5,1,2010,1,3,42.322765
603,10,1,1,12.0,28.0,47.0,19.0,16.0,5.0,820.0,20.0,20.0,30.0,50.0,11,2010-01-04,3,5,1,2010,1,4,51.104656
603,10,1,1,12.0,29.0,49.0,20.0,17.0,5.0,829.0,20.0,20.0,30.0,50.0,11,2010-01-05,3,5,1,2010,1,5,57.375034
603,10,1,1,17.0,35.0,58.0,23.0,18.0,6.0,843.0,30.0,20.0,40.0,60.0,11,2010-01-06,3,5,1,2010,1,6,63.63353
603,10,1,1,17.0,36.0,61.0,25.0,19.0,7.0,854.0,30.0,20.0,40.0,60.0,11,2010-01-07,3,5,1,2010,1,7,68.49856
603,10,1,1,20.0,38.0,63.0,25.0,18.0,7.0,851.0,30.0,20.0,40.0,60.0,11,2010-01-08,3,5,1,2010,1,8,68.338425
603,10,1,1,12.0,29.0,48.0,19.0,17.0,5.0,848.0,20.0,20.0,30.0,50.0,11,2010-01-09,3,5,1,2010,1,9,46.749184
603,10,1,1,14.0,31.0,52.0,21.0,17.0,5.0,846.0,30.0,20.0,30.0,50.0,11,2010-01-10,3,5,1,2010,1,10,42.647415
603,10,1,1,8.0,24.0,39.0,15.0,16.0,4.0,848.0,20.0,10.0,30.0,40.0,11,2010-01-11,3,5,1,2010,1,11,36.8308
603,10,1,1,10.0,25.0,41.0,16.0,15.0,4.0,851.0,20.0,10.0,30.0,40.0,11,2010-01-12,3,5,1,2010,1,12,42.151756
603,10,1,1,16.0,27.0,50.0,18.0,18.0,5.0,821.0,20.0,10.0,30.0,40.0,11,2011-01-01,3,5,1,2011,1,1,53.131535
603,10,1,1,16.0,27.0,48.0,18.0,16.0,5.0,818.0,20.0,10.0,30.0,40.0,11,2011-01-02,3,5,1,2011,1,2,51.28922
603,10,1,1,16.0,27.0,48.0,18.0,16.0,5.0,816.0,20.0,10.0,30.0,40.0,11,2011-01-03,3,5,1,2011,1,3,53.355633
603,10,1,1,18.0,28.0,50.0,19.0,16.0,5.0,820.0,20.0,20.0,30.0,50.0,11,2011-01-04,3,5,1,2011,1,4,56.54651
603,10,1,1,17.0,29.0,49.0,20.0,16.0,5.0,829.0,20.0,20.0,30.0,50.0,11,2011-01-05,3,5,1,2011,1,5,53.99737
603,10,1,1,23.0,35.0,57.0,23.0,17.0,6.0,843.0,30.0,20.0,40.0,60.0,11,2011-01-06,3,5,1,2011,1,6,59.7401
603,10,1,1,23.0,36.0,60.0,25.0,18.0,7.0,854.0,30.0,20.0,40.0,60.0,11,2011-01-07,3,5,1,2011,1,7,69.13366
603,10,1,1,28.0,38.0,62.0,25.0,17.0,7.0,851.0,30.0,20.0,40.0,60.0,11,2011-01-08,3,5,1,2011,1,8,80.72441
603,10,1,1,18.0,29.0,51.0,19.0,17.0,5.0,848.0,20.0,20.0,30.0,50.0,11,2011-01-09,3,5,1,2011,1,9,68.29038
603,10,1,1,21.0,31.0,55.0,21.0,17.0,5.0,846.0,30.0,20.0,30.0,50.0,11,2011-01-10,3,5,1,2011,1,10,64.1886
603,10,1,1,12.0,24.0,42.0,15.0,16.0,4.0,848.0,20.0,10.0,30.0,40.0,11,2011-01-11,3,5,1,2011,1,11,58.37197
603,10,1,1,15.0,25.0,44.0,16.0,15.0,4.0,851.0,20.0,10.0,30.0,40.0,11,2011-01-12,3,5,1,2011,1,12,63.69297
603,10,1,1,-8.0,36.0,65.0,29.0,44.0,11.0,169.0,0.0,20.0,40.0,60.0,7,2010-01-01,1,12,1,2010,1,1,63.977448
603,10,1,1,-6.0,38.0,68.0,30.0,44.0,11.0,165.0,0.0,20.0,40.0,60.0,7,2010-01-02,1,12,1,2010,1,2,66.05123
603,10,1,1,-4.0,42.0,75.0,33.0,46.0,12.0,162.0,0.0,30.0,40.0,70.0,7,2010-01-03,1,12,1,2010,1,3,67.35065
603,10,1,1,-9.0,36.0,65.0,29.0,45.0,11.0,169.0,0.0,20.0,40.0,60.0,7,2010-01-04,1,12,1,2010,1,4,71.61698
603,10,1,1,-3.0,42.0,76.0,34.0,45.0,12.0,182.0,0.0,30.0,40.0,70.0,7,2010-01-05,1,12,1,2010,1,5,75.55188
603,10,1,1,-3.0,43.0,78.0,35.0,46.0,13.0,204.0,0.0,30.0,40.0,70.0,7,2010-01-06,1,12,1,2010,1,6,80.523865
603,10,1,1,0.0,49.0,89.0,40.0,49.0,15.0,219.0,10.0,30.0,50.0,80.0,7,2010-01-07,1,12,1,2010,1,7,78.16841
603,10,1,1,-9.0,36.0,65.0,29.0,45.0,11.0,215.0,0.0,20.0,40.0,60.0,7,2010-01-08,1,12,1,2010,1,8,70.88054
603,10,1,1,-12.0,30.0,54.0,24.0,42.0,9.0,212.0,0.0,20.0,30.0,50.0,7,2010-01-09,1,12,1,2010,1,9,49.560055
603,10,1,1,-12.0,31.0,56.0,25.0,43.0,9.0,209.0,10.0,10.0,30.0,40.0,7,2010-01-10,1,12,1,2010,1,10,58.688812
603,10,1,1,-3.0,42.0,76.0,34.0,45.0,12.0,211.0,0.0,30.0,40.0,70.0,7,2010-01-11,1,12,1,2010,1,11,64.187035
603,10,1,1,-16.0,25.0,45.0,20.0,41.0,7.0,218.0,0.0,10.0,30.0,40.0,7,2010-01-12,1,12,1,2010,1,12,55.99533
603,10,1,1,-12.0,36.0,73.0,29.0,46.0,11.0,169.0,0.0,20.0,40.0,60.0,7,2011-01-01,1,12,1,2011,1,1,74.570435
603,10,1,1,-9.0,38.0,72.0,30.0,44.0,11.0,165.0,0.0,20.0,40.0,60.0,7,2011-01-02,1,12,1,2011,1,2,74.53973
603,10,1,1,-6.0,42.0,80.0,33.0,46.0,12.0,162.0,0.0,30.0,40.0,70.0,7,2011-01-03,1,12,1,2011,1,3,75.70038
603,10,1,1,-13.0,36.0,69.0,29.0,45.0,11.0,169.0,0.0,20.0,40.0,60.0,7,2011-01-04,1,12,1,2011,1,4,74.90266
603,10,1,1,-4.0,42.0,75.0,34.0,42.0,12.0,182.0,0.0,30.0,40.0,70.0,7,2011-01-05,1,12,1,2011,1,5,68.35419
603,10,1,1,-4.0,43.0,77.0,35.0,43.0,13.0,204.0,0.0,30.0,40.0,70.0,7,2011-01-06,1,12,1,2011,1,6,76.98076
603,10,1,1,0.0,49.0,88.0,40.0,46.0,15.0,219.0,10.0,30.0,50.0,80.0,7,2011-01-07,1,12,1,2011,1,7,77.50853
603,10,1,1,-12.0,36.0,64.0,29.0,42.0,11.0,215.0,0.0,20.0,40.0,60.0,7,2011-01-08,1,12,1,2011,1,8,76.91649
603,10,1,1,-18.0,30.0,58.0,24.0,42.0,9.0,212.0,0.0,20.0,30.0,50.0,7,2011-01-09,1,12,1,2011,1,9,70.4058
603,10,1,1,-18.0,31.0,60.0,25.0,43.0,9.0,209.0,10.0,10.0,30.0,40.0,7,2011-01-10,1,12,1,2011,1,10,79.53456
603,10,1,1,-4.0,42.0,81.0,34.0,45.0,12.0,211.0,0.0,30.0,40.0,70.0,7,2011-01-11,1,12,1,2011,1,11,85.03272
603,10,1,1,-24.0,25.0,48.0,20.0,41.0,7.0,218.0,0.0,10.0,30.0,40.0,7,2011-01-12,1,12,1,2011,1,12,76.84107
607,12,1,0,350.0,374.0,664.0,249.0,138.0,87.0,2580.0,230.0,220.0,340.0,560.0,2,2011-01-11,0,4,1,2011,1,11,773.9177
607,12,1,0,116.0,111.0,199.0,76.0,33.0,21.0,580.0,100.0,80.0,120.0,200.0,13,2011-01-10,3,9,1,2011,1,10,225.45677
607,12,1,0,-208.0,-62.0,63.0,125.0,146.0,113.0,1118.0,-190.0,120.0,-60.0,60.0,5,2010-01-03,1,2,1,2010,1,3,72.72146
607,12,1,0,111.0,238.0,483.0,245.0,127.0,93.0,1419.0,100.0,180.0,190.0,370.0,9,2010-01-01,2,10,0,2010,1,1,506.7059
607,12,1,0,263.0,398.0,669.0,271.0,135.0,102.0,1727.0,220.0,200.0,320.0,520.0,9,2010-01-06,2,10,0,2010,1,6,634.01904
607,12,1,0,309.0,453.0,747.0,294.0,144.0,111.0,1727.0,210.0,220.0,320.0,540.0,9,2010-01-12,2,10,0,2010,1,12,657.31555
607,12,1,0,-120.0,-33.0,180.0,213.0,87.0,66.0,1214.0,-80.0,160.0,-20.0,140.0,10,2010-01-02,2,11,0,2010,1,2,174.58853
607,12,1,0,-181.0,-37.0,196.0,235.0,87.0,72.0,2169.0,-90.0,170.0,-20.0,150.0,10,2011-01-05,2,11,0,2011,1,5,197.61987
607,12,1,0,157.0,139.0,262.0,95.0,40.0,26.0,821.0,120.0,100.0,150.0,250.0,11,2011-01-01,3,5,1,2011,1,1,253.77475
608,19,0,1,20.0,66.0,134.0,54.0,56.0,20.0,312.0,30.0,50.0,70.0,120.0,1,2011-01-01,0,0,1,2011,1,1,143.44278
608,19,0,1,34.0,82.0,159.0,67.0,59.0,25.0,391.0,30.0,70.0,80.0,150.0,1,2011-01-09,0,0,1,2011,1,9,168.11334
608,19,0,1,24.0,154.0,264.0,110.0,130.0,100.0,665.0,50.0,110.0,160.0,270.0,2,2010-01-06,0,4,1,2010,1,6,265.5428
608,19,0,1,35.0,184.0,317.0,133.0,149.0,120.0,705.0,60.0,140.0,190.0,330.0,2,2010-01-08,0,4,1,2010,1,8,280.40997
608,19,0,1,25.0,132.0,242.0,95.0,115.0,86.0,554.0,30.0,100.0,130.0,230.0,2,2011-01-04,0,4,1,2011,1,4,241.15298
608,19,0,1,44.0,173.0,294.0,124.0,131.0,112.0,717.0,60.0,130.0,180.0,310.0,2,2011-01-07,0,4,1,2011,1,7,278.72928
608,19,0,1,24.0,130.0,239.0,94.0,114.0,85.0,694.0,30.0,90.0,130.0,220.0,2,2011-01-11,0,4,1,2011,1,11,258.01605
608,19,0,1,47.0,92.0,170.0,78.0,45.0,24.0,995.0,70.0,90.0,110.0,200.0,5,2010-01-05,1,2,1,2010,1,5,169.27013
608,19,0,1,56.0,103.0,189.0,86.0,47.0,26.0,1081.0,90.0,90.0,130.0,220.0,5,2010-01-07,1,2,1,2010,1,7,177.84961
608,19,0,1,48.0,94.0,174.0,80.0,46.0,24.0,1055.0,120.0,110.0,140.0,250.0,5,2010-01-10,1,2,1,2010,1,10,179.85028
608,19,0,1,58.0,82.0,161.0,69.0,43.0,21.0,965.0,50.0,80.0,90.0,170.0,5,2011-01-04,1,2,1,2011,1,4,170.30005
608,19,0,1,65.0,92.0,168.0,78.0,42.0,24.0,995.0,70.0,90.0,110.0,200.0,5,2011-01-05,1,2,1,2011,1,5,165.83438
608,19,0,1,21.0,43.0,76.0,33.0,22.0,10.0,577.0,30.0,30.0,50.0,80.0,6,2010-01-09,1,6,0,2010,1,9,108.791145
608,19,0,1,19.0,32.0,60.0,24.0,19.0,7.0,567.0,30.0,30.0,40.0,70.0,6,2011-01-12,1,6,0,2011,1,12,124.99008
608,19,0,1,62.0,82.0,129.0,48.0,34.0,14.0,351.0,50.0,40.0,70.0,110.0,8,2011-01-05,2,3,0,2011,1,5,148.77951
608,19,0,1,47.0,72.0,121.0,49.0,25.0,13.0,779.0,50.0,40.0,60.0,100.0,9,2010-01-04,2,10,0,2010,1,4,119.20398
608,19,0,1,50.0,75.0,126.0,51.0,25.0,14.0,857.0,60.0,40.0,70.0,110.0,9,2010-01-09,2,10,0,2010,1,9,115.83692
608,19,0,1,44.0,48.0,91.0,33.0,21.0,9.0,777.0,50.0,20.0,50.0,70.0,9,2011-01-01,2,10,0,2011,1,1,110.69962
608,19,0,1,47.0,89.0,150.0,61.0,42.0,19.0,390.0,50.0,50.0,80.0,130.0,11,2010-01-01,3,5,1,2010,1,1,144.01851
608,19,0,1,73.0,89.0,168.0,61.0,44.0,19.0,390.0,50.0,50.0,80.0,130.0,11,2011-01-01,3,5,1,2011,1,1,164.6722
608,19,0,1,56.0,77.0,137.0,52.0,39.0,16.0,376.0,40.0,40.0,70.0,110.0,11,2011-01-03,3,5,1,2011,1,3,151.8067
608,19,0,1,46.0,67.0,120.0,46.0,36.0,14.0,454.0,30.0,30.0,60.0,90.0,11,2011-01-09,3,5,1,2011,1,9,143.793
608,19,0,1,-6.0,66.0,113.0,47.0,72.0,42.0,622.0,0.0,40.0,50.0,90.0,12,2010-01-07,3,8,1,2010,1,7,128.67442
608,19,0,1,1.0,87.0,160.0,63.0,86.0,57.0,521.0,10.0,50.0,80.0,130.0,12,2011-01-04,3,8,1,2011,1,4,142.76013
608,19,0,1,3.0,90.0,153.0,64.0,82.0,58.0,551.0,10.0,50.0,80.0,130.0,12,2011-01-05,3,8,1,2011,1,5,134.92914
614,13,0,0,20.0,63.0,110.0,47.0,43.0,15.0,420.0,40.0,40.0,70.0,110.0,1,2010-01-07,0,0,1,2010,1,7,115.89877
614,13,0,0,28.0,72.0,125.0,53.0,44.0,17.0,410.0,50.0,50.0,80.0,130.0,1,2010-01-09,0,0,1,2010,1,9,127.4515
614,13,0,0,47.0,77.0,143.0,57.0,45.0,18.0,323.0,50.0,60.0,80.0,140.0,1,2011-01-03,0,0,1,2011,1,3,145.3319
614,13,0,0,39.0,71.0,131.0,52.0,45.0,17.0,405.0,60.0,40.0,70.0,110.0,1,2011-01-10,0,0,1,2011,1,10,131.5764
614,13,0,0,42.0,83.0,140.0,57.0,41.0,18.0,364.0,50.0,60.0,80.0,140.0,2,2010-01-01,0,4,1,2010,1,1,144.27815
614,13,0,0,19.0,55.0,93.0,38.0,36.0,12.0,414.0,20.0,40.0,50.0,90.0,2,2010-01-06,0,4,1,2010,1,6,121.3098
614,13,0,0,32.0,68.0,114.0,46.0,36.0,14.0,424.0,40.0,40.0,70.0,110.0,2,2010-01-11,0,4,1,2010,1,11,108.45462
614,13,0,0,24.0,60.0,101.0,41.0,36.0,13.0,435.0,20.0,40.0,50.0,90.0,2,2010-01-12,0,4,1,2010,1,12,118.603165
614,13,0,0,65.0,83.0,157.0,57.0,43.0,18.0,364.0,50.0,60.0,80.0,140.0,2,2011-01-01,0,4,1,2011,1,1,158.04964
614,13,0,0,43.0,64.0,114.0,43.0,35.0,13.0,424.0,40.0,40.0,70.0,110.0,2,2011-01-09,0,4,1,2011,1,9,122.73319
614,13,0,0,0.0,87.0,150.0,63.0,87.0,57.0,435.0,20.0,60.0,90.0,150.0,3,2010-01-01,0,7,0,2010,1,1,127.913185
614,13,0,0,-3.0,75.0,129.0,54.0,78.0,49.0,427.0,20.0,50.0,80.0,130.0,3,2010-01-02,0,7,0,2010,1,2,124.22891
614,13,0,0,-11.0,52.0,89.0,37.0,63.0,33.0,513.0,10.0,30.0,60.0,90.0,3,2010-01-08,0,7,0,2010,1,8,105.06094
614,13,0,0,-4.0,74.0,134.0,52.0,77.0,47.0,509.0,20.0,50.0,80.0,130.0,3,2011-01-09,0,7,0,2011,1,9,106.76226
614,13,0,0,-4.0,73.0,133.0,52.0,76.0,47.0,509.0,10.0,50.0,70.0,120.0,3,2011-01-11,0,7,0,2011,1,11,102.994545
614,13,0,0,99.0,171.0,341.0,170.0,72.0,47.0,1091.0,140.0,190.0,210.0,400.0,5,2010-01-01,1,2,1,2010,1,1,297.3666
614,13,0,0,140.0,163.0,346.0,162.0,69.0,45.0,1059.0,130.0,180.0,200.0,380.0,5,2011-01-03,1,2,1,2011,1,3,314.291
614,13,0,0,16.0,72.0,130.0,58.0,56.0,22.0,338.0,40.0,60.0,90.0,150.0,6,2010-01-01,1,6,0,2010,1,1,136.48482
614,13,0,0,18.0,73.0,132.0,59.0,55.0,22.0,331.0,40.0,60.0,90.0,150.0,6,2010-01-02,1,6,0,2010,1,2,134.0779
614,13,0,0,12.0,66.0,120.0,54.0,54.0,20.0,404.0,70.0,70.0,100.0,170.0,6,2010-01-10,1,6,0,2010,1,10,111.44913
614,13,0,0,15.0,64.0,114.0,51.0,49.0,19.0,419.0,30.0,50.0,80.0,130.0,6,2011-01-07,1,6,0,2011,1,7,116.68731
614,13,0,0,9.0,26.0,44.0,18.0,17.0,5.0,478.0,20.0,10.0,20.0,30.0,8,2010-01-06,2,3,0,2010,1,6,70.09766
614,13,0,0,17.0,29.0,49.0,20.0,16.0,5.0,464.0,30.0,10.0,30.0,40.0,8,2011-01-05,2,3,0,2011,1,5,72.33578
614,13,0,0,37.0,44.0,78.0,29.0,19.0,8.0,490.0,30.0,20.0,40.0,60.0,8,2011-01-12,2,3,0,2011,1,12,73.4044
614,13,0,0,26.0,45.0,75.0,30.0,19.0,8.0,820.0,40.0,20.0,40.0,60.0,9,2010-01-04,2,10,0,2010,1,4,87.08867
614,13,0,0,16.0,34.0,57.0,23.0,18.0,6.0,868.0,40.0,10.0,40.0,50.0,9,2010-01-07,2,10,0,2010,1,7,85.61318
614,13,0,0,30.0,52.0,88.0,36.0,22.0,10.0,862.0,40.0,30.0,50.0,80.0,9,2010-01-11,2,10,0,2010,1,11,82.07601
614,13,0,0,45.0,48.0,90.0,32.0,20.0,8.0,821.0,50.0,20.0,50.0,70.0,9,2011-01-01,2,10,0,2011,1,1,87.09499
614,13,0,0,34.0,43.0,77.0,29.0,20.0,8.0,862.0,40.0,20.0,40.0,60.0,9,2011-01-09,2,10,0,2011,1,9,82.00005
614,13,0,0,62.0,120.0,200.0,80.0,58.0,26.0,640.0,60.0,60.0,110.0,170.0,11,2010-01-02,3,5,1,2010,1,2,213.00153
614,13,0,0,92.0,120.0,213.0,80.0,58.0,26.0,640.0,60.0,60.0,110.0,170.0,11,2011-01-02,3,5,1,2011,1,2,232.71533
614,13,0,0,142.0,172.0,283.0,114.0,64.0,37.0,810.0,100.0,90.0,160.0,250.0,11,2011-01-08,3,5,1,2011,1,8,256.4812
614,13,0,0,129.0,150.0,265.0,99.0,63.0,32.0,798.0,70.0,80.0,130.0,210.0,11,2011-01-09,3,5,1,2011,1,9,237.24532
614,13,0,0,92.0,119.0,210.0,78.0,57.0,25.0,798.0,60.0,60.0,100.0,160.0,11,2011-01-11,3,5,1,2011,1,11,226.06786
614,13,0,0,76.0,127.0,218.0,91.0,51.0,28.0,656.0,80.0,50.0,100.0,150.0,12,2010-01-10,3,8,1,2010,1,10,232.1541
617,7,1,0,547.0,595.0,649.0,54.0,48.0,17.0,-1006.0,530.0,50.0,560.0,610.0,2,2010-01-06,0,4,1,2010,1,6,589.5865
617,7,1,0,777.0,612.0,658.0,52.0,46.0,17.0,-2033.0,560.0,40.0,590.0,630.0,2,2011-01-08,0,4,1,2011,1,8,608.04645
617,7,1,0,13.0,30.0,50.0,20.0,17.0,5.0,482.0,20.0,20.0,30.0,50.0,13,2010-01-09,3,9,1,2010,1,9,51.82184
617,7,1,0,19.0,30.0,53.0,20.0,17.0,5.0,482.0,20.0,20.0,30.0,50.0,13,2011-01-09,3,9,1,2011,1,9,54.413662
617,7,1,0,-12.0,65.0,117.0,52.0,77.0,47.0,458.0,10.0,40.0,70.0,110.0,5,2010-01-04,1,2,1,2010,1,4,133.79764
617,7,1,0,-36.0,63.0,141.0,63.0,90.0,57.0,435.0,-10.0,60.0,60.0,120.0,5,2011-01-01,1,2,1,2011,1,1,141.84796
617,7,1,0,15.0,69.0,124.0,55.0,54.0,20.0,410.0,20.0,40.0,50.0,90.0,9,2010-01-11,2,10,0,2010,1,11,113.662575
617,7,1,0,29.0,49.0,82.0,33.0,20.0,9.0,870.0,40.0,30.0,50.0,80.0,11,2010-01-12,3,5,1,2010,1,12,75.982544
617,7,1,0,34.0,43.0,77.0,29.0,20.0,8.0,862.0,30.0,30.0,40.0,70.0,11,2011-01-09,3,5,1,2011,1,9,79.86896
617,7,1,0,81.0,146.0,291.0,145.0,65.0,40.0,1304.0,100.0,130.0,150.0,280.0,7,2010-01-07,1,12,1,2010,1,7,292.26422
617,7,1,0,156.0,171.0,382.0,170.0,75.0,47.0,1091.0,110.0,160.0,170.0,330.0,7,2011-01-01,1,12,1,2011,1,1,364.24542
617,7,1,0,160.0,182.0,387.0,181.0,74.0,50.0,1283.0,120.0,170.0,180.0,350.0,7,2011-01-11,1,12,1,2011,1,11,344.4039
618,4,0,0,222.0,270.0,461.0,195.0,101.0,64.0,956.0,180.0,200.0,280.0,480.0,2,2011-01-05,0,4,1,2011,1,5,458.0196
618,4,0,0,122.0,185.0,312.0,127.0,63.0,40.0,671.0,140.0,130.0,190.0,320.0,3,2010-01-05,0,7,0,2010,1,5,329.58936
618,4,0,0,220.0,336.0,589.0,253.0,116.0,83.0,1686.0,280.0,290.0,400.0,690.0,5,2010-01-09,1,2,1,2010,1,9,576.4767
618,4,0,0,197.0,179.0,322.0,123.0,46.0,34.0,959.0,130.0,110.0,170.0,280.0,8,2011-01-12,2,3,0,2011,1,12,312.13718
618,4,0,0,106.0,145.0,245.0,100.0,39.0,28.0,822.0,110.0,80.0,130.0,210.0,10,2010-01-04,2,11,0,2010,1,4,240.97229
618,4,0,0,137.0,136.0,228.0,94.0,34.0,26.0,562.0,90.0,80.0,120.0,200.0,11,2011-01-06,3,5,1,2011,1,6,201.14232
618,4,0,0,30.0,79.0,131.0,52.0,49.0,17.0,662.0,30.0,40.0,70.0,110.0,12,2010-01-08,3,8,1,2010,1,8,187.31964
619,0,3,0,-56.0,3.0,116.0,113.0,59.0,36.0,2758.0,-50.0,130.0,0.0,130.0,1,2010-01-11,0,0,1,2010,1,11,111.48651
619,0,3,0,71.0,102.0,181.0,68.0,54.0,22.0,559.0,40.0,40.0,70.0,110.0,13,2011-01-04,3,9,1,2011,1,4,173.3825
619,0,3,0,153.0,152.0,254.0,104.0,38.0,29.0,871.0,120.0,80.0,140.0,220.0,8,2011-01-05,2,3,0,2011,1,5,269.33502
619,0,3,0,192.0,185.0,309.0,127.0,43.0,35.0,1007.0,150.0,100.0,170.0,270.0,8,2011-01-07,2,3,0,2011,1,7,299.68967
619,0,3,0,94.0,130.0,219.0,89.0,36.0,24.0,777.0,80.0,50.0,90.0,140.0,11,2010-01-01,3,5,1,2010,1,1,218.29884
619,0,3,0,155.0,152.0,254.0,104.0,37.0,29.0,952.0,100.0,60.0,110.0,170.0,11,2011-01-07,3,5,1,2011,1,7,286.22336
619,0,3,0,53.0,79.0,133.0,54.0,26.0,15.0,601.0,50.0,30.0,60.0,90.0,12,2010-01-12,3,8,1,2010,1,12,149.30174
619,0,3,0,211.0,229.0,487.0,228.0,87.0,63.0,1436.0,150.0,210.0,220.0,430.0,4,2011-01-02,1,1,1,2011,1,2,487.57986
626,0,3,0,-40.0,28.0,141.0,104.0,55.0,33.0,685.0,-20.0,130.0,30.0,160.0,1,2011-01-02,0,0,1,2011,1,2,141.12476
626,0,3,0,313.0,474.0,790.0,316.0,161.0,110.0,2580.0,450.0,390.0,590.0,980.0,2,2010-01-09,0,4,1,2010,1,9,788.80225
626,0,3,0,247.0,390.0,650.0,260.0,143.0,91.0,2548.0,470.0,380.0,580.0,960.0,2,2010-01-10,0,4,1,2010,1,10,653.07117
626,0,3,0,-137.0,-30.0,166.0,196.0,107.0,64.0,3139.0,-140.0,240.0,-40.0,200.0,3,2010-01-08,0,7,0,2010,1,8,204.73703
626,0,3,0,-188.0,-27.0,156.0,173.0,100.0,57.0,3909.0,-130.0,200.0,-30.0,170.0,3,2011-01-11,0,7,0,2011,1,11,163.56502
626,0,3,0,230.0,349.0,612.0,263.0,119.0,86.0,1433.0,220.0,250.0,330.0,580.0,6,2010-01-05,1,6,0,2010,1,5,581.932
626,0,3,0,105.0,145.0,245.0,100.0,40.0,28.0,981.0,110.0,80.0,130.0,210.0,8,2010-01-09,2,3,0,2010,1,9,260.68112
626,0,3,0,89.0,124.0,210.0,86.0,35.0,24.0,1003.0,80.0,80.0,110.0,190.0,8,2010-01-12,2,3,0,2010,1,12,228.75311
626,0,3,0,106.0,144.0,243.0,99.0,38.0,27.0,766.0,90.0,60.0,100.0,160.0,11,2010-01-02,3,5,1,2010,1,2,233.5375
626,0,3,0,117.0,111.0,199.0,76.0,32.0,21.0,580.0,50.0,30.0,50.0,80.0,12,2011-01-10,3,8,1,2011,1,10,167.8168
630,4,0,0,161.0,270.0,465.0,195.0,109.0,64.0,956.0,180.0,200.0,280.0,480.0,2,2010-01-05,0,4,1,2010,1,5,463.6091
630,4,0,0,232.0,265.0,486.0,191.0,109.0,63.0,865.0,170.0,200.0,270.0,470.0,2,2011-01-04,0,4,1,2011,1,4,460.5401
630,4,0,0,191.0,225.0,412.0,162.0,96.0,53.0,1148.0,140.0,170.0,230.0,400.0,2,2011-01-09,0,4,1,2011,1,9,462.93716
630,4,0,0,102.0,158.0,267.0,109.0,56.0,34.0,585.0,120.0,110.0,170.0,280.0,3,2010-01-03,0,7,0,2010,1,3,295.4392
630,4,0,0,135.0,204.0,345.0,141.0,69.0,45.0,764.0,160.0,140.0,220.0,360.0,3,2010-01-06,0,7,0,2010,1,6,347.79117
630,4,0,0,150.0,222.0,376.0,154.0,72.0,49.0,817.0,170.0,160.0,230.0,390.0,3,2010-01-08,0,7,0,2010,1,8,357.45892
630,4,0,0,122.0,185.0,312.0,127.0,63.0,40.0,830.0,130.0,120.0,180.0,300.0,3,2010-01-12,0,7,0,2010,1,12,314.40833
630,4,0,0,262.0,392.0,687.0,295.0,130.0,97.0,1714.0,340.0,340.0,470.0,810.0,5,2010-01-08,1,2,1,2010,1,8,620.1899
630,4,0,0,357.0,387.0,672.0,291.0,119.0,96.0,1742.0,340.0,330.0,470.0,800.0,5,2011-01-07,1,2,1,2011,1,7,628.7556
630,4,0,0,291.0,304.0,567.0,228.0,108.0,75.0,1691.0,290.0,290.0,390.0,680.0,5,2011-01-11,1,2,1,2011,1,11,585.5883
630,4,0,0,140.0,228.0,456.0,228.0,88.0,63.0,1459.0,180.0,260.0,270.0,530.0,6,2010-01-01,1,6,0,2010,1,1,454.66788
630,4,0,0,165.0,261.0,521.0,260.0,96.0,72.0,1559.0,210.0,300.0,310.0,610.0,6,2010-01-05,1,6,0,2010,1,5,484.3487
630,4,0,0,157.0,251.0,501.0,250.0,94.0,70.0,1820.0,240.0,320.0,320.0,640.0,6,2010-01-12,1,6,0,2010,1,12,464.9626
630,4,0,0,211.0,229.0,487.0,228.0,87.0,63.0,1436.0,180.0,260.0,270.0,530.0,6,2011-01-02,1,6,0,2011,1,2,479.93454
630,4,0,0,220.0,239.0,509.0,239.0,91.0,66.0,1417.0,200.0,270.0,290.0,560.0,6,2011-01-03,1,6,0,2011,1,3,484.34644
630,4,0,0,121.0,163.0,276.0,113.0,42.0,31.0,897.0,130.0,90.0,150.0,240.0,8,2010-01-06,2,3,0,2010,1,6,298.7599
630,4,0,0,132.0,178.0,301.0,123.0,46.0,34.0,941.0,140.0,100.0,160.0,260.0,8,2010-01-08,2,3,0,2010,1,8,326.68387
630,4,0,0,156.0,144.0,259.0,99.0,39.0,27.0,766.0,110.0,80.0,130.0,210.0,8,2011-01-02,2,3,0,2011,1,2,290.91678
630,4,0,0,167.0,163.0,274.0,113.0,39.0,31.0,897.0,130.0,90.0,150.0,240.0,8,2011-01-06,2,3,0,2011,1,6,300.44125
630,4,0,0,68.0,107.0,190.0,83.0,39.0,27.0,623.0,60.0,70.0,90.0,160.0,9,2010-01-01,2,10,0,2010,1,1,169.20993
630,4,0,0,70.0,109.0,193.0,84.0,39.0,27.0,603.0,60.0,70.0,90.0,160.0,9,2010-01-03,2,10,0,2010,1,3,174.47025
630,4,0,0,67.0,107.0,190.0,83.0,40.0,27.0,574.0,60.0,70.0,90.0,160.0,9,2010-01-06,2,10,0,2010,1,6,190.3118
630,4,0,0,43.0,74.0,132.0,58.0,31.0,19.0,548.0,50.0,40.0,70.0,110.0,9,2010-01-09,2,10,0,2010,1,9,138.82425
630,4,0,0,27.0,51.0,90.0,39.0,24.0,12.0,541.0,40.0,20.0,40.0,60.0,9,2010-01-10,2,10,0,2010,1,10,133.16974
630,4,0,0,104.0,109.0,206.0,84.0,39.0,27.0,603.0,60.0,70.0,90.0,160.0,9,2011-01-03,2,10,0,2011,1,3,190.86882
630,4,0,0,84.0,117.0,198.0,81.0,33.0,22.0,984.0,80.0,70.0,110.0,180.0,10,2010-01-11,2,11,0,2010,1,11,208.92859
630,4,0,0,88.0,124.0,210.0,86.0,36.0,24.0,1003.0,80.0,80.0,110.0,190.0,10,2010-01-12,2,11,0,2010,1,12,216.87054
630,4,0,0,184.0,178.0,298.0,123.0,42.0,34.0,947.0,140.0,100.0,160.0,260.0,10,2011-01-06,2,11,0,2011,1,6,280.5614
630,4,0,0,125.0,118.0,212.0,81.0,34.0,22.0,588.0,80.0,60.0,110.0,170.0,11,2011-01-09,3,5,1,2011,1,9,197.88109
630,4,0,0,79.0,79.0,142.0,54.0,26.0,15.0,601.0,50.0,40.0,70.0,110.0,11,2011-01-12,3,5,1,2011,1,12,194.01187
630,4,0,0,59.0,114.0,189.0,75.0,55.0,24.0,549.0,50.0,60.0,100.0,160.0,12,2010-01-02,3,8,1,2010,1,2,175.50732
630,4,0,0,49.0,102.0,170.0,68.0,53.0,22.0,559.0,40.0,50.0,90.0,140.0,12,2010-01-04,3,8,1,2010,1,4,180.29758
630,4,0,0,59.0,114.0,189.0,75.0,55.0,24.0,659.0,50.0,60.0,90.0,150.0,12,2010-01-11,3,8,1,2010,1,11,165.51996
630,4,0,0,47.0,101.0,168.0,67.0,54.0,22.0,677.0,40.0,50.0,80.0,130.0,12,2010-01-12,3,8,1,2010,1,12,176.75017
630,4,0,0,61.0,96.0,159.0,64.0,48.0,21.0,593.0,50.0,50.0,90.0,140.0,12,2011-01-05,3,8,1,2011,1,5,183.78195
630,4,0,0,59.0,90.0,160.0,60.0,50.0,19.0,656.0,40.0,50.0,80.0,130.0,12,2011-01-09,3,8,1,2011,1,9,184.20201
631,12,1,0,276.0,428.0,712.0,284.0,152.0,99.0,2108.0,280.0,270.0,400.0,670.0,2,2010-01-04,0,4,1,2010,1,4,718.96423
631,12,1,0,135.0,136.0,228.0,94.0,35.0,26.0,608.0,120.0,90.0,150.0,240.0,13,2011-01-07,3,9,1,2011,1,7,231.0001
631,12,1,0,247.0,378.0,638.0,260.0,131.0,98.0,1558.0,200.0,190.0,300.0,490.0,9,2010-01-04,2,10,0,2010,1,4,573.18945
631,12,1,0,204.0,331.0,576.0,245.0,127.0,93.0,1704.0,140.0,180.0,240.0,420.0,9,2010-01-11,2,10,0,2010,1,11,568.3965
631,12,1,0,459.0,453.0,796.0,294.0,144.0,111.0,1727.0,210.0,220.0,320.0,540.0,9,2011-01-12,2,10,0,2011,1,12,639.38684
631,12,1,0,-252.0,-75.0,175.0,239.0,95.0,74.0,4360.0,-100.0,130.0,-50.0,80.0,10,2011-01-10,2,11,0,2011,1,10,182.38643
631,12,1,0,100.0,137.0,232.0,95.0,37.0,26.0,809.0,120.0,100.0,150.0,250.0,11,2010-01-02,3,5,1,2010,1,2,242.05379
631,12,1,0,144.0,191.0,323.0,132.0,47.0,36.0,994.0,170.0,130.0,210.0,340.0,11,2010-01-08,3,5,1,2010,1,8,305.30737
631,12,1,0,95.0,132.0,223.0,91.0,37.0,25.0,777.0,120.0,90.0,150.0,240.0,12,2010-01-04,3,8,1,2010,1,4,253.80289
631,12,1,0,156.0,144.0,259.0,99.0,39.0,27.0,766.0,130.0,100.0,160.0,260.0,12,2011-01-02,3,8,1,2011,1,2,251.66994
631,12,1,0,175.0,262.0,490.0,228.0,87.0,63.0,1459.0,200.0,210.0,270.0,480.0,7,2010-01-01,1,12,1,2010,1,1,510.30862
631,12,1,0,318.0,415.0,675.0,260.0,97.0,72.0,1405.0,340.0,240.0,420.0,660.0,7,2010-01-06,1,12,1,2010,1,6,640.4
631,12,1,0,251.0,280.0,541.0,266.0,91.0,74.0,1355.0,190.0,250.0,280.0,530.0,7,2011-01-07,1,12,1,2011,1,7,579.74774
636,8,0,1,39.0,105.0,190.0,85.0,66.0,32.0,494.0,40.0,90.0,100.0,190.0,2,2010-01-01,0,4,1,2010,1,1,167.78409
636,8,0,1,31.0,93.0,169.0,76.0,62.0,28.0,613.0,40.0,80.0,90.0,170.0,2,2010-01-07,0,4,1,2010,1,7,178.77641
636,8,0,1,68.0,90.0,176.0,75.0,44.0,23.0,956.0,60.0,70.0,100.0,170.0,3,2011-01-02,0,7,0,2011,1,2,168.57428
636,8,0,1,52.0,77.0,151.0,65.0,42.0,20.0,1053.0,70.0,50.0,80.0,130.0,3,2011-01-10,0,7,0,2011,1,10,147.3163
636,8,0,1,53.0,76.0,148.0,63.0,40.0,19.0,1075.0,40.0,60.0,70.0,130.0,3,2011-01-12,0,7,0,2011,1,12,158.52234
636,8,0,1,2.0,49.0,88.0,39.0,47.0,14.0,250.0,0.0,30.0,40.0,70.0,13,2010-01-12,3,9,1,2010,1,12,93.2888
636,8,0,1,-6.0,42.0,80.0,33.0,46.0,12.0,190.0,0.0,20.0,40.0,60.0,13,2011-01-03,3,9,1,2011,1,3,74.987335
636,8,0,1,41.0,65.0,109.0,44.0,24.0,12.0,844.0,50.0,50.0,70.0,120.0,5,2010-01-05,1,2,1,2010,1,5,109.28038
636,8,0,1,57.0,65.0,108.0,44.0,22.0,12.0,844.0,50.0,50.0,70.0,120.0,5,2011-01-05,1,2,1,2011,1,5,107.51225
636,8,0,1,40.0,49.0,82.0,34.0,19.0,9.0,890.0,40.0,30.0,60.0,90.0,5,2011-01-08,1,2,1,2011,1,8,126.175354
636,8,0,1,56.0,61.0,110.0,42.0,23.0,11.0,771.0,60.0,40.0,80.0,120.0,6,2011-01-02,1,6,0,2011,1,2,111.65276
636,8,0,1,43.0,53.0,88.0,36.0,20.0,10.0,828.0,40.0,40.0,60.0,100.0,6,2011-01-06,1,6,0,2011,1,6,96.373985
636,8,0,1,40.0,48.0,86.0,33.0,21.0,9.0,836.0,50.0,40.0,60.0,100.0,6,2011-01-11,1,6,0,2011,1,11,98.3375
636,8,0,1,-8.0,61.0,104.0,43.0,69.0,39.0,256.0,10.0,30.0,60.0,90.0,8,2010-01-02,2,3,0,2010,1,2,124.072136
636,8,0,1,-7.0,62.0,106.0,44.0,69.0,40.0,325.0,10.0,30.0,60.0,90.0,8,2010-01-09,2,3,0,2010,1,9,124.31765
636,8,0,1,-1.0,82.0,140.0,59.0,77.0,53.0,338.0,10.0,50.0,70.0,120.0,8,2011-01-07,2,3,0,2011,1,7,143.51897
636,8,0,1,3.0,88.0,150.0,63.0,80.0,57.0,332.0,20.0,50.0,80.0,130.0,8,2011-01-08,2,3,0,2011,1,8,154.84947
636,8,0,1,-32.0,18.0,106.0,88.0,50.0,27.0,715.0,-10.0,70.0,20.0,90.0,9,2010-01-03,2,10,0,2010,1,3,116.89775
636,8,0,1,-33.0,25.0,141.0,116.0,58.0,35.0,1142.0,0.0,90.0,30.0,120.0,9,2010-01-06,2,10,0,2010,1,6,137.21307
636,8,0,1,-18.0,40.0,142.0,93.0,52.0,28.0,840.0,10.0,70.0,40.0,110.0,9,2011-01-04,2,10,0,2011,1,4,133.4629
636,8,0,1,-21.0,38.0,135.0,98.0,49.0,30.0,973.0,0.0,80.0,30.0,110.0,9,2011-01-05,2,10,0,2011,1,5,126.89657
636,8,0,1,11.0,51.0,88.0,37.0,40.0,12.0,195.0,10.0,30.0,40.0,70.0,11,2010-01-04,3,5,1,2010,1,4,115.58966
636,8,0,1,14.0,55.0,96.0,41.0,41.0,13.0,239.0,20.0,30.0,50.0,80.0,11,2010-01-06,3,5,1,2010,1,6,124.170746
636,8,0,1,17.0,59.0,103.0,44.0,42.0,14.0,258.0,30.0,30.0,60.0,90.0,11,2010-01-07,3,5,1,2010,1,7,127.19977
636,8,0,1,13.0,53.0,92.0,39.0,40.0,12.0,244.0,30.0,20.0,40.0,60.0,11,2010-01-10,3,5,1,2010,1,10,103.34081
636,8,0,1,13.0,47.0,87.0,35.0,38.0,11.0,248.0,10.0,20.0,40.0,60.0,11,2011-01-11,3,5,1,2011,1,11,121.90118
636,8,0,1,-3.0,42.0,76.0,34.0,45.0,12.0,211.0,0.0,20.0,40.0,60.0,12,2010-01-11,3,8,1,2010,1,11,81.256424
641,5,0,1,18.0,35.0,58.0,23.0,17.0,6.0,843.0,30.0,20.0,40.0,60.0,1,2010-01-06,0,0,1,2010,1,6,58.754223
641,5,0,1,19.0,38.0,63.0,25.0,19.0,7.0,851.0,30.0,20.0,40.0,60.0,1,2010-01-08,0,0,1,2010,1,8,67.05103
641,5,0,1,10.0,25.0,41.0,16.0,15.0,4.0,851.0,20.0,10.0,30.0,40.0,1,2010-01-12,0,0,1,2010,1,12,50.725067
641,5,0,1,5.0,34.0,62.0,28.0,29.0,8.0,965.0,20.0,20.0,40.0,60.0,2,2010-01-01,0,4,1,2010,1,1,63.44312
641,5,0,1,6.0,35.0,63.0,28.0,29.0,8.0,958.0,20.0,20.0,40.0,60.0,2,2010-01-03,0,4,1,2010,1,3,69.52559
641,5,0,1,8.0,34.0,69.0,28.0,30.0,8.0,965.0,20.0,20.0,40.0,60.0,2,2011-01-01,0,4,1,2011,1,1,75.293655
641,5,0,1,9.0,35.0,67.0,28.0,29.0,8.0,961.0,20.0,20.0,40.0,60.0,2,2011-01-02,0,4,1,2011,1,2,73.12796
641,5,0,1,11.0,38.0,69.0,32.0,28.0,9.0,996.0,20.0,30.0,40.0,70.0,2,2011-01-06,0,4,1,2011,1,6,80.52976
641,5,0,1,12.0,38.0,74.0,31.0,30.0,9.0,1009.0,10.0,30.0,30.0,60.0,2,2011-01-12,0,4,1,2011,1,12,92.11294
641,5,0,1,1.0,18.0,32.0,14.0,17.0,4.0,602.0,10.0,10.0,20.0,30.0,3,2010-01-08,0,7,0,2010,1,8,63.669018
641,5,0,1,-2.0,13.0,23.0,10.0,15.0,3.0,598.0,10.0,0.0,10.0,10.0,3,2010-01-10,0,7,0,2010,1,10,34.410503
641,5,0,1,-3.0,13.0,23.0,10.0,16.0,3.0,596.0,10.0,0.0,20.0,20.0,3,2010-01-11,0,7,0,2010,1,11,28.113234
641,5,0,1,18.0,31.0,58.0,23.0,19.0,7.0,620.0,20.0,20.0,30.0,50.0,3,2011-01-02,0,7,0,2011,1,2,47.959568
641,5,0,1,13.0,28.0,52.0,21.0,19.0,6.0,614.0,20.0,20.0,30.0,50.0,3,2011-01-04,0,7,0,2011,1,4,56.249985
641,5,0,1,1.0,18.0,32.0,14.0,16.0,4.0,602.0,10.0,10.0,20.0,30.0,3,2011-01-08,0,7,0,2011,1,8,76.44012
641,5,0,1,-3.0,13.0,25.0,10.0,15.0,3.0,598.0,10.0,0.0,10.0,10.0,3,2011-01-10,0,7,0,2011,1,10,54.160988
641,5,0,1,13.0,29.0,49.0,20.0,16.0,5.0,808.0,20.0,20.0,30.0,50.0,5,2010-01-07,1,2,1,2010,1,7,91.6924
641,5,0,1,27.0,35.0,62.0,23.0,17.0,6.0,800.0,50.0,20.0,50.0,70.0,5,2011-01-10,1,2,1,2011,1,10,89.73342
641,5,0,1,31.0,43.0,43.0,0.0,12.0,0.0,559.0,40.0,0.0,50.0,50.0,6,2010-01-07,1,6,0,2010,1,7,76.79076
641,5,0,1,32.0,43.0,43.0,0.0,11.0,0.0,344.0,40.0,0.0,50.0,50.0,6,2010-01-12,1,6,0,2010,1,12,56.97536
641,5,0,1,202.0,312.0,546.0,234.0,110.0,77.0,1310.0,200.0,200.0,280.0,480.0,8,2010-01-01,2,3,0,2010,1,1,547.7573
641,5,0,1,212.0,324.0,567.0,243.0,112.0,80.0,1260.0,210.0,200.0,290.0,490.0,8,2010-01-03,2,3,0,2010,1,3,555.0715
641,5,0,1,241.0,362.0,634.0,272.0,121.0,89.0,1616.0,230.0,230.0,320.0,550.0,8,2010-01-06,2,3,0,2010,1,6,577.6933
641,5,0,1,216.0,329.0,576.0,247.0,113.0,81.0,1744.0,200.0,230.0,300.0,530.0,8,2010-01-12,2,3,0,2010,1,12,560.3531
641,5,0,1,315.0,312.0,611.0,234.0,116.0,77.0,1310.0,200.0,200.0,280.0,480.0,8,2011-01-01,2,3,0,2011,1,1,564.3346
641,5,0,1,356.0,387.0,672.0,291.0,120.0,96.0,1742.0,240.0,250.0,340.0,590.0,8,2011-01-07,2,3,0,2011,1,7,591.49835
641,5,0,1,291.0,304.0,567.0,228.0,108.0,75.0,1691.0,180.0,210.0,280.0,490.0,8,2011-01-11,2,3,0,2011,1,11,572.6001
641,5,0,1,114.0,176.0,298.0,122.0,62.0,39.0,789.0,130.0,90.0,150.0,240.0,9,2010-01-10,2,10,0,2010,1,10,308.36868
641,5,0,1,134.0,139.0,262.0,95.0,56.0,30.0,608.0,90.0,80.0,120.0,200.0,9,2011-01-01,2,10,0,2011,1,1,312.36963
641,5,0,1,151.0,158.0,285.0,109.0,56.0,34.0,585.0,110.0,90.0,140.0,230.0,9,2011-01-03,2,10,0,2011,1,3,312.32208
641,5,0,1,159.0,165.0,296.0,113.0,58.0,36.0,803.0,100.0,100.0,150.0,250.0,9,2011-01-11,2,10,0,2011,1,11,321.1378
641,5,0,1,164.0,261.0,521.0,260.0,97.0,72.0,1715.0,150.0,220.0,230.0,450.0,11,2010-01-06,3,5,1,2010,1,6,522.8718
641,5,0,1,155.0,249.0,498.0,249.0,94.0,69.0,1775.0,140.0,210.0,220.0,430.0,11,2010-01-09,3,5,1,2010,1,9,504.9377
641,5,0,1,156.0,251.0,501.0,250.0,95.0,70.0,1820.0,120.0,210.0,200.0,410.0,11,2010-01-12,3,5,1,2010,1,12,504.08426
641,5,0,1,209.0,229.0,487.0,228.0,88.0,63.0,1436.0,140.0,190.0,210.0,400.0,11,2011-01-02,3,5,1,2011,1,2,510.20334
641,5,0,1,232.0,251.0,534.0,250.0,95.0,70.0,1820.0,120.0,210.0,200.0,410.0,11,2011-01-12,3,5,1,2011,1,12,528.52454
641,5,0,1,216.0,360.0,654.0,294.0,144.0,111.0,1838.0,170.0,240.0,300.0,540.0,12,2010-01-12,3,8,1,2010,1,12,584.1439
641,5,0,1,273.0,301.0,611.0,245.0,132.0,93.0,1419.0,160.0,210.0,270.0,480.0,12,2011-01-01,3,8,1,2011,1,1,560.3769
641,5,0,1,251.0,294.0,569.0,240.0,125.0,91.0,1391.0,150.0,200.0,260.0,460.0,12,2011-01-02,3,8,1,2011,1,2,560.0934
641,5,0,1,331.0,370.0,716.0,302.0,147.0,114.0,1783.0,210.0,250.0,340.0,590.0,12,2011-01-09,3,8,1,2011,1,9,584.2594
641,5,0,1,257.0,300.0,581.0,245.0,127.0,93.0,1784.0,130.0,200.0,250.0,450.0,12,2011-01-11,3,8,1,2011,1,11,575.64136
646,12,1,0,357.0,534.0,890.0,356.0,177.0,124.0,2476.0,350.0,340.0,500.0,840.0,2,2010-01-06,0,4,1,2010,1,6,835.2866
646,12,1,0,407.0,454.0,749.0,302.0,148.0,105.0,2250.0,300.0,280.0,430.0,710.0,2,2011-01-05,0,4,1,2011,1,5,746.4656
646,12,1,0,105.0,145.0,245.0,100.0,40.0,28.0,598.0,130.0,100.0,160.0,260.0,13,2010-01-08,3,9,1,2010,1,8,234.60178
646,12,1,0,84.0,118.0,199.0,81.0,34.0,22.0,588.0,100.0,80.0,130.0,210.0,13,2010-01-09,3,9,1,2010,1,9,205.35306
646,12,1,0,123.0,117.0,211.0,81.0,34.0,22.0,441.0,100.0,80.0,130.0,210.0,13,2011-01-03,3,9,1,2011,1,3,196.66202
646,12,1,0,-195.0,-52.0,69.0,121.0,143.0,109.0,1673.0,-180.0,110.0,-50.0,60.0,5,2010-01-05,1,2,1,2010,1,5,95.84105
646,12,1,0,-269.0,-52.0,68.0,121.0,133.0,109.0,1673.0,-180.0,110.0,-50.0,60.0,5,2011-01-05,1,2,1,2011,1,5,92.217766
646,12,1,0,229.0,369.0,653.0,284.0,140.0,107.0,1565.0,180.0,210.0,290.0,500.0,9,2010-01-08,2,10,0,2010,1,8,642.4402
646,12,1,0,199.0,191.0,320.0,132.0,44.0,36.0,994.0,170.0,130.0,210.0,340.0,11,2011-01-08,3,5,1,2011,1,8,306.73444
646,12,1,0,94.0,130.0,219.0,89.0,36.0,24.0,777.0,110.0,90.0,140.0,230.0,12,2010-01-01,3,8,1,2010,1,1,232.90866
646,12,1,0,153.0,152.0,254.0,104.0,38.0,29.0,821.0,120.0,110.0,160.0,270.0,12,2011-01-05,3,8,1,2011,1,5,263.3974
646,12,1,0,179.0,277.0,543.0,266.0,98.0,74.0,1319.0,190.0,250.0,280.0,530.0,7,2010-01-08,1,12,1,2010,1,8,570.823
646,12,1,0,381.0,464.0,675.0,211.0,83.0,59.0,933.0,390.0,200.0,460.0,660.0,7,2010-01-11,1,12,1,2010,1,11,671.14355
650,0,3,0,-156.0,-45.0,95.0,141.0,63.0,45.0,1514.0,-110.0,170.0,-50.0,120.0,1,2011-01-06,0,0,1,2011,1,6,103.10184
650,0,3,0,295.0,454.0,756.0,302.0,159.0,105.0,2250.0,410.0,380.0,560.0,940.0,2,2010-01-05,0,4,1,2010,1,5,752.382
650,0,3,0,368.0,546.0,910.0,364.0,178.0,127.0,2617.0,520.0,450.0,680.0,1130.0,2,2010-01-08,0,4,1,2010,1,8,889.0541
650,0,3,0,511.0,548.0,904.0,364.0,166.0,127.0,2654.0,530.0,450.0,690.0,1140.0,2,2011-01-07,0,4,1,2011,1,7,903.59607
650,0,3,0,-117.0,-26.0,118.0,144.0,91.0,47.0,862.0,-120.0,180.0,-40.0,140.0,3,2010-01-01,0,7,0,2010,1,1,130.9724
650,0,3,0,-121.0,-27.0,127.0,154.0,94.0,50.0,1288.0,-120.0,190.0,-40.0,150.0,3,2010-01-03,0,7,0,2010,1,3,139.12193
650,0,3,0,-174.0,-24.0,139.0,154.0,93.0,50.0,3654.0,-100.0,220.0,-30.0,190.0,3,2011-01-10,0,7,0,2011,1,10,171.09438
650,0,3,0,59.0,114.0,189.0,75.0,55.0,24.0,659.0,40.0,50.0,80.0,130.0,13,2010-01-11,3,9,1,2010,1,11,164.27437
650,0,3,0,84.0,108.0,201.0,72.0,57.0,23.0,558.0,50.0,40.0,80.0,120.0,13,2011-01-01,3,9,1,2011,1,1,176.67436
650,0,3,0,41.0,79.0,130.0,52.0,46.0,17.0,662.0,20.0,30.0,50.0,80.0,13,2011-01-08,3,9,1,2011,1,8,133.59018
650,0,3,0,50.0,201.0,342.0,144.0,153.0,131.0,874.0,50.0,130.0,200.0,330.0,5,2011-01-06,1,2,1,2011,1,6,350.98898
650,0,3,0,259.0,387.0,678.0,291.0,128.0,96.0,1742.0,260.0,270.0,380.0,650.0,6,2010-01-07,1,6,0,2010,1,7,631.39496
650,0,3,0,159.0,139.0,262.0,95.0,39.0,26.0,821.0,100.0,80.0,120.0,200.0,8,2011-01-01,2,3,0,2011,1,1,268.8423
650,0,3,0,205.0,307.0,567.0,260.0,102.0,80.0,1319.0,200.0,220.0,270.0,490.0,9,2010-01-07,2,10,0,2010,1,7,568.11115
650,0,3,0,104.0,107.0,213.0,83.0,42.0,27.0,623.0,60.0,70.0,90.0,160.0,10,2011-01-01,2,11,0,2011,1,1,204.69762
650,0,3,0,54.0,80.0,134.0,54.0,26.0,15.0,456.0,60.0,30.0,60.0,90.0,12,2010-01-01,3,8,1,2010,1,1,165.93376
650,0,3,0,47.0,73.0,123.0,50.0,26.0,14.0,589.0,40.0,30.0,50.0,80.0,12,2010-01-11,3,8,1,2010,1,11,158.75574
650,0,3,0,125.0,118.0,212.0,81.0,34.0,22.0,588.0,70.0,50.0,80.0,130.0,12,2011-01-09,3,8,1,2011,1,9,181.23494
650,0,3,0,228.0,261.0,516.0,260.0,89.0,72.0,1559.0,180.0,240.0,260.0,500.0,4,2011-01-05,1,1,1,2011,1,5,500.32065
660,8,0,1,37.0,88.0,159.0,72.0,57.0,27.0,606.0,40.0,70.0,90.0,160.0,2,2011-01-08,0,4,1,2011,1,8,184.00264
660,8,0,1,47.0,91.0,167.0,76.0,44.0,23.0,965.0,50.0,80.0,90.0,170.0,3,2010-01-04,0,7,0,2010,1,4,156.92422
660,8,0,1,38.0,80.0,148.0,68.0,42.0,21.0,998.0,40.0,70.0,80.0,150.0,3,2010-01-05,0,7,0,2010,1,5,142.67496
660,8,0,1,35.0,77.0,142.0,65.0,42.0,20.0,1053.0,70.0,50.0,80.0,130.0,3,2010-01-10,0,7,0,2010,1,10,120.2036
660,8,0,1,52.0,80.0,147.0,68.0,39.0,21.0,998.0,40.0,70.0,80.0,150.0,3,2011-01-05,0,7,0,2011,1,5,143.266
660,8,0,1,48.0,77.0,141.0,65.0,39.0,20.0,1042.0,50.0,60.0,80.0,140.0,3,2011-01-06,0,7,0,2011,1,6,141.22829
660,8,0,1,3.0,49.0,94.0,39.0,47.0,14.0,250.0,0.0,30.0,40.0,70.0,13,2011-01-12,3,9,1,2011,1,12,118.49488
660,8,0,1,43.0,68.0,115.0,47.0,25.0,13.0,821.0,60.0,50.0,80.0,130.0,5,2010-01-04,1,2,1,2010,1,4,110.57311
660,8,0,1,33.0,55.0,92.0,37.0,22.0,10.0,876.0,40.0,40.0,60.0,100.0,5,2010-01-06,1,2,1,2010,1,6,101.534
660,8,0,1,44.0,52.0,86.0,35.0,19.0,9.0,894.0,40.0,40.0,60.0,100.0,5,2011-01-07,1,2,1,2011,1,7,107.84899
660,8,0,1,45.0,68.0,114.0,46.0,23.0,12.0,777.0,60.0,50.0,80.0,130.0,6,2010-01-01,1,6,0,2010,1,1,89.45718
660,8,0,1,45.0,70.0,118.0,48.0,25.0,13.0,766.0,60.0,50.0,80.0,130.0,6,2010-01-03,1,6,0,2010,1,3,93.622986
660,8,0,1,28.0,47.0,79.0,32.0,19.0,8.0,833.0,80.0,30.0,80.0,110.0,6,2010-01-10,1,6,0,2010,1,10,76.702965
660,8,0,1,50.0,58.0,96.0,39.0,20.0,10.0,799.0,50.0,40.0,70.0,110.0,6,2011-01-05,1,6,0,2011,1,5,93.4283
660,8,0,1,-4.0,73.0,125.0,52.0,77.0,47.0,313.0,20.0,40.0,70.0,110.0,8,2010-01-06,2,3,0,2010,1,6,139.18568
660,8,0,1,-12.0,40.0,133.0,93.0,52.0,28.0,840.0,10.0,70.0,40.0,110.0,9,2010-01-04,2,10,0,2010,1,4,129.68141
660,8,0,1,-15.0,38.0,136.0,98.0,53.0,30.0,973.0,0.0,80.0,30.0,110.0,9,2010-01-05,2,10,0,2010,1,5,134.42947
660,8,0,1,-44.0,11.0,115.0,104.0,55.0,32.0,1574.0,-10.0,80.0,20.0,100.0,9,2010-01-09,2,10,0,2010,1,9,113.707985
660,8,0,1,-17.0,49.0,167.0,120.0,57.0,37.0,1334.0,0.0,100.0,40.0,140.0,9,2011-01-07,2,10,0,2011,1,7,139.40887
660,8,0,1,-9.0,36.0,65.0,29.0,45.0,11.0,215.0,-10.0,20.0,30.0,50.0,12,2010-01-08,3,8,1,2010,1,8,100.228966
660,8,0,1,-14.0,36.0,73.0,29.0,47.0,11.0,169.0,-10.0,20.0,30.0,50.0,12,2011-01-01,3,8,1,2011,1,1,97.67133
660,8,0,1,-4.0,42.0,80.0,33.0,45.0,12.0,162.0,0.0,20.0,40.0,60.0,12,2011-01-03,3,8,1,2011,1,3,95.75279
660,8,0,1,-4.0,43.0,77.0,35.0,43.0,13.0,204.0,-10.0,30.0,30.0,60.0,12,2011-01-06,3,8,1,2011,1,6,97.614525
660,8,0,1,-18.0,30.0,58.0,24.0,42.0,9.0,212.0,-10.0,20.0,20.0,40.0,12,2011-01-09,3,8,1,2011,1,9,116.37805
661,0,3,0,-190.0,-67.0,86.0,154.0,66.0,49.0,1832.0,-150.0,190.0,-90.0,100.0,1,2011-01-07,0,0,1,2011,1,7,98.5134
661,0,3,0,331.0,362.0,628.0,272.0,113.0,89.0,1616.0,230.0,260.0,340.0,600.0,6,2011-01-06,1,6,0,2011,1,6,612.76074
661,0,3,0,133.0,178.0,301.0,123.0,45.0,34.0,947.0,140.0,100.0,160.0,260.0,8,2010-01-06,2,3,0,2010,1,6,300.56583
661,0,3,0,115.0,157.0,265.0,108.0,42.0,30.0,971.0,120.0,80.0,130.0,210.0,8,2010-01-10,2,3,0,2010,1,10,268.13663
661,0,3,0,192.0,288.0,532.0,244.0,96.0,75.0,1213.0,190.0,200.0,260.0,460.0,9,2010-01-06,2,10,0,2010,1,6,537.3619
661,0,3,0,279.0,284.0,559.0,241.0,96.0,74.0,1321.0,170.0,220.0,260.0,480.0,9,2011-01-12,2,10,0,2011,1,12,542.41266
661,0,3,0,140.0,228.0,456.0,228.0,88.0,63.0,1459.0,150.0,210.0,220.0,430.0,4,2010-01-01,1,1,1,2010,1,1,455.1232
682,16,2,0,248.0,245.0,506.0,207.0,90.0,64.0,965.0,220.0,260.0,300.0,560.0,2,2011-01-01,0,4,1,2011,1,1,502.89087
682,16,2,0,39.0,68.0,120.0,52.0,29.0,17.0,554.0,70.0,60.0,90.0,150.0,3,2010-01-08,0,7,0,2010,1,8,162.7005
682,16,2,0,30.0,56.0,99.0,43.0,26.0,14.0,531.0,40.0,50.0,60.0,110.0,3,2010-01-12,0,7,0,2010,1,12,133.96545
682,16,2,0,133.0,178.0,301.0,123.0,45.0,34.0,941.0,120.0,100.0,150.0,250.0,5,2010-01-08,1,2,1,2010,1,8,271.01773
682,16,2,0,40.0,72.0,133.0,53.0,45.0,17.0,410.0,40.0,50.0,70.0,120.0,8,2011-01-09,2,3,0,2011,1,9,121.87155
682,16,2,0,41.0,79.0,130.0,52.0,46.0,17.0,-456.0,40.0,40.0,70.0,110.0,4,2011-01-07,1,1,1,2011,1,7,155.99547
682,16,2,0,82.0,110.0,194.0,72.0,55.0,23.0,-868.0,50.0,40.0,70.0,110.0,4,2011-01-10,1,1,1,2011,1,10,159.3967
702,9,3,1,-3.0,42.0,76.0,34.0,45.0,12.0,197.0,10.0,40.0,50.0,90.0,2,2010-01-01,0,4,1,2010,1,1,71.91471
702,9,3,1,-4.0,42.0,75.0,33.0,46.0,12.0,190.0,10.0,40.0,50.0,90.0,2,2010-01-03,0,4,1,2010,1,3,76.603195
702,9,3,1,-1.0,45.0,81.0,36.0,46.0,13.0,212.0,20.0,40.0,60.0,100.0,2,2010-01-05,0,4,1,2010,1,5,91.93427
702,9,3,1,0.0,46.0,82.0,36.0,46.0,13.0,236.0,20.0,40.0,60.0,100.0,2,2010-01-06,0,4,1,2010,1,6,100.51979
702,9,3,1,1.0,48.0,86.0,38.0,47.0,14.0,248.0,20.0,40.0,60.0,100.0,2,2010-01-08,0,4,1,2010,1,8,107.352455
702,9,3,1,2.0,51.0,91.0,40.0,49.0,15.0,244.0,20.0,50.0,60.0,110.0,2,2010-01-09,0,4,1,2010,1,9,86.59563
702,9,3,1,-7.0,41.0,79.0,33.0,46.0,12.0,193.0,10.0,40.0,50.0,90.0,2,2011-01-02,0,4,1,2011,1,2,83.87207
702,9,3,1,-6.0,42.0,80.0,33.0,46.0,12.0,190.0,10.0,40.0,50.0,90.0,2,2011-01-03,0,4,1,2011,1,3,85.3643
702,9,3,1,-3.0,44.0,84.0,35.0,46.0,13.0,197.0,10.0,40.0,50.0,90.0,2,2011-01-04,0,4,1,2011,1,4,87.70569
702,9,3,1,-1.0,45.0,80.0,36.0,43.0,13.0,212.0,20.0,40.0,60.0,100.0,2,2011-01-05,0,4,1,2011,1,5,82.98547
702,9,3,1,0.0,46.0,81.0,36.0,43.0,13.0,236.0,20.0,40.0,60.0,100.0,2,2011-01-06,0,4,1,2011,1,6,90.38911
702,9,3,1,-3.0,43.0,82.0,34.0,45.0,12.0,240.0,30.0,40.0,60.0,100.0,2,2011-01-10,0,4,1,2011,1,10,91.72392
702,9,3,1,1.0,49.0,94.0,39.0,48.0,14.0,250.0,20.0,40.0,60.0,100.0,2,2011-01-12,0,4,1,2011,1,12,95.00339
702,9,3,1,6.0,35.0,63.0,28.0,29.0,8.0,961.0,20.0,30.0,40.0,70.0,3,2010-01-02,0,7,0,2010,1,2,49.809807
702,9,3,1,6.0,35.0,63.0,28.0,29.0,8.0,958.0,20.0,30.0,40.0,70.0,3,2010-01-03,0,7,0,2010,1,3,53.265194
702,9,3,1,16.0,49.0,90.0,41.0,33.0,12.0,1007.0,30.0,50.0,60.0,110.0,3,2010-01-08,0,7,0,2010,1,8,83.90586
702,9,3,1,7.0,39.0,72.0,33.0,32.0,10.0,1003.0,30.0,40.0,50.0,90.0,3,2010-01-09,0,7,0,2010,1,9,64.98116
702,9,3,1,8.0,38.0,69.0,31.0,30.0,9.0,1009.0,30.0,30.0,50.0,80.0,3,2010-01-12,0,7,0,2010,1,12,68.73655
702,9,3,1,6.0,34.0,69.0,28.0,32.0,8.0,965.0,20.0,30.0,40.0,70.0,3,2011-01-01,0,7,0,2011,1,1,61.07745
702,9,3,1,6.0,33.0,65.0,28.0,29.0,8.0,964.0,20.0,30.0,40.0,70.0,3,2011-01-04,0,7,0,2011,1,4,66.5812
702,9,3,1,11.0,38.0,69.0,32.0,28.0,9.0,996.0,20.0,40.0,40.0,80.0,3,2011-01-06,0,7,0,2011,1,6,69.36713
702,9,3,1,12.0,41.0,74.0,34.0,30.0,10.0,1010.0,30.0,40.0,50.0,90.0,3,2011-01-07,0,7,0,2011,1,7,78.1311
702,9,3,1,22.0,49.0,89.0,41.0,31.0,12.0,1007.0,30.0,50.0,60.0,110.0,3,2011-01-08,0,7,0,2011,1,8,89.43633
702,9,3,1,10.0,39.0,77.0,33.0,32.0,10.0,1003.0,30.0,40.0,50.0,90.0,3,2011-01-09,0,7,0,2011,1,9,79.18521
702,9,3,1,7.0,35.0,68.0,29.0,30.0,8.0,1003.0,20.0,30.0,40.0,70.0,3,2011-01-11,0,7,0,2011,1,11,72.99691
702,9,3,1,-354.0,-245.0,17.0,245.0,126.0,93.0,1419.0,-240.0,160.0,-160.0,0.0,13,2010-01-01,3,9,1,2010,1,1,22.208012
702,9,3,1,-342.0,-240.0,23.0,240.0,125.0,91.0,1937.0,-220.0,150.0,-150.0,0.0,13,2010-01-02,3,9,1,2010,1,2,25.666037
702,9,3,1,-365.0,-260.0,26.0,260.0,131.0,98.0,3049.0,-250.0,170.0,-170.0,0.0,13,2010-01-04,3,9,1,2010,1,4,27.498562
702,9,3,1,-380.0,-265.0,18.0,265.0,133.0,100.0,3742.0,-250.0,170.0,-170.0,0.0,13,2010-01-05,3,9,1,2010,1,5,37.245987
702,9,3,1,-369.0,-271.0,37.0,271.0,135.0,102.0,4507.0,-250.0,170.0,-170.0,0.0,13,2010-01-06,3,9,1,2010,1,6,44.626087
702,9,3,1,-378.0,-270.0,27.0,270.0,135.0,102.0,5230.0,-250.0,170.0,-170.0,0.0,13,2010-01-07,3,9,1,2010,1,7,48.0513
702,9,3,1,-363.0,-255.0,21.0,255.0,129.0,96.0,7058.0,-170.0,110.0,-110.0,0.0,13,2010-01-10,3,9,1,2010,1,10,27.828121
702,9,3,1,-340.0,-245.0,32.0,245.0,127.0,93.0,7653.0,-280.0,180.0,-180.0,0.0,13,2010-01-11,3,9,1,2010,1,11,26.622868
702,9,3,1,-542.0,-260.0,28.0,260.0,131.0,98.0,3049.0,-250.0,170.0,-170.0,0.0,13,2011-01-04,3,9,1,2011,1,4,54.307552
702,9,3,1,-524.0,-265.0,18.0,265.0,124.0,100.0,3742.0,-250.0,170.0,-170.0,0.0,13,2011-01-05,3,9,1,2011,1,5,50.52383
702,9,3,1,-539.0,-255.0,22.0,255.0,129.0,96.0,7058.0,-170.0,110.0,-110.0,0.0,13,2011-01-10,3,9,1,2011,1,10,43.10629
702,9,3,1,10.0,27.0,45.0,18.0,17.0,5.0,821.0,20.0,10.0,30.0,40.0,5,2010-01-01,1,2,1,2010,1,1,31.0617
702,9,3,1,11.0,28.0,47.0,19.0,17.0,5.0,820.0,20.0,10.0,30.0,40.0,5,2010-01-04,1,2,1,2010,1,4,44.78979
702,9,3,1,14.0,31.0,52.0,21.0,17.0,5.0,846.0,20.0,10.0,20.0,30.0,5,2010-01-10,1,2,1,2010,1,10,48.620815
702,9,3,1,15.0,27.0,48.0,18.0,17.0,5.0,816.0,20.0,10.0,30.0,40.0,5,2011-01-03,1,2,1,2011,1,3,42.728184
702,9,3,1,16.0,28.0,50.0,19.0,17.0,5.0,820.0,20.0,10.0,30.0,40.0,5,2011-01-04,1,2,1,2011,1,4,45.62551
702,9,3,1,25.0,35.0,57.0,23.0,16.0,6.0,843.0,20.0,20.0,30.0,50.0,5,2011-01-06,1,2,1,2011,1,6,49.319927
702,9,3,1,23.0,36.0,60.0,25.0,18.0,7.0,854.0,20.0,20.0,30.0,50.0,5,2011-01-07,1,2,1,2011,1,7,60.8817
702,9,3,1,26.0,38.0,62.0,25.0,18.0,7.0,851.0,30.0,20.0,40.0,60.0,5,2011-01-08,1,2,1,2011,1,8,67.052185
702,9,3,1,18.0,29.0,51.0,19.0,17.0,5.0,848.0,20.0,10.0,30.0,40.0,5,2011-01-09,1,2,1,2011,1,9,58.58751
702,9,3,1,15.0,32.0,53.0,21.0,17.0,5.0,798.0,20.0,20.0,30.0,50.0,6,2010-01-06,1,6,0,2010,1,6,84.2845
702,9,3,1,12.0,29.0,49.0,20.0,17.0,5.0,808.0,20.0,10.0,30.0,40.0,6,2010-01-07,1,6,0,2010,1,7,93.938774
702,9,3,1,17.0,35.0,58.0,23.0,18.0,6.0,806.0,20.0,20.0,30.0,50.0,6,2010-01-08,1,6,0,2010,1,8,94.33451
702,9,3,1,17.0,35.0,58.0,23.0,18.0,6.0,803.0,20.0,20.0,30.0,50.0,6,2010-01-09,1,6,0,2010,1,9,69.81731
702,9,3,1,17.0,35.0,58.0,23.0,18.0,6.0,800.0,30.0,10.0,30.0,40.0,6,2010-01-10,1,6,0,2010,1,10,68.43606
702,9,3,1,17.0,35.0,58.0,23.0,18.0,6.0,807.0,20.0,20.0,30.0,50.0,6,2010-01-12,1,6,0,2010,1,12,71.67929
702,9,3,1,17.0,26.0,48.0,17.0,16.0,4.0,777.0,20.0,10.0,30.0,40.0,6,2011-01-01,1,6,0,2011,1,1,62.382313
702,9,3,1,16.0,28.0,50.0,19.0,17.0,5.0,774.0,20.0,10.0,30.0,40.0,6,2011-01-02,1,6,0,2011,1,2,60.804184
702,9,3,1,18.0,29.0,49.0,20.0,15.0,5.0,784.0,20.0,10.0,30.0,40.0,6,2011-01-05,1,6,0,2011,1,5,63.386856
702,9,3,1,16.0,145.0,250.0,105.0,129.0,95.0,725.0,30.0,90.0,130.0,220.0,8,2010-01-01,2,3,0,2010,1,1,293.0668
702,9,3,1,26.0,169.0,290.0,121.0,143.0,110.0,910.0,40.0,100.0,150.0,250.0,8,2010-01-09,2,3,0,2010,1,9,324.2114
702,9,3,1,32.0,187.0,322.0,135.0,155.0,122.0,940.0,30.0,120.0,170.0,290.0,8,2010-01-12,2,3,0,2010,1,12,324.9035
702,9,3,1,39.0,169.0,309.0,121.0,143.0,110.0,712.0,40.0,100.0,150.0,250.0,8,2011-01-02,2,3,0,2011,1,2,313.52692
702,9,3,1,62.0,225.0,384.0,162.0,167.0,147.0,943.0,70.0,130.0,210.0,340.0,8,2011-01-07,2,3,0,2011,1,7,358.90146
702,9,3,1,68.0,239.0,408.0,173.0,177.0,156.0,927.0,70.0,140.0,220.0,360.0,8,2011-01-08,2,3,0,2011,1,8,364.9923
702,9,3,1,39.0,169.0,309.0,121.0,143.0,110.0,910.0,40.0,100.0,150.0,250.0,8,2011-01-09,2,3,0,2011,1,9,337.9463
702,9,3,1,39.0,173.0,318.0,125.0,147.0,113.0,898.0,60.0,90.0,150.0,240.0,8,2011-01-10,2,3,0,2011,1,10,335.64648
702,9,3,1,39.0,168.0,308.0,121.0,142.0,109.0,912.0,20.0,110.0,150.0,260.0,8,2011-01-11,2,3,0,2011,1,11,329.52524
702,9,3,1,47.0,187.0,343.0,135.0,155.0,122.0,940.0,30.0,120.0,170.0,290.0,8,2011-01-12,2,3,0,2011,1,12,338.6384
702,9,3,1,119.0,213.0,367.0,154.0,94.0,50.0,829.0,120.0,130.0,190.0,320.0,9,2010-01-03,2,10,0,2010,1,3,372.1061
702,9,3,1,166.0,278.0,478.0,200.0,112.0,66.0,1095.0,170.0,170.0,250.0,420.0,9,2010-01-06,2,10,0,2010,1,6,435.4994
702,9,3,1,129.0,225.0,387.0,162.0,96.0,53.0,1148.0,140.0,130.0,210.0,340.0,9,2010-01-09,2,10,0,2010,1,9,409.43872
702,9,3,1,120.0,213.0,367.0,154.0,93.0,50.0,1132.0,120.0,120.0,170.0,290.0,9,2010-01-10,2,10,0,2010,1,10,407.99353
702,9,3,1,138.0,239.0,412.0,173.0,101.0,57.0,1150.0,130.0,160.0,220.0,380.0,9,2010-01-11,2,10,0,2010,1,11,404.14047
702,9,3,1,177.0,213.0,391.0,154.0,94.0,50.0,829.0,120.0,130.0,190.0,320.0,9,2011-01-03,2,10,0,2011,1,3,415.0958
702,9,3,1,232.0,265.0,486.0,191.0,109.0,63.0,865.0,160.0,160.0,240.0,400.0,9,2011-01-04,2,10,0,2011,1,4,443.9469
702,9,3,1,221.0,270.0,461.0,195.0,102.0,64.0,956.0,160.0,160.0,240.0,400.0,9,2011-01-05,2,10,0,2011,1,5,442.11362
702,9,3,1,229.0,278.0,474.0,200.0,104.0,66.0,1095.0,170.0,170.0,250.0,420.0,9,2011-01-06,2,10,0,2011,1,6,455.74976
702,9,3,1,287.0,329.0,562.0,238.0,113.0,78.0,1190.0,200.0,200.0,290.0,490.0,9,2011-01-07,2,10,0,2011,1,7,479.30777
702,9,3,1,191.0,225.0,412.0,162.0,96.0,53.0,1148.0,140.0,130.0,210.0,340.0,9,2011-01-09,2,10,0,2011,1,9,431.18155
702,9,3,1,205.0,239.0,439.0,173.0,101.0,57.0,1150.0,130.0,160.0,220.0,380.0,9,2011-01-11,2,10,0,2011,1,11,425.8833
702,9,3,1,288.0,310.0,569.0,224.0,116.0,73.0,1191.0,170.0,210.0,280.0,490.0,9,2011-01-12,2,10,0,2011,1,12,458.0088
702,9,3,1,86.0,139.0,234.0,95.0,53.0,30.0,608.0,90.0,80.0,120.0,200.0,10,2010-01-01,2,11,0,2010,1,1,263.5066
702,9,3,1,94.0,150.0,254.0,104.0,56.0,33.0,596.0,110.0,80.0,140.0,220.0,10,2010-01-02,2,11,0,2010,1,2,266.10672
702,9,3,1,102.0,158.0,267.0,109.0,56.0,34.0,585.0,110.0,90.0,140.0,230.0,10,2010-01-03,2,11,0,2010,1,3,271.71454
702,9,3,1,115.0,178.0,301.0,123.0,63.0,39.0,611.0,110.0,100.0,160.0,260.0,10,2010-01-04,2,11,0,2010,1,4,311.01532
702,9,3,1,150.0,222.0,376.0,154.0,72.0,49.0,817.0,150.0,130.0,200.0,330.0,10,2010-01-08,2,11,0,2010,1,8,356.52527
702,9,3,1,114.0,176.0,298.0,122.0,62.0,39.0,789.0,130.0,90.0,150.0,240.0,10,2010-01-10,2,11,0,2010,1,10,295.01227
702,9,3,1,107.0,165.0,278.0,113.0,58.0,36.0,803.0,100.0,100.0,150.0,250.0,10,2010-01-11,2,11,0,2010,1,11,291.3312
702,9,3,1,167.0,185.0,309.0,127.0,60.0,40.0,671.0,120.0,100.0,170.0,270.0,10,2011-01-05,2,11,0,2011,1,5,339.35342
702,9,3,1,207.0,222.0,373.0,154.0,67.0,49.0,833.0,150.0,130.0,200.0,330.0,10,2011-01-07,2,11,0,2011,1,7,381.28018
702,9,3,1,171.0,176.0,318.0,122.0,61.0,39.0,801.0,120.0,100.0,160.0,260.0,10,2011-01-09,2,11,0,2011,1,9,318.5004
702,9,3,1,212.0,324.0,567.0,243.0,112.0,80.0,1260.0,150.0,160.0,220.0,380.0,11,2010-01-03,3,5,1,2010,1,3,547.23236
702,9,3,1,219.0,335.0,587.0,252.0,116.0,83.0,1316.0,160.0,160.0,230.0,390.0,11,2010-01-04,3,5,1,2010,1,4,562.83044
702,9,3,1,231.0,349.0,612.0,263.0,118.0,86.0,1433.0,170.0,170.0,240.0,410.0,11,2010-01-05,3,5,1,2010,1,5,574.5283
702,9,3,1,258.0,387.0,678.0,291.0,129.0,96.0,1742.0,190.0,190.0,270.0,460.0,11,2010-01-07,3,5,1,2010,1,7,600.3477
702,9,3,1,262.0,392.0,687.0,295.0,130.0,97.0,1714.0,190.0,190.0,270.0,460.0,11,2010-01-08,3,5,1,2010,1,8,600.74347
702,9,3,1,221.0,336.0,589.0,253.0,115.0,83.0,1686.0,170.0,160.0,240.0,400.0,11,2010-01-09,3,5,1,2010,1,9,567.44495
702,9,3,1,224.0,341.0,598.0,257.0,117.0,84.0,1662.0,130.0,110.0,180.0,290.0,11,2010-01-10,3,5,1,2010,1,10,562.6152
702,9,3,1,196.0,304.0,532.0,228.0,108.0,75.0,1691.0,140.0,160.0,220.0,380.0,11,2010-01-11,3,5,1,2010,1,11,552.5235
702,9,3,1,215.0,329.0,576.0,247.0,114.0,81.0,1744.0,150.0,180.0,240.0,420.0,11,2010-01-12,3,5,1,2010,1,12,561.7148
702,9,3,1,316.0,312.0,611.0,234.0,114.0,77.0,1310.0,150.0,150.0,220.0,370.0,11,2011-01-01,3,5,1,2011,1,1,586.81256
702,9,3,1,300.0,311.0,581.0,234.0,109.0,77.0,1282.0,150.0,150.0,220.0,370.0,11,2011-01-02,3,5,1,2011,1,2,586.1089
702,9,3,1,315.0,324.0,604.0,243.0,112.0,80.0,1260.0,150.0,160.0,220.0,380.0,11,2011-01-03,3,5,1,2011,1,3,590.51935
702,9,3,1,325.0,335.0,626.0,252.0,116.0,83.0,1316.0,160.0,160.0,230.0,390.0,11,2011-01-04,3,5,1,2011,1,4,600.27026
702,9,3,1,333.0,362.0,628.0,272.0,113.0,89.0,1616.0,190.0,170.0,260.0,430.0,11,2011-01-06,3,5,1,2011,1,6,610.8317
702,9,3,1,356.0,387.0,672.0,291.0,120.0,96.0,1742.0,190.0,190.0,270.0,460.0,11,2011-01-07,3,5,1,2011,1,7,625.3029
702,9,3,1,362.0,392.0,681.0,295.0,121.0,97.0,1714.0,190.0,190.0,270.0,460.0,11,2011-01-08,3,5,1,2011,1,8,607.3617
702,9,3,1,142.0,229.0,457.0,228.0,87.0,63.0,1436.0,100.0,150.0,160.0,310.0,12,2010-01-02,3,8,1,2010,1,2,471.14938
702,9,3,1,148.0,239.0,478.0,239.0,91.0,66.0,1417.0,110.0,150.0,170.0,320.0,12,2010-01-03,3,8,1,2010,1,3,472.35233
702,9,3,1,165.0,261.0,521.0,260.0,96.0,72.0,1715.0,120.0,170.0,180.0,350.0,12,2010-01-06,3,8,1,2010,1,6,514.0454
702,9,3,1,156.0,249.0,498.0,249.0,93.0,69.0,1775.0,110.0,160.0,170.0,330.0,12,2010-01-09,3,8,1,2010,1,9,486.4586
702,9,3,1,128.0,212.0,423.0,211.0,84.0,59.0,1778.0,80.0,150.0,150.0,300.0,12,2010-01-11,3,8,1,2010,1,11,478.73886
702,9,3,1,157.0,251.0,501.0,250.0,94.0,70.0,1820.0,100.0,180.0,180.0,360.0,12,2010-01-12,3,8,1,2010,1,12,495.74805
702,9,3,1,232.0,266.0,527.0,266.0,91.0,74.0,1819.0,130.0,170.0,190.0,360.0,12,2011-01-07,3,8,1,2011,1,7,540.06537
702,9,3,1,230.0,266.0,527.0,266.0,92.0,74.0,1797.0,130.0,170.0,190.0,360.0,12,2011-01-08,3,8,1,2011,1,8,532.4684
702,9,3,1,190.0,212.0,451.0,211.0,84.0,59.0,1778.0,80.0,150.0,150.0,300.0,12,2011-01-11,3,8,1,2011,1,11,503.5003
702,9,3,1,31.0,43.0,43.0,0.0,12.0,0.0,774.0,30.0,0.0,40.0,40.0,4,2010-01-02,1,1,1,2010,1,2,36.231197
702,9,3,1,32.0,43.0,43.0,0.0,11.0,0.0,559.0,30.0,0.0,40.0,40.0,4,2010-01-07,1,1,1,2010,1,7,65.01425
702,9,3,1,32.0,43.0,43.0,0.0,11.0,0.0,516.0,30.0,0.0,40.0,40.0,4,2010-01-08,1,1,1,2010,1,8,62.474247
702,9,3,1,32.0,43.0,43.0,0.0,11.0,0.0,473.0,30.0,0.0,40.0,40.0,4,2010-01-09,1,1,1,2010,1,9,42.26253
702,9,3,1,32.0,43.0,43.0,0.0,11.0,0.0,430.0,30.0,0.0,30.0,30.0,4,2010-01-10,1,1,1,2010,1,10,37.870422
702,9,3,1,31.0,43.0,43.0,0.0,12.0,0.0,344.0,30.0,0.0,40.0,40.0,4,2010-01-12,1,1,1,2010,1,12,41.832176
702,9,3,1,17.0,26.0,48.0,17.0,16.0,4.0,777.0,20.0,10.0,30.0,40.0,4,2011-01-01,1,1,1,2011,1,1,43.81689
702,9,3,1,47.0,43.0,46.0,0.0,11.0,0.0,430.0,30.0,0.0,30.0,30.0,4,2011-01-10,1,1,1,2011,1,10,47.025654
707,0,3,0,-113.0,-45.0,96.0,141.0,68.0,45.0,1514.0,-110.0,170.0,-50.0,120.0,1,2010-01-06,0,0,1,2010,1,6,117.21552
707,0,3,0,259.0,405.0,675.0,270.0,146.0,94.0,2041.0,370.0,340.0,500.0,840.0,2,2010-01-03,0,4,1,2010,1,3,674.96326
707,0,3,0,370.0,548.0,912.0,364.0,178.0,127.0,2654.0,530.0,450.0,690.0,1140.0,2,2010-01-07,0,4,1,2010,1,7,890.8082
707,0,3,0,271.0,420.0,699.0,279.0,149.0,97.0,2642.0,350.0,330.0,500.0,830.0,2,2010-01-12,0,4,1,2010,1,12,675.325
707,0,3,0,407.0,454.0,749.0,302.0,148.0,105.0,2250.0,410.0,380.0,560.0,940.0,2,2011-01-05,0,4,1,2011,1,5,750.0676
707,0,3,0,-157.0,-36.0,202.0,238.0,121.0,78.0,2797.0,-150.0,290.0,-40.0,250.0,3,2010-01-07,0,7,0,2010,1,7,217.97525
707,0,3,0,35.0,168.0,286.0,121.0,133.0,109.0,788.0,30.0,110.0,160.0,270.0,5,2011-01-05,1,2,1,2011,1,5,328.00754
707,0,3,0,262.0,392.0,687.0,295.0,130.0,97.0,1714.0,250.0,280.0,370.0,650.0,6,2010-01-08,1,6,0,2010,1,8,623.6837
707,0,3,0,197.0,304.0,532.0,228.0,107.0,75.0,1691.0,190.0,220.0,290.0,510.0,6,2010-01-11,1,6,0,2010,1,11,550.9064
707,0,3,0,300.0,311.0,581.0,234.0,109.0,77.0,1282.0,200.0,220.0,300.0,520.0,6,2011-01-02,1,6,0,2011,1,2,577.39557
707,0,3,0,162.0,247.0,456.0,209.0,85.0,64.0,969.0,170.0,170.0,230.0,400.0,9,2010-01-04,2,10,0,2010,1,4,486.88684
707,0,3,0,67.0,107.0,190.0,83.0,40.0,27.0,623.0,60.0,70.0,90.0,160.0,10,2010-01-01,2,11,0,2010,1,1,181.33632
707,0,3,0,27.0,52.0,92.0,40.0,25.0,13.0,536.0,30.0,30.0,50.0,80.0,10,2010-01-11,2,11,0,2010,1,11,109.606674
707,0,3,0,84.0,80.0,150.0,54.0,27.0,15.0,456.0,60.0,30.0,60.0,90.0,12,2011-01-01,3,8,1,2011,1,1,186.32089
707,0,3,0,119.0,112.0,201.0,77.0,32.0,21.0,449.0,60.0,50.0,70.0,120.0,12,2011-01-02,3,8,1,2011,1,2,193.27554
707,0,3,0,123.0,117.0,211.0,81.0,34.0,22.0,460.0,70.0,50.0,80.0,130.0,12,2011-01-04,3,8,1,2011,1,4,200.98424
707,0,3,0,135.0,136.0,228.0,94.0,35.0,26.0,608.0,80.0,60.0,90.0,150.0,12,2011-01-07,3,8,1,2011,1,7,218.77219
707,0,3,0,165.0,261.0,521.0,260.0,96.0,72.0,1715.0,180.0,240.0,260.0,500.0,4,2010-01-06,1,1,1,2010,1,6,510.67767
708,4,0,0,115.0,176.0,298.0,122.0,61.0,39.0,801.0,140.0,120.0,190.0,310.0,3,2010-01-09,0,7,0,2010,1,9,315.34198
708,4,0,0,201.0,311.0,545.0,234.0,110.0,77.0,1282.0,260.0,270.0,370.0,640.0,5,2010-01-02,1,2,1,2010,1,2,552.8121
708,4,0,0,321.0,329.0,614.0,247.0,113.0,81.0,1744.0,320.0,310.0,420.0,730.0,5,2011-01-12,1,2,1,2011,1,12,590.5526
708,4,0,0,133.0,179.0,302.0,123.0,46.0,34.0,928.0,140.0,100.0,160.0,260.0,8,2010-01-09,2,3,0,2010,1,9,309.58804
708,4,0,0,133.0,179.0,302.0,123.0,46.0,34.0,915.0,140.0,90.0,150.0,240.0,8,2010-01-10,2,3,0,2010,1,10,305.62854
708,4,0,0,153.0,152.0,254.0,104.0,38.0,29.0,952.0,120.0,80.0,140.0,220.0,8,2011-01-07,2,3,0,2011,1,7,309.88458
708,4,0,0,197.0,179.0,322.0,123.0,46.0,34.0,915.0,140.0,90.0,150.0,240.0,8,2011-01-10,2,3,0,2011,1,10,318.19406
708,4,0,0,188.0,172.0,309.0,118.0,45.0,33.0,930.0,110.0,110.0,150.0,260.0,8,2011-01-11,2,3,0,2011,1,11,306.0466
708,4,0,0,92.0,100.0,190.0,78.0,38.0,25.0,593.0,60.0,60.0,90.0,150.0,9,2011-01-04,2,10,0,2011,1,4,194.69244
708,4,0,0,125.0,117.0,211.0,81.0,33.0,22.0,984.0,80.0,70.0,110.0,180.0,10,2011-01-11,2,11,0,2011,1,11,229.53348
708,4,0,0,117.0,112.0,201.0,77.0,33.0,21.0,449.0,80.0,60.0,100.0,160.0,11,2011-01-02,3,5,1,2011,1,2,201.18233
708,4,0,0,125.0,117.0,211.0,81.0,33.0,22.0,441.0,80.0,60.0,110.0,170.0,11,2011-01-03,3,5,1,2011,1,3,203.65787
708,4,0,0,71.0,73.0,131.0,50.0,25.0,14.0,589.0,40.0,40.0,60.0,100.0,11,2011-01-11,3,5,1,2011,1,11,187.83035
708,4,0,0,54.0,108.0,180.0,72.0,54.0,23.0,558.0,40.0,60.0,90.0,150.0,12,2010-01-01,3,8,1,2010,1,1,172.22496
708,4,0,0,88.0,114.0,201.0,75.0,55.0,24.0,549.0,50.0,60.0,100.0,160.0,12,2011-01-02,3,8,1,2011,1,2,189.42732
708,4,0,0,70.0,101.0,179.0,67.0,54.0,22.0,677.0,40.0,50.0,80.0,130.0,12,2011-01-12,3,8,1,2011,1,12,197.3639
712,5,0,1,10.0,27.0,45.0,18.0,17.0,5.0,818.0,20.0,10.0,30.0,40.0,1,2010-01-02,0,0,1,2010,1,2,41.461258
712,5,0,1,10.0,27.0,45.0,18.0,17.0,5.0,816.0,20.0,10.0,30.0,40.0,1,2010-01-03,0,0,1,2010,1,3,43.58505
712,5,0,1,12.0,29.0,49.0,20.0,17.0,5.0,829.0,20.0,20.0,30.0,50.0,1,2010-01-05,0,0,1,2010,1,5,49.617016
712,5,0,1,15.0,27.0,48.0,18.0,17.0,5.0,816.0,20.0,10.0,30.0,40.0,1,2011-01-03,0,0,1,2011,1,3,43.005272
712,5,0,1,23.0,36.0,60.0,25.0,18.0,7.0,854.0,30.0,20.0,40.0,60.0,1,2011-01-07,0,0,1,2011,1,7,59.446045
712,5,0,1,12.0,24.0,42.0,15.0,16.0,4.0,848.0,10.0,10.0,20.0,30.0,1,2011-01-11,0,0,1,2011,1,11,58.606865
712,5,0,1,9.0,41.0,75.0,34.0,32.0,10.0,1010.0,20.0,30.0,40.0,70.0,2,2010-01-07,0,4,1,2010,1,7,85.621315
712,5,0,1,10.0,37.0,67.0,31.0,28.0,9.0,976.0,20.0,30.0,40.0,70.0,2,2011-01-05,0,4,1,2011,1,5,67.77864
712,5,0,1,12.0,31.0,54.0,23.0,19.0,7.0,623.0,20.0,20.0,30.0,50.0,3,2010-01-01,0,7,0,2010,1,1,34.732418
712,5,0,1,12.0,31.0,54.0,23.0,19.0,7.0,620.0,20.0,20.0,30.0,50.0,3,2010-01-02,0,7,0,2010,1,2,37.291775
712,5,0,1,11.0,30.0,52.0,22.0,19.0,7.0,608.0,20.0,20.0,30.0,50.0,3,2010-01-06,0,7,0,2010,1,6,58.69738
712,5,0,1,12.0,31.0,54.0,23.0,19.0,7.0,605.0,20.0,20.0,30.0,50.0,3,2010-01-07,0,7,0,2010,1,7,68.77315
712,5,0,1,17.0,31.0,54.0,23.0,18.0,7.0,605.0,20.0,20.0,30.0,50.0,3,2011-01-07,0,7,0,2011,1,7,63.847767
712,5,0,1,-1.0,14.0,26.0,10.0,15.0,3.0,594.0,10.0,0.0,20.0,20.0,3,2011-01-12,0,7,0,2011,1,12,69.91373
712,5,0,1,9.0,25.0,41.0,16.0,16.0,4.0,772.0,20.0,10.0,30.0,40.0,5,2010-01-03,1,2,1,2010,1,3,67.70265
712,5,0,1,18.0,35.0,58.0,23.0,17.0,6.0,806.0,30.0,20.0,40.0,60.0,5,2010-01-08,1,2,1,2010,1,8,87.37866
712,5,0,1,16.0,28.0,50.0,19.0,17.0,5.0,774.0,20.0,20.0,30.0,50.0,5,2011-01-02,1,2,1,2011,1,2,63.891407
712,5,0,1,18.0,29.0,49.0,20.0,15.0,5.0,808.0,20.0,20.0,30.0,50.0,5,2011-01-07,1,2,1,2011,1,7,80.86549
712,5,0,1,32.0,43.0,43.0,0.0,11.0,0.0,774.0,40.0,0.0,50.0,50.0,6,2010-01-02,1,6,0,2010,1,2,45.041355
712,5,0,1,32.0,43.0,43.0,0.0,11.0,0.0,688.0,40.0,0.0,50.0,50.0,6,2010-01-04,1,6,0,2010,1,4,55.027523
712,5,0,1,31.0,43.0,43.0,0.0,12.0,0.0,430.0,60.0,0.0,60.0,60.0,6,2010-01-10,1,6,0,2010,1,10,49.00973
712,5,0,1,31.0,43.0,43.0,0.0,12.0,0.0,387.0,40.0,0.0,50.0,50.0,6,2010-01-11,1,6,0,2010,1,11,36.862328
712,5,0,1,47.0,43.0,46.0,0.0,11.0,0.0,731.0,40.0,0.0,50.0,50.0,6,2011-01-03,1,6,0,2011,1,3,55.588303
712,5,0,1,47.0,43.0,46.0,0.0,11.0,0.0,688.0,40.0,0.0,50.0,50.0,6,2011-01-04,1,6,0,2011,1,4,58.38328
712,5,0,1,47.0,43.0,46.0,0.0,11.0,0.0,473.0,40.0,0.0,50.0,50.0,6,2011-01-09,1,6,0,2011,1,9,74.60303
712,5,0,1,262.0,392.0,687.0,295.0,130.0,97.0,1714.0,250.0,250.0,350.0,600.0,8,2010-01-08,2,3,0,2010,1,8,582.9205
712,5,0,1,220.0,336.0,589.0,253.0,116.0,83.0,1686.0,210.0,210.0,300.0,510.0,8,2010-01-09,2,3,0,2010,1,9,561.4613
712,5,0,1,224.0,341.0,598.0,257.0,117.0,84.0,1662.0,210.0,200.0,280.0,480.0,8,2010-01-10,2,3,0,2010,1,10,559.50665
712,5,0,1,196.0,304.0,532.0,228.0,108.0,75.0,1691.0,180.0,210.0,280.0,490.0,8,2010-01-11,2,3,0,2010,1,11,544.3901
712,5,0,1,151.0,222.0,376.0,154.0,71.0,49.0,817.0,150.0,130.0,200.0,330.0,9,2010-01-08,2,10,0,2010,1,8,351.04437
712,5,0,1,107.0,165.0,278.0,113.0,58.0,36.0,803.0,100.0,100.0,150.0,250.0,9,2010-01-11,2,10,0,2010,1,11,308.5309
712,5,0,1,141.0,150.0,271.0,104.0,55.0,33.0,596.0,110.0,80.0,140.0,220.0,9,2011-01-02,2,10,0,2011,1,2,311.76453
712,5,0,1,188.0,204.0,342.0,141.0,63.0,45.0,764.0,140.0,120.0,180.0,300.0,9,2011-01-06,2,10,0,2011,1,6,335.68036
712,5,0,1,141.0,228.0,456.0,228.0,87.0,63.0,1459.0,140.0,190.0,210.0,400.0,11,2010-01-01,3,5,1,2010,1,1,489.76343
712,5,0,1,165.0,261.0,521.0,260.0,96.0,72.0,1559.0,150.0,220.0,230.0,450.0,11,2010-01-05,3,5,1,2010,1,5,513.7033
712,5,0,1,129.0,212.0,423.0,211.0,83.0,59.0,1778.0,110.0,170.0,180.0,350.0,11,2010-01-11,3,5,1,2010,1,11,487.07635
712,5,0,1,220.0,239.0,509.0,239.0,91.0,66.0,1417.0,140.0,200.0,220.0,420.0,11,2011-01-03,3,5,1,2011,1,3,506.20938
712,5,0,1,220.0,239.0,509.0,239.0,91.0,66.0,1464.0,140.0,200.0,220.0,420.0,11,2011-01-04,3,5,1,2011,1,4,510.2131
712,5,0,1,223.0,370.0,672.0,302.0,147.0,114.0,1783.0,210.0,250.0,340.0,590.0,12,2010-01-09,3,8,1,2010,1,9,570.3909
713,16,2,0,134.0,179.0,302.0,123.0,45.0,34.0,928.0,120.0,100.0,150.0,250.0,5,2010-01-09,1,2,1,2010,1,9,269.79932
713,16,2,0,199.0,179.0,322.0,123.0,45.0,34.0,928.0,120.0,100.0,150.0,250.0,5,2011-01-09,1,2,1,2011,1,9,268.94272
713,16,2,0,26.0,71.0,123.0,52.0,45.0,17.0,405.0,70.0,30.0,80.0,110.0,8,2010-01-10,2,3,0,2010,1,10,129.82973
713,16,2,0,32.0,79.0,138.0,59.0,47.0,19.0,411.0,40.0,50.0,70.0,120.0,8,2010-01-11,2,3,0,2010,1,11,120.63821
714,0,3,0,-74.0,-13.0,109.0,122.0,61.0,39.0,2378.0,-70.0,150.0,-20.0,130.0,1,2010-01-09,0,0,1,2010,1,9,112.299934
714,0,3,0,-110.0,-13.0,116.0,122.0,61.0,39.0,2378.0,-70.0,150.0,-20.0,130.0,1,2011-01-09,0,0,1,2011,1,9,106.60227
714,0,3,0,-142.0,-32.0,163.0,195.0,110.0,64.0,1952.0,-140.0,240.0,-40.0,200.0,3,2010-01-05,0,7,0,2010,1,5,182.81117
714,0,3,0,-149.0,-32.0,192.0,224.0,117.0,73.0,4216.0,-150.0,260.0,-40.0,220.0,3,2010-01-12,0,7,0,2010,1,12,194.0778
714,0,3,0,43.0,96.0,160.0,64.0,53.0,21.0,593.0,30.0,40.0,60.0,100.0,13,2010-01-05,3,9,1,2010,1,5,159.41953
714,0,3,0,32.0,81.0,135.0,54.0,49.0,17.0,641.0,30.0,30.0,60.0,90.0,13,2010-01-06,3,9,1,2010,1,6,162.44507
714,0,3,0,36.0,201.0,345.0,144.0,165.0,131.0,874.0,50.0,130.0,200.0,330.0,5,2010-01-06,1,2,1,2010,1,6,361.53207
714,0,3,0,225.0,341.0,598.0,257.0,116.0,84.0,1662.0,240.0,230.0,320.0,550.0,6,2010-01-10,1,6,0,2010,1,10,542.3878
714,0,3,0,164.0,252.0,465.0,213.0,88.0,66.0,942.0,160.0,180.0,220.0,400.0,9,2010-01-02,2,10,0,2010,1,2,474.15768
714,0,3,0,283.0,307.0,562.0,260.0,95.0,80.0,1319.0,200.0,220.0,270.0,490.0,9,2011-01-07,2,10,0,2011,1,7,574.14233
714,0,3,0,84.0,118.0,199.0,81.0,34.0,22.0,588.0,70.0,50.0,80.0,130.0,12,2010-01-09,3,8,1,2010,1,9,187.38646
714,0,3,0,221.0,239.0,509.0,239.0,90.0,66.0,1755.0,160.0,210.0,220.0,430.0,4,2011-01-10,1,1,1,2011,1,10,483.4548
715,19,0,1,19.0,74.0,133.0,59.0,55.0,22.0,377.0,20.0,60.0,70.0,130.0,1,2010-01-06,0,0,1,2010,1,6,134.07219
715,19,0,1,21.0,77.0,140.0,63.0,56.0,23.0,397.0,30.0,60.0,80.0,140.0,1,2010-01-08,0,0,1,2010,1,8,142.01923
715,19,0,1,15.0,70.0,126.0,56.0,55.0,21.0,385.0,50.0,40.0,80.0,120.0,1,2010-01-10,0,0,1,2010,1,10,135.87965
715,19,0,1,22.0,80.0,145.0,65.0,58.0,24.0,403.0,30.0,60.0,80.0,140.0,1,2010-01-12,0,0,1,2010,1,12,147.83105
715,19,0,1,18.0,65.0,126.0,53.0,53.0,20.0,306.0,30.0,50.0,70.0,120.0,1,2011-01-02,0,0,1,2011,1,2,131.42758
715,19,0,1,24.0,70.0,135.0,57.0,54.0,21.0,313.0,20.0,60.0,70.0,130.0,1,2011-01-04,0,0,1,2011,1,4,133.18964
715,19,0,1,26.0,74.0,132.0,59.0,51.0,22.0,377.0,20.0,60.0,70.0,130.0,1,2011-01-06,0,0,1,2011,1,6,134.45996
715,19,0,1,17.0,132.0,227.0,95.0,115.0,86.0,554.0,30.0,100.0,130.0,230.0,2,2010-01-04,0,4,1,2010,1,4,222.26346
715,19,0,1,18.0,134.0,230.0,96.0,116.0,87.0,683.0,60.0,90.0,140.0,230.0,2,2010-01-10,0,4,1,2010,1,10,229.73528
715,19,0,1,20.0,145.0,250.0,105.0,125.0,95.0,716.0,30.0,100.0,140.0,240.0,2,2010-01-12,0,4,1,2010,1,12,234.5219
715,19,0,1,14.0,111.0,213.0,79.0,107.0,72.0,551.0,20.0,80.0,110.0,190.0,2,2011-01-01,0,4,1,2011,1,1,224.59465
715,19,0,1,22.0,128.0,234.0,92.0,113.0,83.0,541.0,40.0,90.0,140.0,230.0,2,2011-01-02,0,4,1,2011,1,2,226.9326
715,19,0,1,25.0,132.0,242.0,95.0,115.0,86.0,532.0,30.0,100.0,130.0,230.0,2,2011-01-03,0,4,1,2011,1,3,232.91525
715,19,0,1,24.0,130.0,238.0,93.0,114.0,84.0,692.0,40.0,90.0,140.0,230.0,2,2011-01-09,0,4,1,2011,1,9,258.29172
715,19,0,1,62.0,117.0,204.0,87.0,55.0,28.0,472.0,80.0,90.0,120.0,210.0,3,2010-01-05,0,7,0,2010,1,5,204.86453
715,19,0,1,61.0,116.0,202.0,86.0,55.0,28.0,547.0,100.0,80.0,120.0,200.0,3,2010-01-10,0,7,0,2010,1,10,194.28178
715,19,0,1,57.0,112.0,195.0,83.0,55.0,27.0,575.0,70.0,80.0,110.0,190.0,3,2010-01-12,0,7,0,2010,1,12,200.10081
715,19,0,1,82.0,108.0,200.0,80.0,53.0,26.0,415.0,70.0,80.0,110.0,190.0,3,2011-01-03,0,7,0,2011,1,3,210.43951
715,19,0,1,86.0,117.0,202.0,87.0,51.0,28.0,472.0,80.0,90.0,120.0,210.0,3,2011-01-05,0,7,0,2011,1,5,201.96458
715,19,0,1,101.0,132.0,229.0,99.0,55.0,32.0,565.0,90.0,100.0,140.0,240.0,3,2011-01-08,0,7,0,2011,1,8,236.71
715,19,0,1,41.0,84.0,155.0,71.0,43.0,22.0,950.0,60.0,80.0,100.0,180.0,5,2010-01-03,1,2,1,2010,1,3,154.25629
715,19,0,1,39.0,82.0,151.0,69.0,43.0,21.0,965.0,50.0,80.0,90.0,170.0,5,2010-01-04,1,2,1,2010,1,4,152.35661
715,19,0,1,50.0,96.0,176.0,80.0,46.0,24.0,1079.0,80.0,100.0,120.0,220.0,5,2010-01-12,1,2,1,2010,1,12,177.40105
715,19,0,1,69.0,96.0,175.0,81.0,43.0,25.0,1046.0,70.0,90.0,110.0,200.0,5,2011-01-06,1,2,1,2011,1,6,161.82458
715,19,0,1,77.0,103.0,187.0,86.0,44.0,26.0,1081.0,90.0,90.0,130.0,220.0,5,2011-01-07,1,2,1,2011,1,7,166.44
715,19,0,1,97.0,123.0,224.0,103.0,49.0,31.0,1073.0,100.0,110.0,150.0,260.0,5,2011-01-08,1,2,1,2011,1,8,195.32162
715,19,0,1,67.0,89.0,175.0,75.0,44.0,23.0,1063.0,70.0,90.0,110.0,200.0,5,2011-01-11,1,2,1,2011,1,11,191.68594
715,19,0,1,35.0,62.0,110.0,48.0,27.0,15.0,617.0,50.0,50.0,70.0,120.0,6,2010-01-02,1,6,0,2010,1,2,108.06109
715,19,0,1,34.0,63.0,112.0,49.0,29.0,16.0,611.0,60.0,50.0,80.0,130.0,6,2010-01-03,1,6,0,2010,1,3,108.44853
715,19,0,1,32.0,58.0,103.0,45.0,26.0,14.0,605.0,50.0,50.0,70.0,120.0,6,2010-01-04,1,6,0,2010,1,4,102.20497
715,19,0,1,10.0,29.0,51.0,22.0,19.0,7.0,573.0,50.0,20.0,50.0,70.0,6,2010-01-10,1,6,0,2010,1,10,87.67092
715,19,0,1,11.0,30.0,52.0,22.0,19.0,7.0,570.0,30.0,20.0,40.0,60.0,6,2010-01-11,1,6,0,2010,1,11,78.24722
715,19,0,1,53.0,62.0,123.0,48.0,29.0,15.0,623.0,50.0,50.0,70.0,120.0,6,2011-01-01,1,6,0,2011,1,1,127.394165
715,19,0,1,52.0,62.0,117.0,48.0,27.0,15.0,617.0,50.0,50.0,70.0,120.0,6,2011-01-02,1,6,0,2011,1,2,122.65804
715,19,0,1,48.0,62.0,109.0,48.0,25.0,15.0,599.0,50.0,50.0,70.0,120.0,6,2011-01-05,1,6,0,2011,1,5,105.035515
715,19,0,1,50.0,65.0,114.0,50.0,27.0,16.0,587.0,60.0,50.0,80.0,130.0,6,2011-01-07,1,6,0,2011,1,7,108.494675
715,19,0,1,31.0,43.0,81.0,33.0,22.0,10.0,577.0,30.0,30.0,50.0,80.0,6,2011-01-09,1,6,0,2011,1,9,116.57627
715,19,0,1,70.0,113.0,180.0,67.0,43.0,20.0,400.0,80.0,50.0,100.0,150.0,8,2010-01-01,2,3,0,2010,1,1,161.28574
715,19,0,1,66.0,109.0,174.0,65.0,43.0,20.0,372.0,80.0,50.0,100.0,150.0,8,2010-01-02,2,3,0,2010,1,2,157.93405
715,19,0,1,45.0,82.0,130.0,48.0,37.0,14.0,351.0,50.0,40.0,70.0,110.0,8,2010-01-05,2,3,0,2010,1,5,143.28787
715,19,0,1,40.0,78.0,125.0,47.0,38.0,14.0,371.0,50.0,40.0,70.0,110.0,8,2010-01-06,2,3,0,2010,1,6,142.76991
715,19,0,1,41.0,79.0,126.0,47.0,38.0,14.0,366.0,50.0,40.0,70.0,110.0,8,2010-01-08,2,3,0,2010,1,8,144.33255
715,19,0,1,109.0,113.0,201.0,67.0,45.0,20.0,400.0,80.0,50.0,100.0,150.0,8,2011-01-01,2,3,0,2011,1,1,184.06326
715,19,0,1,98.0,109.0,185.0,65.0,43.0,20.0,372.0,80.0,50.0,100.0,150.0,8,2011-01-02,2,3,0,2011,1,2,175.63306
715,19,0,1,85.0,99.0,169.0,60.0,42.0,18.0,329.0,80.0,40.0,80.0,120.0,8,2011-01-10,2,3,0,2011,1,10,165.128
715,19,0,1,28.0,48.0,81.0,33.0,20.0,9.0,777.0,50.0,20.0,50.0,70.0,9,2010-01-01,2,10,0,2010,1,1,95.07817
715,19,0,1,47.0,72.0,121.0,49.0,25.0,13.0,767.0,50.0,40.0,60.0,100.0,9,2010-01-03,2,10,0,2010,1,3,114.904854
715,19,0,1,30.0,51.0,85.0,34.0,21.0,9.0,863.0,30.0,30.0,40.0,70.0,9,2010-01-12,2,10,0,2010,1,12,101.02319
715,19,0,1,70.0,72.0,129.0,49.0,25.0,13.0,767.0,50.0,40.0,60.0,100.0,9,2011-01-03,2,10,0,2011,1,3,124.99629
715,19,0,1,80.0,85.0,143.0,59.0,25.0,16.0,842.0,60.0,50.0,70.0,120.0,9,2011-01-06,2,10,0,2011,1,6,127.52113
715,19,0,1,40.0,47.0,83.0,31.0,20.0,8.0,856.0,40.0,20.0,50.0,70.0,9,2011-01-11,2,10,0,2011,1,11,111.00674
715,19,0,1,45.0,51.0,91.0,34.0,21.0,9.0,863.0,30.0,30.0,40.0,70.0,9,2011-01-12,2,10,0,2011,1,12,114.28992
715,19,0,1,61.0,81.0,146.0,56.0,40.0,17.0,382.0,50.0,40.0,80.0,120.0,11,2011-01-02,3,5,1,2011,1,2,151.92903
715,19,0,1,37.0,65.0,109.0,45.0,35.0,14.0,410.0,30.0,30.0,60.0,90.0,11,2011-01-05,3,5,1,2011,1,5,128.8461
715,19,0,1,28.0,54.0,89.0,36.0,32.0,11.0,458.0,10.0,30.0,40.0,70.0,11,2011-01-08,3,5,1,2011,1,8,141.33589
715,19,0,1,49.0,71.0,128.0,49.0,38.0,15.0,454.0,20.0,40.0,50.0,90.0,11,2011-01-11,3,5,1,2011,1,11,136.20938
715,19,0,1,-2.0,75.0,128.0,53.0,77.0,48.0,597.0,10.0,40.0,70.0,110.0,12,2010-01-06,3,8,1,2010,1,6,132.20009
715,19,0,1,-7.0,61.0,105.0,44.0,68.0,39.0,617.0,10.0,30.0,60.0,90.0,12,2010-01-08,3,8,1,2010,1,8,129.99974
715,19,0,1,2.0,87.0,149.0,62.0,85.0,56.0,612.0,10.0,50.0,80.0,130.0,12,2010-01-09,3,8,1,2010,1,9,134.93071
715,19,0,1,0.0,84.0,144.0,60.0,84.0,54.0,606.0,0.0,40.0,50.0,90.0,12,2010-01-10,3,8,1,2010,1,10,135.43102
715,19,0,1,2.0,86.0,147.0,61.0,84.0,55.0,613.0,0.0,50.0,70.0,120.0,12,2010-01-11,3,8,1,2010,1,11,128.90645
715,19,0,1,-8.0,66.0,112.0,47.0,67.0,42.0,622.0,0.0,40.0,50.0,90.0,12,2011-01-07,3,8,1,2011,1,7,128.85802
715,19,0,1,-10.0,61.0,104.0,44.0,63.0,39.0,617.0,10.0,30.0,60.0,90.0,12,2011-01-08,3,8,1,2011,1,8,146.85759
715,19,0,1,3.0,87.0,159.0,62.0,85.0,56.0,612.0,10.0,50.0,80.0,130.0,12,2011-01-09,3,8,1,2011,1,9,156.9272
715,19,0,1,3.0,86.0,157.0,61.0,84.0,55.0,613.0,0.0,50.0,70.0,120.0,12,2011-01-11,3,8,1,2011,1,11,150.90294
716,12,1,0,262.0,407.0,678.0,271.0,145.0,94.0,2101.0,260.0,260.0,380.0,640.0,2,2010-01-01,0,4,1,2010,1,1,676.1783
716,12,1,0,511.0,548.0,904.0,364.0,166.0,127.0,2654.0,370.0,340.0,520.0,860.0,2,2011-01-07,0,4,1,2011,1,7,857.2817
716,12,1,0,367.0,390.0,693.0,260.0,143.0,91.0,2548.0,230.0,210.0,330.0,540.0,2,2011-01-10,0,4,1,2011,1,10,760.30444
716,12,1,0,367.0,378.0,680.0,260.0,131.0,98.0,1558.0,200.0,190.0,300.0,490.0,9,2011-01-04,2,10,0,2011,1,4,602.14185
716,12,1,0,-143.0,-46.0,198.0,244.0,97.0,75.0,2636.0,-100.0,180.0,-30.0,150.0,10,2010-01-06,2,11,0,2010,1,6,199.84648
716,12,1,0,-164.0,-62.0,198.0,260.0,102.0,80.0,3076.0,-110.0,190.0,-40.0,150.0,10,2010-01-07,2,11,0,2010,1,7,204.47092
716,12,1,0,-189.0,-93.0,148.0,241.0,96.0,74.0,5121.0,-150.0,180.0,-80.0,100.0,10,2010-01-12,2,11,0,2010,1,12,157.2061
716,12,1,0,-280.0,-93.0,158.0,241.0,96.0,74.0,5121.0,-150.0,180.0,-80.0,100.0,10,2011-01-12,2,11,0,2011,1,12,176.02773
716,12,1,0,102.0,139.0,234.0,95.0,37.0,26.0,799.0,120.0,100.0,150.0,250.0,11,2010-01-03,3,5,1,2010,1,3,238.89671
716,12,1,0,89.0,124.0,210.0,86.0,35.0,24.0,1003.0,90.0,90.0,120.0,210.0,11,2010-01-12,3,5,1,2010,1,12,247.68951
716,12,1,0,111.0,152.0,256.0,104.0,41.0,29.0,821.0,120.0,110.0,160.0,270.0,12,2010-01-05,3,8,1,2010,1,5,264.7763
716,12,1,0,134.0,179.0,302.0,123.0,45.0,34.0,915.0,160.0,130.0,190.0,320.0,12,2010-01-10,3,8,1,2010,1,10,264.16376
716,12,1,0,146.0,130.0,245.0,89.0,38.0,24.0,777.0,110.0,90.0,140.0,230.0,12,2011-01-01,3,8,1,2011,1,1,251.86671
716,12,1,0,184.0,178.0,298.0,123.0,42.0,34.0,941.0,150.0,130.0,190.0,320.0,12,2011-01-08,3,8,1,2011,1,8,294.57938
716,12,1,0,224.0,318.0,567.0,249.0,94.0,69.0,1286.0,240.0,230.0,320.0,550.0,7,2010-01-09,1,12,1,2010,1,9,568.7593
718,12,1,0,259.0,405.0,675.0,270.0,146.0,94.0,2041.0,270.0,250.0,390.0,640.0,2,2010-01-03,0,4,1,2010,1,3,679.8699
718,12,1,0,364.0,387.0,687.0,258.0,142.0,90.0,2067.0,250.0,240.0,370.0,610.0,2,2011-01-02,0,4,1,2011,1,2,714.6335
718,12,1,0,384.0,405.0,719.0,270.0,146.0,94.0,2041.0,270.0,250.0,390.0,640.0,2,2011-01-03,0,4,1,2011,1,3,715.86316
718,12,1,0,99.0,136.0,230.0,94.0,37.0,26.0,562.0,120.0,90.0,150.0,240.0,13,2010-01-06,3,9,1,2010,1,6,225.12642
718,12,1,0,47.0,73.0,123.0,50.0,26.0,14.0,589.0,50.0,50.0,70.0,120.0,13,2010-01-11,3,9,1,2010,1,11,156.20795
718,12,1,0,125.0,118.0,212.0,81.0,34.0,22.0,588.0,100.0,80.0,130.0,210.0,13,2011-01-09,3,9,1,2011,1,9,215.98735
718,12,1,0,209.0,268.0,547.0,245.0,127.0,93.0,1471.0,130.0,180.0,220.0,400.0,9,2011-01-03,2,10,0,2011,1,3,554.224
718,12,1,0,-105.0,-20.0,189.0,209.0,85.0,64.0,1811.0,-70.0,150.0,-10.0,140.0,10,2010-01-04,2,11,0,2010,1,4,175.2574
718,12,1,0,-304.0,-187.0,124.0,311.0,117.0,96.0,3422.0,-230.0,230.0,-140.0,90.0,10,2010-01-08,2,11,0,2010,1,8,191.91008
718,12,1,0,-156.0,-20.0,201.0,209.0,85.0,64.0,1811.0,-70.0,150.0,-10.0,140.0,10,2011-01-04,2,11,0,2011,1,4,189.36226
718,12,1,0,-420.0,-187.0,123.0,311.0,109.0,96.0,3422.0,-230.0,230.0,-140.0,90.0,10,2011-01-08,2,11,0,2011,1,8,186.63803
718,12,1,0,132.0,124.0,224.0,86.0,35.0,24.0,1003.0,90.0,90.0,120.0,210.0,11,2011-01-12,3,5,1,2011,1,12,263.08694
718,12,1,0,133.0,179.0,302.0,123.0,46.0,34.0,959.0,150.0,120.0,190.0,310.0,12,2010-01-12,3,8,1,2010,1,12,268.8758
718,12,1,0,199.0,179.0,322.0,123.0,45.0,34.0,915.0,160.0,130.0,190.0,320.0,12,2011-01-10,3,8,1,2011,1,10,275.84097
718,12,1,0,194.0,284.0,523.0,239.0,90.0,66.0,1260.0,210.0,220.0,290.0,510.0,7,2010-01-03,1,12,1,2010,1,3,542.2301
718,12,1,0,435.0,526.0,765.0,239.0,91.0,66.0,1197.0,450.0,210.0,510.0,720.0,7,2010-01-10,1,12,1,2010,1,10,717.92926
718,12,1,0,312.0,407.0,657.0,250.0,95.0,70.0,723.0,320.0,240.0,400.0,640.0,7,2010-01-12,1,12,1,2010,1,12,670.4239
718,12,1,0,439.0,415.0,669.0,260.0,90.0,72.0,1405.0,340.0,240.0,420.0,660.0,7,2011-01-06,1,12,1,2011,1,6,661.8732
719,1,0,0,94.0,130.0,219.0,89.0,36.0,24.0,777.0,100.0,90.0,130.0,220.0,1,2010-01-01,0,0,1,2010,1,1,229.228
719,1,0,0,121.0,163.0,276.0,113.0,42.0,31.0,897.0,130.0,110.0,170.0,280.0,1,2010-01-06,0,0,1,2010,1,6,262.41333
719,1,0,0,134.0,179.0,302.0,123.0,45.0,34.0,959.0,130.0,120.0,170.0,290.0,1,2010-01-12,0,0,1,2010,1,12,289.54996
719,1,0,0,146.0,130.0,245.0,89.0,38.0,24.0,777.0,100.0,90.0,130.0,220.0,1,2011-01-01,0,0,1,2011,1,1,244.06892
719,1,0,0,167.0,163.0,274.0,113.0,39.0,31.0,897.0,130.0,110.0,170.0,280.0,1,2011-01-06,0,0,1,2011,1,6,265.00473
719,1,0,0,197.0,179.0,322.0,123.0,46.0,34.0,915.0,160.0,120.0,180.0,300.0,1,2011-01-10,0,0,1,2011,1,10,295.75116
719,1,0,0,190.0,172.0,309.0,118.0,44.0,33.0,930.0,130.0,110.0,170.0,280.0,1,2011-01-11,0,0,1,2011,1,11,291.1835
719,1,0,0,39.0,68.0,120.0,52.0,29.0,17.0,554.0,50.0,50.0,70.0,120.0,2,2010-01-08,0,4,1,2010,1,8,166.9285
719,1,0,0,27.0,51.0,90.0,39.0,24.0,12.0,541.0,50.0,30.0,50.0,80.0,2,2010-01-10,0,4,1,2010,1,10,138.33846
719,1,0,0,40.0,52.0,98.0,40.0,25.0,13.0,536.0,40.0,30.0,60.0,90.0,2,2011-01-11,0,4,1,2011,1,11,141.36804
719,1,0,0,99.0,137.0,232.0,95.0,38.0,26.0,809.0,110.0,100.0,140.0,240.0,3,2010-01-02,0,7,0,2010,1,2,227.1946
719,1,0,0,132.0,178.0,301.0,123.0,46.0,34.0,947.0,140.0,130.0,180.0,310.0,3,2010-01-06,0,7,0,2010,1,6,269.4653
719,1,0,0,144.0,191.0,323.0,132.0,47.0,36.0,994.0,160.0,130.0,200.0,330.0,3,2010-01-08,0,7,0,2010,1,8,269.79715
719,1,0,0,116.0,157.0,265.0,108.0,41.0,30.0,971.0,150.0,100.0,160.0,260.0,3,2010-01-10,0,7,0,2010,1,10,238.08209
719,1,0,0,157.0,139.0,262.0,95.0,40.0,26.0,821.0,110.0,100.0,140.0,240.0,3,2011-01-01,0,7,0,2011,1,1,245.95161
719,1,0,0,172.0,157.0,282.0,108.0,41.0,30.0,971.0,150.0,100.0,160.0,260.0,3,2011-01-10,0,7,0,2011,1,10,249.90178
719,1,0,0,30.0,56.0,99.0,43.0,26.0,14.0,602.0,30.0,30.0,50.0,80.0,13,2010-01-05,3,9,1,2010,1,5,104.664185
719,1,0,0,53.0,87.0,155.0,68.0,34.0,22.0,587.0,50.0,50.0,80.0,130.0,13,2010-01-08,3,9,1,2010,1,8,120.43673
719,1,0,0,70.0,112.0,200.0,88.0,42.0,29.0,561.0,60.0,70.0,90.0,160.0,13,2010-01-11,3,9,1,2010,1,11,178.90964
719,1,0,0,66.0,104.0,185.0,81.0,38.0,26.0,551.0,60.0,60.0,90.0,150.0,13,2010-01-12,3,9,1,2010,1,12,181.89117
719,1,0,0,43.0,55.0,104.0,43.0,26.0,14.0,613.0,30.0,30.0,50.0,80.0,13,2011-01-03,3,9,1,2011,1,3,120.89309
719,1,0,0,70.0,79.0,149.0,61.0,32.0,20.0,579.0,50.0,50.0,70.0,120.0,13,2011-01-09,3,9,1,2011,1,9,152.19524
719,1,0,0,98.0,104.0,197.0,81.0,38.0,26.0,551.0,60.0,60.0,90.0,150.0,13,2011-01-12,3,9,1,2011,1,12,182.55046
719,1,0,0,84.0,117.0,198.0,81.0,33.0,22.0,441.0,110.0,90.0,140.0,230.0,5,2010-01-03,1,2,1,2010,1,3,197.55435
719,1,0,0,99.0,136.0,230.0,94.0,37.0,26.0,562.0,140.0,100.0,170.0,270.0,5,2010-01-06,1,2,1,2010,1,6,221.86449
719,1,0,0,125.0,117.0,211.0,81.0,33.0,22.0,460.0,110.0,90.0,140.0,230.0,5,2011-01-04,1,2,1,2011,1,4,214.24759
719,1,0,0,145.0,145.0,243.0,100.0,37.0,28.0,598.0,130.0,110.0,170.0,280.0,5,2011-01-08,1,2,1,2011,1,8,232.08078
719,1,0,0,125.0,118.0,212.0,81.0,34.0,22.0,588.0,110.0,90.0,140.0,230.0,5,2011-01-09,1,2,1,2011,1,9,227.49942
719,1,0,0,48.0,102.0,170.0,68.0,54.0,22.0,559.0,80.0,70.0,130.0,200.0,6,2010-01-04,1,6,0,2010,1,4,192.80086
719,1,0,0,30.0,79.0,131.0,52.0,49.0,17.0,662.0,50.0,60.0,90.0,150.0,6,2010-01-08,1,6,0,2010,1,8,198.62585
719,1,0,0,83.0,108.0,201.0,72.0,58.0,23.0,558.0,80.0,80.0,130.0,210.0,6,2011-01-01,1,6,0,2011,1,1,213.70074
719,1,0,0,61.0,96.0,159.0,64.0,48.0,21.0,593.0,60.0,70.0,110.0,180.0,6,2011-01-05,1,6,0,2011,1,5,199.70178
719,1,0,0,94.0,163.0,325.0,162.0,69.0,45.0,1059.0,100.0,130.0,150.0,280.0,8,2010-01-03,2,3,0,2010,1,3,303.0739
719,1,0,0,92.0,161.0,322.0,161.0,69.0,45.0,1267.0,110.0,120.0,140.0,260.0,8,2010-01-10,2,3,0,2010,1,10,289.5981
719,1,0,0,115.0,149.0,295.0,149.0,61.0,41.0,1156.0,90.0,120.0,140.0,260.0,8,2011-01-05,2,3,0,2011,1,5,290.6763
719,1,0,0,112.0,146.0,288.0,145.0,60.0,40.0,1304.0,80.0,120.0,130.0,250.0,8,2011-01-07,2,3,0,2011,1,7,299.9263
719,1,0,0,113.0,146.0,288.0,145.0,60.0,40.0,1292.0,80.0,120.0,130.0,250.0,8,2011-01-08,2,3,0,2011,1,8,300.97418
719,1,0,0,0.0,87.0,150.0,63.0,87.0,57.0,435.0,20.0,50.0,80.0,130.0,9,2010-01-01,2,10,0,2010,1,1,128.71799
719,1,0,0,-4.0,73.0,125.0,52.0,77.0,47.0,433.0,20.0,40.0,70.0,110.0,9,2010-01-04,2,10,0,2010,1,4,132.56651
719,1,0,0,-14.0,52.0,88.0,37.0,58.0,33.0,513.0,0.0,30.0,40.0,70.0,9,2011-01-08,2,10,0,2011,1,8,121.30655
719,1,0,0,-9.0,65.0,119.0,47.0,71.0,42.0,521.0,0.0,40.0,60.0,100.0,9,2011-01-12,2,10,0,2011,1,12,126.719055
719,1,0,0,29.0,74.0,129.0,55.0,45.0,18.0,336.0,40.0,40.0,70.0,110.0,10,2010-01-04,2,11,0,2010,1,4,126.96775
719,1,0,0,26.0,71.0,123.0,52.0,45.0,17.0,361.0,30.0,40.0,60.0,100.0,10,2010-01-05,2,11,0,2010,1,5,123.47495
719,1,0,0,24.0,68.0,118.0,50.0,44.0,16.0,397.0,30.0,40.0,60.0,100.0,10,2010-01-06,2,11,0,2010,1,6,121.30311
719,1,0,0,49.0,80.0,149.0,60.0,47.0,19.0,329.0,40.0,50.0,70.0,120.0,10,2011-01-02,2,11,0,2011,1,2,148.87607
719,1,0,0,36.0,71.0,122.0,52.0,42.0,17.0,361.0,30.0,40.0,60.0,100.0,10,2011-01-05,2,11,0,2011,1,5,127.53199
719,1,0,0,17.0,72.0,130.0,58.0,55.0,22.0,338.0,20.0,40.0,70.0,110.0,11,2010-01-01,3,5,1,2010,1,1,120.54643
719,1,0,0,18.0,73.0,132.0,59.0,55.0,22.0,331.0,10.0,50.0,60.0,110.0,11,2010-01-02,3,5,1,2010,1,2,122.59864
719,1,0,0,11.0,64.0,115.0,51.0,53.0,19.0,396.0,20.0,40.0,60.0,100.0,11,2010-01-06,3,5,1,2010,1,6,121.159065
719,1,0,0,15.0,69.0,124.0,55.0,54.0,20.0,410.0,20.0,40.0,60.0,100.0,11,2010-01-11,3,5,1,2010,1,11,106.41157
719,1,0,0,26.0,72.0,145.0,58.0,58.0,22.0,338.0,20.0,40.0,70.0,110.0,11,2011-01-01,3,5,1,2011,1,1,138.56984
719,1,0,0,17.0,64.0,114.0,51.0,48.0,19.0,419.0,20.0,40.0,60.0,100.0,11,2011-01-07,3,5,1,2011,1,7,113.3582
719,1,0,0,10.0,57.0,109.0,45.0,50.0,17.0,409.0,10.0,30.0,50.0,80.0,11,2011-01-09,3,5,1,2011,1,9,120.02929
719,1,0,0,22.0,69.0,132.0,55.0,54.0,20.0,410.0,20.0,40.0,60.0,100.0,11,2011-01-11,3,5,1,2011,1,11,110.13057
719,1,0,0,34.0,75.0,138.0,63.0,41.0,19.0,965.0,40.0,50.0,70.0,120.0,12,2010-01-04,3,8,1,2010,1,4,125.88484
719,1,0,0,29.0,68.0,125.0,57.0,39.0,17.0,1042.0,30.0,40.0,60.0,100.0,12,2010-01-11,3,8,1,2010,1,11,124.40506
719,1,0,0,56.0,76.0,157.0,64.0,42.0,19.0,965.0,40.0,50.0,70.0,120.0,12,2011-01-01,3,8,1,2011,1,1,138.26848
719,1,0,0,37.0,64.0,116.0,53.0,34.0,16.0,1028.0,30.0,40.0,60.0,100.0,12,2011-01-06,3,8,1,2011,1,6,128.57664
719,1,0,0,37.0,62.0,120.0,51.0,37.0,15.0,1042.0,20.0,40.0,50.0,90.0,12,2011-01-09,3,8,1,2011,1,9,130.66777
719,1,0,0,43.0,68.0,133.0,57.0,39.0,17.0,1042.0,30.0,40.0,60.0,100.0,12,2011-01-11,3,8,1,2011,1,11,126.1909
720,1,0,0,90.0,126.0,213.0,87.0,36.0,24.0,756.0,100.0,90.0,130.0,220.0,1,2010-01-03,0,0,1,2010,1,3,231.07642
720,1,0,0,96.0,132.0,223.0,91.0,36.0,25.0,777.0,110.0,90.0,140.0,230.0,1,2010-01-04,0,0,1,2010,1,4,234.86044
720,1,0,0,111.0,152.0,256.0,104.0,41.0,29.0,821.0,120.0,110.0,150.0,260.0,1,2010-01-05,0,0,1,2010,1,5,249.27927
720,1,0,0,111.0,152.0,256.0,104.0,41.0,29.0,952.0,120.0,110.0,150.0,260.0,1,2010-01-07,0,0,1,2010,1,7,270.102
720,1,0,0,133.0,178.0,301.0,123.0,45.0,34.0,941.0,140.0,130.0,180.0,310.0,1,2010-01-08,0,0,1,2010,1,8,292.81042
720,1,0,0,156.0,144.0,259.0,99.0,39.0,27.0,766.0,120.0,100.0,150.0,250.0,1,2011-01-02,0,0,1,2011,1,2,244.34543
720,1,0,0,153.0,152.0,254.0,104.0,38.0,29.0,821.0,120.0,110.0,150.0,260.0,1,2011-01-05,0,0,1,2011,1,5,253.1427
720,1,0,0,153.0,152.0,254.0,104.0,38.0,29.0,952.0,120.0,110.0,150.0,260.0,1,2011-01-07,0,0,1,2011,1,7,273.87418
720,1,0,0,184.0,178.0,298.0,123.0,42.0,34.0,941.0,140.0,130.0,180.0,310.0,1,2011-01-08,0,0,1,2011,1,8,291.61102
720,1,0,0,68.0,107.0,190.0,83.0,39.0,27.0,613.0,80.0,80.0,110.0,190.0,2,2010-01-02,0,4,1,2010,1,2,186.18727
720,1,0,0,106.0,107.0,213.0,83.0,41.0,27.0,623.0,80.0,80.0,110.0,190.0,2,2011-01-01,0,4,1,2011,1,1,203.16064
720,1,0,0,94.0,107.0,188.0,83.0,36.0,27.0,584.0,80.0,80.0,110.0,190.0,2,2011-01-05,0,4,1,2011,1,5,192.28229
720,1,0,0,101.0,139.0,234.0,95.0,38.0,26.0,799.0,110.0,100.0,140.0,240.0,3,2010-01-03,0,7,0,2010,1,3,227.6827
720,1,0,0,112.0,152.0,256.0,104.0,40.0,29.0,871.0,120.0,110.0,150.0,260.0,3,2010-01-05,0,7,0,2010,1,5,258.824
720,1,0,0,88.0,124.0,210.0,86.0,36.0,24.0,1003.0,90.0,80.0,120.0,200.0,3,2010-01-12,0,7,0,2010,1,12,238.36502
720,1,0,0,182.0,178.0,298.0,123.0,43.0,34.0,947.0,140.0,130.0,180.0,310.0,3,2011-01-06,0,7,0,2011,1,6,269.14838
720,1,0,0,199.0,191.0,320.0,132.0,44.0,36.0,994.0,160.0,130.0,200.0,330.0,3,2011-01-08,0,7,0,2011,1,8,266.35703
720,1,0,0,157.0,145.0,261.0,100.0,39.0,28.0,981.0,120.0,100.0,150.0,250.0,3,2011-01-09,0,7,0,2011,1,9,255.07541
720,1,0,0,125.0,117.0,211.0,81.0,33.0,22.0,984.0,80.0,80.0,110.0,190.0,3,2011-01-11,0,7,0,2011,1,11,240.71642
720,1,0,0,131.0,124.0,224.0,86.0,36.0,24.0,1003.0,90.0,80.0,120.0,200.0,3,2011-01-12,0,7,0,2011,1,12,250.18471
720,1,0,0,29.0,55.0,98.0,43.0,26.0,14.0,613.0,30.0,30.0,50.0,80.0,13,2010-01-03,3,9,1,2010,1,3,113.15451
720,1,0,0,29.0,56.0,99.0,43.0,27.0,14.0,597.0,30.0,30.0,50.0,80.0,13,2010-01-06,3,9,1,2010,1,6,103.26113
720,1,0,0,74.0,115.0,205.0,90.0,41.0,29.0,572.0,80.0,50.0,90.0,140.0,13,2010-01-10,3,9,1,2010,1,10,185.83409
720,1,0,0,73.0,87.0,154.0,68.0,32.0,22.0,587.0,50.0,50.0,80.0,130.0,13,2011-01-08,3,9,1,2011,1,8,117.626114
720,1,0,0,84.0,117.0,198.0,81.0,33.0,22.0,460.0,110.0,90.0,140.0,230.0,5,2010-01-04,1,2,1,2010,1,4,203.88145
720,1,0,0,105.0,145.0,245.0,100.0,40.0,28.0,598.0,130.0,110.0,170.0,280.0,5,2010-01-08,1,2,1,2010,1,8,230.25879
720,1,0,0,84.0,80.0,150.0,54.0,27.0,15.0,456.0,70.0,60.0,90.0,150.0,5,2011-01-01,1,2,1,2011,1,1,199.75969
720,1,0,0,125.0,117.0,211.0,81.0,33.0,22.0,441.0,110.0,90.0,140.0,230.0,5,2011-01-03,1,2,1,2011,1,3,205.70331
720,1,0,0,135.0,136.0,228.0,94.0,35.0,26.0,608.0,140.0,100.0,170.0,270.0,5,2011-01-07,1,2,1,2011,1,7,230.59947
720,1,0,0,53.0,108.0,180.0,72.0,55.0,23.0,558.0,80.0,80.0,130.0,210.0,6,2010-01-01,1,6,0,2010,1,1,187.54338
720,1,0,0,41.0,79.0,130.0,52.0,46.0,17.0,662.0,50.0,60.0,90.0,150.0,6,2011-01-08,1,6,0,2011,1,8,198.96365
720,1,0,0,70.0,101.0,179.0,67.0,54.0,22.0,677.0,80.0,80.0,130.0,210.0,6,2011-01-12,1,6,0,2011,1,12,197.11807
720,1,0,0,83.0,149.0,298.0,149.0,66.0,41.0,1245.0,90.0,120.0,140.0,260.0,8,2010-01-06,2,3,0,2010,1,6,286.69675
720,1,0,0,154.0,171.0,382.0,170.0,76.0,47.0,1091.0,110.0,140.0,160.0,300.0,8,2011-01-01,2,3,0,2011,1,1,318.8562
720,1,0,0,140.0,163.0,346.0,162.0,69.0,45.0,1091.0,100.0,130.0,150.0,280.0,8,2011-01-04,2,3,0,2011,1,4,309.21576
720,1,0,0,115.0,149.0,295.0,149.0,61.0,41.0,1245.0,90.0,120.0,140.0,260.0,8,2011-01-06,2,3,0,2011,1,6,292.59964
720,1,0,0,137.0,161.0,343.0,161.0,69.0,45.0,1267.0,110.0,120.0,140.0,260.0,8,2011-01-10,2,3,0,2011,1,10,300.26562
720,1,0,0,-3.0,75.0,128.0,53.0,78.0,48.0,458.0,10.0,40.0,70.0,110.0,9,2010-01-05,2,10,0,2010,1,5,130.25743
720,1,0,0,-7.0,63.0,107.0,44.0,70.0,40.0,496.0,10.0,30.0,60.0,90.0,9,2010-01-06,2,10,0,2010,1,6,132.14943
720,1,0,0,0.0,87.0,168.0,63.0,91.0,57.0,435.0,20.0,50.0,80.0,130.0,9,2011-01-01,2,10,0,2011,1,1,148.78879
720,1,0,0,-6.0,73.0,133.0,52.0,77.0,47.0,433.0,20.0,40.0,70.0,110.0,9,2011-01-04,2,10,0,2011,1,4,144.10854
720,1,0,0,-7.0,71.0,130.0,51.0,76.0,46.0,503.0,30.0,30.0,60.0,90.0,9,2011-01-10,2,10,0,2011,1,10,128.06314
720,1,0,0,31.0,77.0,134.0,57.0,46.0,18.0,323.0,40.0,40.0,70.0,110.0,10,2010-01-03,2,11,0,2010,1,3,132.33249
720,1,0,0,21.0,63.0,110.0,47.0,42.0,15.0,420.0,20.0,40.0,50.0,90.0,10,2010-01-07,2,11,0,2010,1,7,117.77053
720,1,0,0,27.0,72.0,125.0,53.0,45.0,17.0,410.0,40.0,40.0,70.0,110.0,10,2010-01-09,2,11,0,2010,1,9,122.977234
720,1,0,0,32.0,79.0,138.0,59.0,47.0,19.0,411.0,40.0,50.0,70.0,120.0,10,2010-01-11,2,11,0,2010,1,11,117.52014
720,1,0,0,43.0,74.0,137.0,55.0,45.0,18.0,336.0,40.0,40.0,70.0,110.0,10,2011-01-04,2,11,0,2011,1,4,137.60138
720,1,0,0,33.0,68.0,117.0,50.0,41.0,16.0,397.0,30.0,40.0,60.0,100.0,10,2011-01-06,2,11,0,2011,1,6,126.72871
720,1,0,0,29.0,63.0,109.0,47.0,39.0,15.0,420.0,20.0,40.0,50.0,90.0,10,2011-01-07,2,11,0,2011,1,7,117.852135
720,1,0,0,40.0,72.0,133.0,53.0,45.0,17.0,410.0,40.0,40.0,70.0,110.0,10,2011-01-09,2,11,0,2011,1,9,131.68568
720,1,0,0,12.0,65.0,118.0,53.0,53.0,20.0,361.0,20.0,40.0,60.0,100.0,11,2010-01-05,3,5,1,2010,1,5,119.8103
720,1,0,0,9.0,60.0,109.0,49.0,51.0,18.0,414.0,10.0,40.0,50.0,90.0,11,2010-01-08,3,5,1,2010,1,8,115.45457
720,1,0,0,19.0,67.0,129.0,54.0,54.0,20.0,337.0,20.0,40.0,60.0,100.0,11,2011-01-04,3,5,1,2011,1,4,130.76936
720,1,0,0,17.0,65.0,117.0,53.0,49.0,20.0,361.0,20.0,40.0,60.0,100.0,11,2011-01-05,3,5,1,2011,1,5,122.49169
720,1,0,0,12.0,60.0,108.0,49.0,47.0,18.0,414.0,10.0,40.0,50.0,90.0,11,2011-01-08,3,5,1,2011,1,8,113.97422
720,1,0,0,19.0,66.0,128.0,54.0,53.0,20.0,404.0,30.0,30.0,50.0,80.0,11,2011-01-10,3,5,1,2011,1,10,122.30721
720,1,0,0,34.0,74.0,136.0,62.0,40.0,19.0,958.0,30.0,50.0,60.0,110.0,12,2010-01-02,3,8,1,2010,1,2,123.20212
720,1,0,0,23.0,59.0,109.0,50.0,36.0,15.0,1051.0,20.0,40.0,50.0,90.0,12,2010-01-07,3,8,1,2010,1,7,119.52239
720,1,0,0,25.0,62.0,113.0,51.0,37.0,15.0,1042.0,20.0,40.0,50.0,90.0,12,2010-01-09,3,8,1,2010,1,9,127.90152
720,1,0,0,32.0,59.0,108.0,50.0,33.0,15.0,1051.0,20.0,40.0,50.0,90.0,12,2011-01-07,3,8,1,2011,1,7,118.04205
720,1,0,0,22.0,50.0,90.0,41.0,32.0,12.0,1046.0,20.0,30.0,50.0,80.0,12,2011-01-08,3,8,1,2011,1,8,119.35761
727,3,1,0,129.0,195.0,336.0,141.0,66.0,43.0,692.0,130.0,130.0,180.0,310.0,3,2010-01-07,0,7,0,2010,1,7,294.8917
727,3,1,0,181.0,186.0,341.0,134.0,64.0,41.0,690.0,110.0,120.0,160.0,280.0,3,2011-01-12,0,7,0,2011,1,12,278.4325
727,3,1,0,44.0,68.0,115.0,47.0,24.0,13.0,772.0,60.0,40.0,80.0,120.0,13,2010-01-02,3,9,1,2010,1,2,108.5202
727,3,1,0,27.0,134.0,245.0,96.0,116.0,87.0,683.0,50.0,80.0,130.0,210.0,5,2011-01-10,1,2,1,2011,1,10,242.34561
727,3,1,0,31.0,43.0,81.0,33.0,22.0,10.0,577.0,20.0,20.0,30.0,50.0,8,2011-01-09,2,3,0,2011,1,9,123.00388
727,3,1,0,16.0,30.0,55.0,22.0,19.0,7.0,570.0,10.0,10.0,20.0,30.0,8,2011-01-11,2,3,0,2011,1,11,108.508156
727,3,1,0,12.0,65.0,118.0,53.0,53.0,20.0,306.0,20.0,40.0,50.0,90.0,9,2010-01-02,2,10,0,2010,1,2,111.73556
727,3,1,0,18.0,66.0,128.0,54.0,54.0,20.0,301.0,20.0,40.0,50.0,90.0,9,2011-01-03,2,10,0,2011,1,3,130.49321
727,3,1,0,28.0,77.0,139.0,63.0,53.0,23.0,397.0,30.0,40.0,60.0,100.0,9,2011-01-08,2,10,0,2011,1,8,155.65504
740,13,0,0,34.0,80.0,140.0,60.0,46.0,19.0,336.0,50.0,60.0,80.0,140.0,1,2010-01-01,0,0,1,2010,1,1,138.19821
740,13,0,0,28.0,74.0,129.0,55.0,46.0,18.0,336.0,50.0,50.0,80.0,130.0,1,2010-01-04,0,0,1,2010,1,4,127.78014
740,13,0,0,35.0,72.0,121.0,49.0,37.0,15.0,351.0,40.0,50.0,70.0,120.0,2,2010-01-03,0,4,1,2010,1,3,129.38101
740,13,0,0,84.0,149.0,298.0,149.0,65.0,41.0,1156.0,120.0,170.0,180.0,350.0,5,2010-01-05,1,2,1,2010,1,5,295.81738
740,13,0,0,87.0,153.0,306.0,153.0,66.0,42.0,1319.0,140.0,190.0,200.0,390.0,5,2010-01-12,1,2,1,2010,1,12,299.2784
740,13,0,0,11.0,65.0,118.0,53.0,54.0,20.0,361.0,20.0,60.0,70.0,130.0,6,2010-01-05,1,6,0,2010,1,5,121.98166
740,13,0,0,6.0,57.0,103.0,46.0,51.0,17.0,422.0,40.0,50.0,80.0,130.0,6,2010-01-12,1,6,0,2010,1,12,111.40089
740,13,0,0,17.0,64.0,114.0,51.0,48.0,19.0,396.0,30.0,50.0,80.0,130.0,6,2011-01-06,1,6,0,2011,1,6,115.22417
740,13,0,0,9.0,26.0,44.0,18.0,17.0,5.0,486.0,20.0,10.0,20.0,30.0,8,2010-01-07,2,3,0,2010,1,7,70.80003
740,13,0,0,29.0,48.0,80.0,32.0,19.0,8.0,821.0,50.0,20.0,50.0,70.0,9,2010-01-01,2,10,0,2010,1,1,78.934425
740,13,0,0,28.0,48.0,80.0,32.0,20.0,8.0,817.0,50.0,20.0,50.0,70.0,9,2010-01-02,2,10,0,2010,1,2,80.28764
740,13,0,0,28.0,47.0,79.0,32.0,19.0,8.0,813.0,40.0,20.0,40.0,60.0,9,2010-01-03,2,10,0,2010,1,3,82.534966
740,13,0,0,73.0,134.0,222.0,88.0,61.0,29.0,653.0,70.0,70.0,120.0,190.0,11,2010-01-04,3,5,1,2010,1,4,227.54022
740,13,0,0,104.0,172.0,286.0,114.0,68.0,37.0,822.0,100.0,90.0,160.0,250.0,11,2010-01-07,3,5,1,2010,1,7,251.75189
740,13,0,0,144.0,172.0,283.0,114.0,63.0,37.0,822.0,100.0,90.0,160.0,250.0,11,2011-01-07,3,5,1,2011,1,7,259.7039
740,13,0,0,121.0,186.0,320.0,134.0,65.0,41.0,690.0,90.0,110.0,150.0,260.0,12,2010-01-12,3,8,1,2010,1,12,260.17303
740,13,0,0,105.0,120.0,220.0,86.0,49.0,26.0,490.0,70.0,70.0,110.0,180.0,12,2011-01-02,3,8,1,2011,1,2,242.03079
740,13,0,0,132.0,143.0,261.0,102.0,54.0,31.0,666.0,70.0,80.0,120.0,200.0,12,2011-01-11,3,8,1,2011,1,11,260.14682
754,3,1,0,63.0,120.0,200.0,80.0,57.0,26.0,640.0,80.0,70.0,120.0,190.0,2,2010-01-02,0,4,1,2010,1,2,211.22491
754,3,1,0,63.0,119.0,197.0,78.0,56.0,25.0,798.0,60.0,70.0,100.0,170.0,2,2010-01-11,0,4,1,2010,1,11,219.07016
754,3,1,0,73.0,133.0,221.0,88.0,60.0,29.0,817.0,80.0,70.0,120.0,190.0,2,2010-01-12,0,4,1,2010,1,12,238.3736
754,3,1,0,108.0,141.0,233.0,94.0,59.0,31.0,697.0,90.0,90.0,130.0,220.0,2,2011-01-05,0,4,1,2011,1,5,252.60829
754,3,1,0,67.0,116.0,200.0,84.0,49.0,26.0,500.0,70.0,80.0,110.0,190.0,3,2010-01-01,0,7,0,2010,1,1,211.70868
754,3,1,0,145.0,155.0,285.0,112.0,57.0,34.0,502.0,100.0,100.0,150.0,250.0,3,2011-01-04,0,7,0,2011,1,4,267.18192
754,3,1,0,178.0,195.0,333.0,141.0,61.0,43.0,692.0,130.0,130.0,180.0,310.0,3,2011-01-07,0,7,0,2011,1,7,301.6004
754,3,1,0,28.0,48.0,81.0,33.0,20.0,9.0,777.0,40.0,30.0,50.0,80.0,13,2010-01-01,3,9,1,2010,1,1,105.07688
754,3,1,0,47.0,72.0,121.0,49.0,25.0,13.0,779.0,60.0,50.0,80.0,130.0,13,2010-01-04,3,9,1,2010,1,4,111.704575
754,3,1,0,73.0,75.0,134.0,51.0,26.0,14.0,857.0,60.0,50.0,80.0,130.0,13,2011-01-09,3,9,1,2011,1,9,127.43269
754,3,1,0,15.0,130.0,224.0,94.0,115.0,85.0,694.0,20.0,90.0,120.0,210.0,5,2010-01-11,1,2,1,2010,1,11,214.19272
754,3,1,0,25.0,130.0,238.0,93.0,113.0,84.0,692.0,40.0,80.0,130.0,210.0,5,2011-01-09,1,2,1,2011,1,9,242.93327
754,3,1,0,50.0,103.0,180.0,77.0,53.0,25.0,432.0,60.0,70.0,100.0,170.0,6,2010-01-01,1,6,0,2010,1,1,185.81032
754,3,1,0,86.0,112.0,208.0,83.0,54.0,27.0,433.0,80.0,70.0,120.0,190.0,6,2011-01-04,1,6,0,2011,1,4,216.32295
754,3,1,0,98.0,130.0,225.0,97.0,55.0,32.0,575.0,80.0,90.0,130.0,220.0,6,2011-01-07,1,6,0,2011,1,7,240.31421
754,3,1,0,34.0,62.0,110.0,48.0,28.0,15.0,617.0,30.0,30.0,50.0,80.0,8,2010-01-02,2,3,0,2010,1,2,103.0448
754,3,1,0,50.0,62.0,117.0,48.0,28.0,15.0,617.0,30.0,30.0,50.0,80.0,8,2011-01-02,2,3,0,2011,1,2,118.9373
754,3,1,0,19.0,74.0,133.0,59.0,55.0,22.0,377.0,30.0,40.0,60.0,100.0,9,2010-01-06,2,10,0,2010,1,6,138.03593
754,3,1,0,26.0,74.0,132.0,59.0,51.0,22.0,377.0,30.0,40.0,60.0,100.0,9,2011-01-06,2,10,0,2011,1,6,142.3176
754,3,1,0,39.0,82.0,151.0,69.0,43.0,21.0,965.0,40.0,50.0,60.0,110.0,10,2010-01-04,2,11,0,2010,1,4,155.08148
754,3,1,0,79.0,99.0,194.0,83.0,46.0,25.0,1063.0,50.0,60.0,80.0,140.0,10,2011-01-09,2,11,0,2011,1,9,188.00896
754,3,1,0,32.0,52.0,87.0,35.0,20.0,9.0,875.0,50.0,30.0,60.0,90.0,11,2010-01-09,3,5,1,2010,1,9,96.96525
760,0,3,0,54.0,108.0,180.0,72.0,54.0,23.0,558.0,50.0,40.0,80.0,120.0,13,2010-01-01,3,9,1,2010,1,1,166.1163
760,0,3,0,39.0,90.0,150.0,60.0,51.0,19.0,656.0,40.0,30.0,70.0,100.0,13,2010-01-09,3,9,1,2010,1,9,150.12695
760,0,3,0,111.0,152.0,256.0,104.0,41.0,29.0,871.0,120.0,80.0,140.0,220.0,8,2010-01-05,2,3,0,2010,1,5,265.72458
760,0,3,0,125.0,117.0,211.0,81.0,33.0,22.0,984.0,80.0,70.0,110.0,180.0,8,2011-01-11,2,3,0,2011,1,11,236.74333
760,0,3,0,102.0,109.0,206.0,84.0,40.0,27.0,603.0,60.0,70.0,90.0,160.0,10,2011-01-03,2,11,0,2011,1,3,203.68343
760,0,3,0,133.0,178.0,301.0,123.0,45.0,34.0,941.0,100.0,80.0,120.0,200.0,11,2010-01-08,3,5,1,2010,1,8,313.19247
760,0,3,0,145.0,145.0,243.0,100.0,37.0,28.0,598.0,90.0,60.0,100.0,160.0,12,2011-01-08,3,8,1,2011,1,8,214.54652
760,0,3,0,70.0,73.0,131.0,50.0,26.0,14.0,589.0,40.0,30.0,50.0,80.0,12,2011-01-11,3,8,1,2011,1,11,174.31725
760,0,3,0,149.0,239.0,478.0,239.0,90.0,66.0,1417.0,150.0,220.0,230.0,450.0,4,2010-01-03,1,1,1,2010,1,3,465.10843
772,3,1,0,89.0,143.0,245.0,102.0,54.0,31.0,666.0,90.0,90.0,130.0,220.0,3,2010-01-11,0,7,0,2010,1,11,235.95483
772,3,1,0,113.0,127.0,232.0,91.0,51.0,28.0,656.0,90.0,70.0,110.0,180.0,3,2011-01-10,0,7,0,2011,1,10,264.8032
772,3,1,0,68.0,70.0,126.0,48.0,24.0,13.0,851.0,60.0,50.0,70.0,120.0,13,2011-01-10,3,9,1,2011,1,10,108.74174
772,3,1,0,35.0,154.0,262.0,110.0,120.0,100.0,665.0,40.0,100.0,150.0,250.0,5,2011-01-06,1,2,1,2011,1,6,240.18784
772,3,1,0,87.0,121.0,210.0,91.0,54.0,30.0,533.0,80.0,80.0,120.0,200.0,6,2011-01-06,1,6,0,2011,1,6,226.42609
772,3,1,0,76.0,103.0,192.0,77.0,52.0,25.0,557.0,60.0,70.0,100.0,170.0,6,2011-01-11,1,6,0,2011,1,11,201.42033
772,3,1,0,12.0,32.0,56.0,24.0,20.0,7.0,567.0,20.0,10.0,30.0,40.0,8,2010-01-12,2,3,0,2010,1,12,93.53585
772,3,1,0,12.0,66.0,120.0,54.0,54.0,20.0,301.0,20.0,40.0,50.0,90.0,9,2010-01-03,2,10,0,2010,1,3,114.5615
772,3,1,0,22.0,70.0,135.0,57.0,55.0,21.0,313.0,20.0,40.0,50.0,90.0,9,2011-01-04,2,10,0,2011,1,4,138.06596
772,3,1,0,39.0,81.0,150.0,69.0,42.0,21.0,965.0,40.0,50.0,60.0,110.0,10,2010-01-01,2,11,0,2010,1,1,147.33917
772,3,1,0,57.0,65.0,109.0,45.0,22.0,12.0,885.0,50.0,40.0,70.0,110.0,11,2011-01-07,3,5,1,2011,1,7,117.623375
773,4,0,0,177.0,213.0,391.0,154.0,94.0,50.0,829.0,140.0,160.0,220.0,380.0,2,2011-01-03,0,4,1,2011,1,3,396.60382
773,4,0,0,141.0,150.0,271.0,104.0,55.0,33.0,596.0,100.0,110.0,150.0,260.0,3,2011-01-02,0,7,0,2011,1,2,310.50784
773,4,0,0,230.0,349.0,612.0,263.0,119.0,86.0,1433.0,300.0,300.0,420.0,720.0,5,2010-01-05,1,2,1,2010,1,5,577.3182
773,4,0,0,317.0,349.0,607.0,263.0,111.0,86.0,1433.0,300.0,300.0,420.0,720.0,5,2011-01-05,1,2,1,2011,1,5,580.69196
773,4,0,0,333.0,362.0,628.0,272.0,113.0,89.0,1616.0,300.0,310.0,430.0,740.0,5,2011-01-06,1,2,1,2011,1,6,598.3675
773,4,0,0,362.0,392.0,681.0,295.0,121.0,97.0,1714.0,340.0,340.0,470.0,810.0,5,2011-01-08,1,2,1,2011,1,8,615.6161
773,4,0,0,148.0,239.0,478.0,239.0,91.0,66.0,1417.0,200.0,270.0,290.0,560.0,6,2010-01-03,1,6,0,2010,1,3,441.5509
773,4,0,0,218.0,228.0,510.0,228.0,92.0,63.0,1459.0,180.0,260.0,270.0,530.0,6,2011-01-01,1,6,0,2011,1,1,462.354
773,4,0,0,228.0,261.0,516.0,260.0,89.0,72.0,1559.0,210.0,300.0,310.0,610.0,6,2011-01-05,1,6,0,2011,1,5,462.4392
773,4,0,0,230.0,249.0,531.0,249.0,94.0,69.0,1775.0,210.0,280.0,300.0,580.0,6,2011-01-09,1,6,0,2011,1,9,461.93146
773,4,0,0,221.0,239.0,509.0,239.0,90.0,66.0,1755.0,300.0,340.0,370.0,710.0,6,2011-01-10,1,6,0,2011,1,10,455.03314
773,4,0,0,233.0,251.0,534.0,250.0,94.0,70.0,1820.0,240.0,320.0,320.0,640.0,6,2011-01-12,1,6,0,2011,1,12,459.12555
773,4,0,0,112.0,152.0,256.0,104.0,40.0,29.0,821.0,120.0,80.0,140.0,220.0,8,2010-01-05,2,3,0,2010,1,5,283.0538
773,4,0,0,148.0,130.0,245.0,89.0,37.0,24.0,777.0,100.0,70.0,120.0,190.0,8,2011-01-01,2,3,0,2011,1,1,290.5074
773,4,0,0,155.0,152.0,254.0,104.0,37.0,29.0,821.0,120.0,80.0,140.0,220.0,8,2011-01-05,2,3,0,2011,1,5,287.21075
773,4,0,0,68.0,107.0,190.0,83.0,39.0,27.0,613.0,60.0,70.0,90.0,160.0,9,2010-01-02,2,10,0,2010,1,2,173.77368
773,4,0,0,27.0,52.0,92.0,40.0,25.0,13.0,536.0,30.0,30.0,50.0,80.0,9,2010-01-11,2,10,0,2010,1,11,123.69587
773,4,0,0,29.0,56.0,99.0,43.0,27.0,14.0,531.0,30.0,40.0,50.0,90.0,9,2010-01-12,2,10,0,2010,1,12,130.87448
773,4,0,0,106.0,107.0,213.0,83.0,41.0,27.0,623.0,60.0,70.0,90.0,160.0,9,2011-01-01,2,10,0,2011,1,1,193.31595
773,4,0,0,101.0,107.0,202.0,83.0,39.0,27.0,613.0,60.0,70.0,90.0,160.0,9,2011-01-02,2,10,0,2011,1,2,190.88982
773,4,0,0,94.0,107.0,188.0,83.0,36.0,27.0,584.0,60.0,70.0,90.0,160.0,9,2011-01-05,2,10,0,2011,1,5,188.2201
773,4,0,0,92.0,107.0,188.0,83.0,37.0,27.0,574.0,60.0,70.0,90.0,160.0,9,2011-01-06,2,10,0,2011,1,6,194.71532
773,4,0,0,99.0,112.0,197.0,87.0,37.0,28.0,564.0,70.0,70.0,100.0,170.0,9,2011-01-07,2,10,0,2011,1,7,200.67772
773,4,0,0,101.0,139.0,234.0,95.0,38.0,26.0,821.0,100.0,80.0,120.0,200.0,10,2010-01-01,2,11,0,2010,1,1,229.11539
773,4,0,0,102.0,139.0,234.0,95.0,37.0,26.0,799.0,100.0,80.0,120.0,200.0,10,2010-01-03,2,11,0,2010,1,3,232.93597
773,4,0,0,112.0,152.0,256.0,104.0,40.0,29.0,871.0,120.0,80.0,140.0,220.0,10,2010-01-05,2,11,0,2010,1,5,244.10844
773,4,0,0,106.0,145.0,245.0,100.0,39.0,28.0,981.0,110.0,80.0,130.0,210.0,10,2010-01-09,2,11,0,2010,1,9,255.73349
773,4,0,0,157.0,145.0,261.0,100.0,39.0,28.0,981.0,110.0,80.0,130.0,210.0,10,2011-01-09,2,11,0,2011,1,9,272.3761
773,4,0,0,53.0,108.0,180.0,72.0,55.0,23.0,541.0,40.0,60.0,90.0,150.0,12,2010-01-03,3,8,1,2010,1,3,177.67245
773,4,0,0,40.0,90.0,150.0,60.0,50.0,19.0,656.0,40.0,50.0,80.0,130.0,12,2010-01-09,3,8,1,2010,1,9,171.00124
773,4,0,0,73.0,102.0,181.0,68.0,53.0,22.0,559.0,40.0,50.0,90.0,140.0,12,2011-01-04,3,8,1,2011,1,4,190.9117
774,7,1,0,340.0,395.0,470.0,75.0,55.0,24.0,235.0,330.0,70.0,370.0,440.0,2,2010-01-02,0,4,1,2010,1,2,499.7265
774,7,1,0,397.0,451.0,519.0,68.0,54.0,22.0,-348.0,400.0,60.0,430.0,490.0,2,2010-01-04,0,4,1,2010,1,4,517.58264
774,7,1,0,543.0,420.0,524.0,72.0,54.0,23.0,-54.0,360.0,60.0,400.0,460.0,2,2011-01-03,0,4,1,2011,1,3,532.17615
774,7,1,0,755.0,595.0,643.0,54.0,45.0,17.0,-1006.0,530.0,50.0,560.0,610.0,2,2011-01-06,0,4,1,2011,1,6,587.10803
774,7,1,0,690.0,516.0,614.0,60.0,51.0,19.0,-2572.0,460.0,50.0,490.0,540.0,2,2011-01-09,0,4,1,2011,1,9,580.8487
774,7,1,0,24.0,32.0,56.0,21.0,16.0,5.0,454.0,20.0,20.0,30.0,50.0,13,2011-01-04,3,9,1,2011,1,4,55.983017
774,7,1,0,12.0,26.0,44.0,18.0,16.0,5.0,486.0,20.0,10.0,30.0,40.0,13,2011-01-07,3,9,1,2011,1,7,48.89657
774,7,1,0,37.0,44.0,78.0,29.0,19.0,8.0,490.0,30.0,30.0,40.0,70.0,13,2011-01-12,3,9,1,2011,1,12,70.46712
774,7,1,0,-11.0,65.0,116.0,51.0,76.0,46.0,542.0,30.0,30.0,70.0,100.0,5,2010-01-10,1,2,1,2010,1,10,121.68894
774,7,1,0,-8.0,68.0,120.0,52.0,76.0,47.0,554.0,0.0,50.0,60.0,110.0,5,2010-01-11,1,2,1,2010,1,11,117.82542
774,7,1,0,-6.0,74.0,136.0,54.0,78.0,49.0,451.0,10.0,50.0,70.0,120.0,5,2011-01-02,1,2,1,2011,1,2,130.93759
774,7,1,0,-6.0,73.0,133.0,52.0,77.0,47.0,446.0,20.0,40.0,80.0,120.0,5,2011-01-03,1,2,1,2011,1,3,130.34857
774,7,1,0,-16.0,65.0,124.0,51.0,76.0,46.0,542.0,30.0,30.0,70.0,100.0,5,2011-01-10,1,2,1,2011,1,10,133.84679
774,7,1,0,19.0,67.0,129.0,54.0,54.0,20.0,337.0,20.0,40.0,50.0,90.0,9,2011-01-04,2,10,0,2011,1,4,137.62491
774,7,1,0,15.0,64.0,114.0,51.0,49.0,19.0,419.0,20.0,30.0,50.0,80.0,9,2011-01-07,2,10,0,2011,1,7,130.03792
774,7,1,0,9.0,57.0,109.0,45.0,51.0,17.0,409.0,10.0,30.0,40.0,70.0,9,2011-01-09,2,10,0,2011,1,9,126.21667
774,7,1,0,10.0,57.0,110.0,46.0,50.0,17.0,422.0,10.0,30.0,40.0,70.0,9,2011-01-12,2,10,0,2011,1,12,140.90654
774,7,1,0,30.0,42.0,70.0,29.0,19.0,8.0,835.0,30.0,30.0,40.0,70.0,11,2011-01-05,3,5,1,2011,1,5,76.64926
774,7,1,0,147.0,170.0,362.0,170.0,71.0,47.0,1073.0,110.0,160.0,170.0,330.0,7,2011-01-02,1,12,1,2011,1,2,358.5435
774,7,1,0,140.0,163.0,346.0,162.0,69.0,45.0,1059.0,100.0,150.0,160.0,310.0,7,2011-01-03,1,12,1,2011,1,3,346.16547
774,7,1,0,129.0,155.0,330.0,155.0,68.0,43.0,1280.0,100.0,140.0,160.0,300.0,7,2011-01-09,1,12,1,2011,1,9,325.46054
775,9,3,1,-5.0,41.0,74.0,33.0,46.0,12.0,193.0,10.0,40.0,50.0,90.0,2,2010-01-02,0,4,1,2010,1,2,73.768036
775,9,3,1,-2.0,44.0,79.0,35.0,46.0,13.0,197.0,10.0,40.0,50.0,90.0,2,2010-01-04,0,4,1,2010,1,4,81.944405
775,9,3,1,-1.0,46.0,82.0,36.0,47.0,13.0,252.0,20.0,40.0,60.0,100.0,2,2010-01-07,0,4,1,2010,1,7,103.05237
775,9,3,1,-2.0,43.0,77.0,34.0,45.0,12.0,240.0,30.0,40.0,60.0,100.0,2,2010-01-10,0,4,1,2010,1,10,81.891426
775,9,3,1,-4.0,41.0,74.0,33.0,45.0,12.0,243.0,10.0,30.0,50.0,80.0,2,2010-01-11,0,4,1,2010,1,11,76.63144
775,9,3,1,1.0,49.0,88.0,39.0,48.0,14.0,250.0,20.0,40.0,60.0,100.0,2,2010-01-12,0,4,1,2010,1,12,84.051
775,9,3,1,-5.0,42.0,85.0,34.0,47.0,12.0,197.0,10.0,40.0,50.0,90.0,2,2011-01-01,0,4,1,2011,1,1,90.607056
775,9,3,1,-1.0,46.0,81.0,36.0,44.0,13.0,252.0,20.0,40.0,60.0,100.0,2,2011-01-07,0,4,1,2011,1,7,96.51223
775,9,3,1,1.0,48.0,85.0,38.0,44.0,14.0,248.0,20.0,40.0,60.0,100.0,2,2011-01-08,0,4,1,2011,1,8,109.88706
775,9,3,1,3.0,51.0,97.0,40.0,49.0,15.0,244.0,20.0,50.0,60.0,110.0,2,2011-01-09,0,4,1,2011,1,9,99.28156
775,9,3,1,-6.0,41.0,79.0,33.0,45.0,12.0,243.0,10.0,30.0,50.0,80.0,2,2011-01-11,0,4,1,2011,1,11,91.28222
775,9,3,1,4.0,34.0,62.0,28.0,30.0,8.0,965.0,20.0,30.0,40.0,70.0,3,2010-01-01,0,7,0,2010,1,1,51.802155
775,9,3,1,4.0,33.0,61.0,28.0,29.0,8.0,964.0,20.0,30.0,40.0,70.0,3,2010-01-04,0,7,0,2010,1,4,64.585144
775,9,3,1,6.0,37.0,68.0,31.0,31.0,9.0,976.0,30.0,30.0,50.0,80.0,3,2010-01-05,0,7,0,2010,1,5,70.56622
775,9,3,1,8.0,38.0,70.0,32.0,30.0,9.0,996.0,20.0,40.0,40.0,80.0,3,2010-01-06,0,7,0,2010,1,6,82.97627
775,9,3,1,9.0,41.0,75.0,34.0,32.0,10.0,1010.0,30.0,40.0,50.0,90.0,3,2010-01-07,0,7,0,2010,1,7,85.89558
775,9,3,1,7.0,37.0,68.0,31.0,30.0,9.0,1000.0,50.0,30.0,60.0,90.0,3,2010-01-10,0,7,0,2010,1,10,64.93649
775,9,3,1,5.0,35.0,64.0,29.0,30.0,8.0,1003.0,20.0,30.0,40.0,70.0,3,2010-01-11,0,7,0,2010,1,11,60.829536
775,9,3,1,9.0,35.0,67.0,28.0,29.0,8.0,961.0,20.0,30.0,40.0,70.0,3,2011-01-02,0,7,0,2011,1,2,65.0519
775,9,3,1,9.0,35.0,67.0,28.0,29.0,8.0,958.0,20.0,30.0,40.0,70.0,3,2011-01-03,0,7,0,2011,1,3,66.729836
775,9,3,1,8.0,37.0,67.0,31.0,29.0,9.0,976.0,30.0,30.0,50.0,80.0,3,2011-01-05,0,7,0,2011,1,5,65.48269
775,9,3,1,10.0,37.0,72.0,31.0,30.0,9.0,1000.0,50.0,30.0,60.0,90.0,3,2011-01-10,0,7,0,2011,1,10,76.84159
775,9,3,1,12.0,38.0,74.0,31.0,30.0,9.0,1009.0,30.0,30.0,50.0,80.0,3,2011-01-12,0,7,0,2011,1,12,81.0079
775,9,3,1,-340.0,-245.0,32.0,245.0,127.0,93.0,2449.0,-240.0,160.0,-160.0,0.0,13,2010-01-03,3,9,1,2010,1,3,34.714546
775,9,3,1,-404.0,-284.0,21.0,284.0,141.0,107.0,5807.0,-260.0,180.0,-180.0,0.0,13,2010-01-08,3,9,1,2010,1,8,52.196598
775,9,3,1,-430.0,-302.0,19.0,302.0,147.0,114.0,6413.0,-280.0,190.0,-190.0,0.0,13,2010-01-09,3,9,1,2010,1,9,30.856363
775,9,3,1,-408.0,-294.0,31.0,294.0,145.0,111.0,8252.0,-320.0,210.0,-210.0,0.0,13,2010-01-12,3,9,1,2010,1,12,44.611626
775,9,3,1,-552.0,-245.0,19.0,245.0,132.0,93.0,1419.0,-240.0,160.0,-160.0,0.0,13,2011-01-01,3,9,1,2011,1,1,38.729156
775,9,3,1,-508.0,-240.0,25.0,240.0,125.0,91.0,1937.0,-220.0,150.0,-150.0,0.0,13,2011-01-02,3,9,1,2011,1,2,37.29323
775,9,3,1,-505.0,-245.0,34.0,245.0,127.0,93.0,2449.0,-240.0,160.0,-160.0,0.0,13,2011-01-03,3,9,1,2011,1,3,40.26214
775,9,3,1,-509.0,-271.0,37.0,271.0,126.0,102.0,4507.0,-250.0,170.0,-170.0,0.0,13,2011-01-06,3,9,1,2011,1,6,38.90839
775,9,3,1,-522.0,-270.0,27.0,270.0,126.0,102.0,5230.0,-250.0,170.0,-170.0,0.0,13,2011-01-07,3,9,1,2011,1,7,42.346996
775,9,3,1,-558.0,-284.0,21.0,284.0,131.0,107.0,5807.0,-260.0,180.0,-180.0,0.0,13,2011-01-08,3,9,1,2011,1,8,51.49123
775,9,3,1,-638.0,-302.0,20.0,302.0,147.0,114.0,6413.0,-280.0,190.0,-190.0,0.0,13,2011-01-09,3,9,1,2011,1,9,43.910896
775,9,3,1,-505.0,-245.0,34.0,245.0,127.0,93.0,7653.0,-280.0,180.0,-180.0,0.0,13,2011-01-11,3,9,1,2011,1,11,43.7295
775,9,3,1,-605.0,-294.0,33.0,294.0,145.0,111.0,8252.0,-320.0,210.0,-210.0,0.0,13,2011-01-12,3,9,1,2011,1,12,57.66617
775,9,3,1,10.0,27.0,45.0,18.0,17.0,5.0,818.0,20.0,10.0,30.0,40.0,5,2010-01-02,1,2,1,2010,1,2,34.102844
775,9,3,1,10.0,27.0,45.0,18.0,17.0,5.0,816.0,20.0,10.0,30.0,40.0,5,2010-01-03,1,2,1,2010,1,3,36.896687
775,9,3,1,13.0,29.0,49.0,20.0,16.0,5.0,829.0,20.0,10.0,30.0,40.0,5,2010-01-05,1,2,1,2010,1,5,48.327362
775,9,3,1,18.0,35.0,58.0,23.0,17.0,6.0,843.0,20.0,20.0,30.0,50.0,5,2010-01-06,1,2,1,2010,1,6,61.627987
775,9,3,1,17.0,36.0,61.0,25.0,19.0,7.0,854.0,20.0,20.0,30.0,50.0,5,2010-01-07,1,2,1,2010,1,7,66.441
775,9,3,1,19.0,38.0,63.0,25.0,19.0,7.0,851.0,30.0,20.0,40.0,60.0,5,2010-01-08,1,2,1,2010,1,8,66.95275
775,9,3,1,12.0,29.0,48.0,19.0,17.0,5.0,848.0,20.0,10.0,30.0,40.0,5,2010-01-09,1,2,1,2010,1,9,48.677204
775,9,3,1,9.0,24.0,39.0,15.0,15.0,4.0,848.0,10.0,10.0,20.0,30.0,5,2010-01-11,1,2,1,2010,1,11,42.561024
775,9,3,1,10.0,25.0,41.0,16.0,15.0,4.0,851.0,10.0,10.0,20.0,30.0,5,2010-01-12,1,2,1,2010,1,12,51.03968
775,9,3,1,16.0,27.0,50.0,18.0,18.0,5.0,821.0,20.0,10.0,30.0,40.0,5,2011-01-01,1,2,1,2011,1,1,45.225117
775,9,3,1,15.0,27.0,48.0,18.0,17.0,5.0,818.0,20.0,10.0,30.0,40.0,5,2011-01-02,1,2,1,2011,1,2,42.055733
775,9,3,1,18.0,29.0,49.0,20.0,15.0,5.0,829.0,20.0,10.0,30.0,40.0,5,2011-01-05,1,2,1,2011,1,5,42.661747
775,9,3,1,21.0,31.0,55.0,21.0,17.0,5.0,846.0,20.0,10.0,20.0,30.0,5,2011-01-10,1,2,1,2011,1,10,56.526955
775,9,3,1,13.0,24.0,42.0,15.0,15.0,4.0,848.0,10.0,10.0,20.0,30.0,5,2011-01-11,1,2,1,2011,1,11,52.102333
775,9,3,1,15.0,25.0,44.0,16.0,15.0,4.0,851.0,10.0,10.0,20.0,30.0,5,2011-01-12,1,2,1,2011,1,12,60.580982
775,9,3,1,11.0,26.0,43.0,17.0,15.0,4.0,777.0,20.0,10.0,30.0,40.0,6,2010-01-01,1,6,0,2010,1,1,47.039547
775,9,3,1,11.0,28.0,47.0,19.0,17.0,5.0,774.0,20.0,10.0,30.0,40.0,6,2010-01-02,1,6,0,2010,1,2,49.53188
775,9,3,1,10.0,25.0,41.0,16.0,15.0,4.0,772.0,10.0,10.0,20.0,30.0,6,2010-01-03,1,6,0,2010,1,3,52.987255
775,9,3,1,10.0,26.0,43.0,17.0,16.0,4.0,776.0,20.0,10.0,30.0,40.0,6,2010-01-04,1,6,0,2010,1,4,59.081768
775,9,3,1,13.0,29.0,49.0,20.0,16.0,5.0,784.0,20.0,10.0,30.0,40.0,6,2010-01-05,1,6,0,2010,1,5,66.04377
775,9,3,1,17.0,34.0,56.0,22.0,17.0,6.0,802.0,20.0,20.0,30.0,50.0,6,2010-01-11,1,6,0,2010,1,11,58.27946
775,9,3,1,15.0,25.0,44.0,16.0,15.0,4.0,772.0,10.0,10.0,20.0,30.0,6,2011-01-03,1,6,0,2011,1,3,62.733456
775,9,3,1,15.0,26.0,46.0,17.0,16.0,4.0,776.0,20.0,10.0,30.0,40.0,6,2011-01-04,1,6,0,2011,1,4,63.519955
775,9,3,1,21.0,32.0,53.0,21.0,16.0,5.0,798.0,20.0,20.0,30.0,50.0,6,2011-01-06,1,6,0,2011,1,6,70.35235
775,9,3,1,17.0,29.0,49.0,20.0,16.0,5.0,808.0,20.0,10.0,30.0,40.0,6,2011-01-07,1,6,0,2011,1,7,79.02002
775,9,3,1,23.0,35.0,57.0,23.0,17.0,6.0,806.0,20.0,20.0,30.0,50.0,6,2011-01-08,1,6,0,2011,1,8,94.45252
775,9,3,1,25.0,35.0,62.0,23.0,18.0,6.0,803.0,20.0,20.0,30.0,50.0,6,2011-01-09,1,6,0,2011,1,9,77.43322
775,9,3,1,25.0,35.0,62.0,23.0,18.0,6.0,800.0,30.0,10.0,30.0,40.0,6,2011-01-10,1,6,0,2011,1,10,76.696495
775,9,3,1,25.0,34.0,60.0,22.0,17.0,6.0,802.0,20.0,20.0,30.0,50.0,6,2011-01-11,1,6,0,2011,1,11,70.575264
775,9,3,1,25.0,35.0,62.0,23.0,18.0,6.0,807.0,20.0,20.0,30.0,50.0,6,2011-01-12,1,6,0,2011,1,12,78.64313
775,9,3,1,26.0,169.0,290.0,121.0,143.0,110.0,712.0,40.0,100.0,150.0,250.0,8,2010-01-02,2,3,0,2010,1,2,292.4447
775,9,3,1,27.0,173.0,298.0,125.0,146.0,113.0,700.0,50.0,100.0,160.0,260.0,8,2010-01-03,2,3,0,2010,1,3,296.60596
775,9,3,1,27.0,173.0,298.0,125.0,146.0,113.0,729.0,50.0,100.0,160.0,260.0,8,2010-01-04,2,3,0,2010,1,4,306.14297
775,9,3,1,25.0,168.0,289.0,121.0,143.0,109.0,788.0,40.0,100.0,150.0,250.0,8,2010-01-05,2,3,0,2010,1,5,316.93607
775,9,3,1,37.0,201.0,345.0,144.0,164.0,131.0,874.0,50.0,120.0,180.0,300.0,8,2010-01-06,2,3,0,2010,1,6,343.40884
775,9,3,1,45.0,225.0,387.0,162.0,180.0,147.0,943.0,70.0,130.0,210.0,340.0,8,2010-01-07,2,3,0,2010,1,7,356.8791
775,9,3,1,49.0,239.0,412.0,173.0,190.0,156.0,927.0,70.0,140.0,220.0,360.0,8,2010-01-08,2,3,0,2010,1,8,357.31122
775,9,3,1,26.0,173.0,298.0,125.0,147.0,113.0,898.0,60.0,90.0,150.0,240.0,8,2010-01-10,2,3,0,2010,1,10,314.86606
775,9,3,1,26.0,168.0,289.0,121.0,142.0,109.0,912.0,20.0,110.0,150.0,260.0,8,2010-01-11,2,3,0,2010,1,11,308.7448
775,9,3,1,25.0,145.0,280.0,105.0,135.0,95.0,725.0,30.0,90.0,130.0,220.0,8,2011-01-01,2,3,0,2011,1,1,310.787
775,9,3,1,40.0,173.0,318.0,125.0,146.0,113.0,700.0,50.0,100.0,160.0,260.0,8,2011-01-03,2,3,0,2011,1,3,311.83563
775,9,3,1,40.0,173.0,318.0,125.0,146.0,113.0,729.0,50.0,100.0,160.0,260.0,8,2011-01-04,2,3,0,2011,1,4,316.06464
775,9,3,1,35.0,168.0,286.0,121.0,133.0,109.0,788.0,40.0,100.0,150.0,250.0,8,2011-01-05,2,3,0,2011,1,5,313.04288
775,9,3,1,51.0,201.0,342.0,144.0,153.0,131.0,874.0,50.0,120.0,180.0,300.0,8,2011-01-06,2,3,0,2011,1,6,332.62442
775,9,3,1,111.0,201.0,345.0,144.0,90.0,47.0,862.0,120.0,120.0,180.0,300.0,9,2010-01-01,2,10,0,2010,1,1,365.54794
775,9,3,1,115.0,206.0,354.0,148.0,91.0,48.0,844.0,120.0,120.0,190.0,310.0,9,2010-01-02,2,10,0,2010,1,2,368.25845
775,9,3,1,156.0,265.0,456.0,191.0,109.0,63.0,865.0,160.0,160.0,240.0,400.0,9,2010-01-04,2,10,0,2010,1,4,401.84628
775,9,3,1,160.0,270.0,465.0,195.0,110.0,64.0,956.0,160.0,160.0,240.0,400.0,9,2010-01-05,2,10,0,2010,1,5,413.54416
775,9,3,1,208.0,329.0,567.0,238.0,121.0,78.0,1190.0,200.0,200.0,290.0,490.0,9,2010-01-07,2,10,0,2010,1,7,464.80774
775,9,3,1,163.0,271.0,467.0,196.0,108.0,64.0,1167.0,170.0,160.0,250.0,410.0,9,2010-01-08,2,10,0,2010,1,8,457.85986
775,9,3,1,194.0,310.0,534.0,224.0,116.0,73.0,1191.0,170.0,210.0,280.0,490.0,9,2010-01-12,2,10,0,2010,1,12,444.5199
775,9,3,1,173.0,201.0,386.0,144.0,94.0,47.0,862.0,120.0,120.0,180.0,300.0,9,2011-01-01,2,10,0,2011,1,1,382.57858
775,9,3,1,171.0,206.0,377.0,148.0,91.0,48.0,844.0,120.0,120.0,190.0,310.0,9,2011-01-02,2,10,0,2011,1,2,381.3778
775,9,3,1,225.0,271.0,463.0,196.0,100.0,64.0,1167.0,170.0,160.0,250.0,410.0,9,2011-01-08,2,10,0,2011,1,8,456.37775
775,9,3,1,178.0,213.0,391.0,154.0,93.0,50.0,1132.0,120.0,120.0,170.0,290.0,9,2011-01-10,2,10,0,2011,1,10,429.58478
775,9,3,1,121.0,185.0,312.0,127.0,64.0,40.0,671.0,120.0,100.0,170.0,270.0,10,2010-01-05,2,11,0,2010,1,5,326.76773
775,9,3,1,136.0,204.0,345.0,141.0,68.0,45.0,764.0,130.0,120.0,180.0,300.0,10,2010-01-06,2,11,0,2010,1,6,351.92953
775,9,3,1,150.0,222.0,376.0,154.0,72.0,49.0,833.0,150.0,130.0,200.0,330.0,10,2010-01-07,2,11,0,2010,1,7,369.1249
775,9,3,1,115.0,176.0,298.0,122.0,61.0,39.0,801.0,120.0,100.0,160.0,260.0,10,2010-01-09,2,11,0,2010,1,9,308.04776
775,9,3,1,122.0,185.0,312.0,127.0,63.0,40.0,830.0,120.0,120.0,170.0,290.0,10,2010-01-12,2,11,0,2010,1,12,315.35934
775,9,3,1,134.0,139.0,262.0,95.0,56.0,30.0,608.0,90.0,80.0,120.0,200.0,10,2011-01-01,2,11,0,2011,1,1,281.91766
775,9,3,1,140.0,150.0,271.0,104.0,56.0,33.0,596.0,110.0,80.0,140.0,220.0,10,2011-01-02,2,11,0,2011,1,2,281.17938
775,9,3,1,151.0,158.0,285.0,109.0,56.0,34.0,585.0,110.0,90.0,140.0,230.0,10,2011-01-03,2,11,0,2011,1,3,285.919
775,9,3,1,171.0,178.0,321.0,123.0,63.0,39.0,611.0,110.0,100.0,160.0,260.0,10,2011-01-04,2,11,0,2011,1,4,316.6505
775,9,3,1,188.0,204.0,342.0,141.0,63.0,45.0,764.0,130.0,120.0,180.0,300.0,10,2011-01-06,2,11,0,2011,1,6,335.37207
775,9,3,1,207.0,222.0,373.0,154.0,67.0,49.0,817.0,150.0,130.0,200.0,330.0,10,2011-01-08,2,11,0,2011,1,8,358.34637
775,9,3,1,169.0,176.0,318.0,122.0,62.0,39.0,789.0,130.0,90.0,150.0,240.0,10,2011-01-10,2,11,0,2011,1,10,317.41028
775,9,3,1,159.0,165.0,296.0,113.0,58.0,36.0,803.0,100.0,100.0,150.0,250.0,10,2011-01-11,2,11,0,2011,1,11,312.38165
775,9,3,1,181.0,185.0,332.0,127.0,63.0,40.0,830.0,120.0,120.0,170.0,290.0,10,2011-01-12,2,11,0,2011,1,12,324.73587
775,9,3,1,203.0,312.0,546.0,234.0,109.0,77.0,1310.0,150.0,150.0,220.0,370.0,11,2010-01-01,3,5,1,2010,1,1,524.1535
775,9,3,1,202.0,311.0,545.0,234.0,109.0,77.0,1282.0,150.0,150.0,220.0,370.0,11,2010-01-02,3,5,1,2010,1,2,526.4724
775,9,3,1,241.0,362.0,634.0,272.0,121.0,89.0,1616.0,190.0,170.0,260.0,430.0,11,2010-01-06,3,5,1,2010,1,6,570.587
775,9,3,1,319.0,349.0,607.0,263.0,110.0,86.0,1433.0,170.0,170.0,240.0,410.0,11,2011-01-05,3,5,1,2011,1,5,546.6043
775,9,3,1,328.0,336.0,628.0,253.0,115.0,83.0,1686.0,170.0,160.0,240.0,400.0,11,2011-01-09,3,5,1,2011,1,9,554.2879
775,9,3,1,332.0,341.0,637.0,257.0,117.0,84.0,1662.0,130.0,110.0,180.0,290.0,11,2011-01-10,3,5,1,2011,1,10,550.10266
775,9,3,1,291.0,304.0,567.0,228.0,108.0,75.0,1691.0,140.0,160.0,220.0,380.0,11,2011-01-11,3,5,1,2011,1,11,540.011
775,9,3,1,319.0,329.0,614.0,247.0,114.0,81.0,1744.0,150.0,180.0,240.0,420.0,11,2011-01-12,3,5,1,2011,1,12,547.9057
775,9,3,1,141.0,228.0,456.0,228.0,87.0,63.0,1459.0,100.0,150.0,160.0,310.0,12,2010-01-01,3,8,1,2010,1,1,473.0887
775,9,3,1,149.0,239.0,478.0,239.0,90.0,66.0,1464.0,110.0,150.0,170.0,320.0,12,2010-01-04,3,8,1,2010,1,4,488.27652
775,9,3,1,164.0,261.0,521.0,260.0,97.0,72.0,1559.0,120.0,170.0,180.0,350.0,12,2010-01-05,3,8,1,2010,1,5,500.44418
775,9,3,1,168.0,266.0,532.0,266.0,98.0,74.0,1819.0,130.0,170.0,190.0,360.0,12,2010-01-07,3,8,1,2010,1,7,526.1393
775,9,3,1,167.0,266.0,532.0,266.0,99.0,74.0,1797.0,130.0,170.0,190.0,360.0,12,2010-01-08,3,8,1,2010,1,8,524.83575
775,9,3,1,149.0,239.0,478.0,239.0,90.0,66.0,1755.0,80.0,110.0,120.0,230.0,12,2010-01-10,3,8,1,2010,1,10,484.94894
775,9,3,1,220.0,228.0,510.0,228.0,91.0,63.0,1459.0,100.0,150.0,160.0,310.0,12,2011-01-01,3,8,1,2011,1,1,487.69064
775,9,3,1,211.0,229.0,487.0,228.0,87.0,63.0,1436.0,100.0,150.0,160.0,310.0,12,2011-01-02,3,8,1,2011,1,2,487.1884
775,9,3,1,220.0,239.0,509.0,239.0,91.0,66.0,1417.0,110.0,150.0,170.0,320.0,12,2011-01-03,3,8,1,2011,1,3,489.1801
775,9,3,1,221.0,239.0,509.0,239.0,90.0,66.0,1464.0,110.0,150.0,170.0,320.0,12,2011-01-04,3,8,1,2011,1,4,496.44165
775,9,3,1,226.0,261.0,516.0,260.0,90.0,72.0,1559.0,120.0,170.0,180.0,350.0,12,2011-01-05,3,8,1,2011,1,5,494.79446
775,9,3,1,228.0,261.0,516.0,260.0,89.0,72.0,1715.0,120.0,170.0,180.0,350.0,12,2011-01-06,3,8,1,2011,1,6,506.62308
775,9,3,1,232.0,249.0,531.0,249.0,93.0,69.0,1775.0,110.0,160.0,170.0,330.0,12,2011-01-09,3,8,1,2011,1,9,510.45493
775,9,3,1,221.0,239.0,509.0,239.0,90.0,66.0,1755.0,80.0,110.0,120.0,230.0,12,2011-01-10,3,8,1,2011,1,10,507.48672
775,9,3,1,233.0,251.0,534.0,250.0,94.0,70.0,1820.0,100.0,180.0,180.0,360.0,12,2011-01-12,3,8,1,2011,1,12,517.3161
775,9,3,1,11.0,26.0,43.0,17.0,15.0,4.0,777.0,20.0,10.0,30.0,40.0,4,2010-01-01,1,1,1,2010,1,1,34.641277
775,9,3,1,31.0,43.0,43.0,0.0,12.0,0.0,731.0,30.0,0.0,40.0,40.0,4,2010-01-03,1,1,1,2010,1,3,39.40805
775,9,3,1,32.0,43.0,43.0,0.0,11.0,0.0,688.0,30.0,0.0,40.0,40.0,4,2010-01-04,1,1,1,2010,1,4,45.814175
775,9,3,1,31.0,43.0,43.0,0.0,12.0,0.0,645.0,30.0,0.0,40.0,40.0,4,2010-01-05,1,1,1,2010,1,5,51.78855
775,9,3,1,31.0,43.0,43.0,0.0,12.0,0.0,602.0,30.0,0.0,40.0,40.0,4,2010-01-06,1,1,1,2010,1,6,61.02952
775,9,3,1,31.0,43.0,43.0,0.0,12.0,0.0,387.0,30.0,0.0,40.0,40.0,4,2010-01-11,1,1,1,2010,1,11,34.48197
775,9,3,1,46.0,43.0,46.0,0.0,12.0,0.0,774.0,30.0,0.0,40.0,40.0,4,2011-01-02,1,1,1,2011,1,2,44.3174
775,9,3,1,46.0,43.0,46.0,0.0,12.0,0.0,731.0,30.0,0.0,40.0,40.0,4,2011-01-03,1,1,1,2011,1,3,45.58494
775,9,3,1,47.0,43.0,46.0,0.0,11.0,0.0,688.0,30.0,0.0,40.0,40.0,4,2011-01-04,1,1,1,2011,1,4,49.35622
775,9,3,1,43.0,43.0,43.0,0.0,11.0,0.0,645.0,30.0,0.0,40.0,40.0,4,2011-01-05,1,1,1,2011,1,5,46.94081
775,9,3,1,43.0,43.0,43.0,0.0,11.0,0.0,602.0,30.0,0.0,40.0,40.0,4,2011-01-06,1,1,1,2011,1,6,50.184326
775,9,3,1,44.0,43.0,43.0,0.0,10.0,0.0,559.0,30.0,0.0,40.0,40.0,4,2011-01-07,1,1,1,2011,1,7,53.713234
775,9,3,1,44.0,43.0,43.0,0.0,10.0,0.0,516.0,30.0,0.0,40.0,40.0,4,2011-01-08,1,1,1,2011,1,8,63.780483
775,9,3,1,47.0,43.0,46.0,0.0,11.0,0.0,473.0,30.0,0.0,40.0,40.0,4,2011-01-09,1,1,1,2011,1,9,53.720097
775,9,3,1,46.0,43.0,46.0,0.0,12.0,0.0,387.0,30.0,0.0,40.0,40.0,4,2011-01-11,1,1,1,2011,1,11,45.54788
775,9,3,1,46.0,43.0,46.0,0.0,12.0,0.0,344.0,30.0,0.0,40.0,40.0,4,2011-01-12,1,1,1,2011,1,12,54.026516
781,7,1,0,29.0,48.0,80.0,32.0,19.0,8.0,456.0,40.0,30.0,50.0,80.0,13,2010-01-01,3,9,1,2010,1,1,65.65312
781,7,1,0,16.0,32.0,53.0,21.0,16.0,5.0,454.0,20.0,20.0,30.0,50.0,13,2010-01-04,3,9,1,2010,1,4,54.82045
781,7,1,0,22.0,32.0,56.0,21.0,17.0,5.0,449.0,20.0,20.0,30.0,50.0,13,2011-01-03,3,9,1,2011,1,3,56.401505
781,7,1,0,17.0,29.0,49.0,20.0,16.0,5.0,464.0,20.0,20.0,30.0,50.0,13,2011-01-05,3,9,1,2011,1,5,45.31905
781,7,1,0,12.0,25.0,41.0,16.0,15.0,4.0,484.0,20.0,10.0,30.0,40.0,13,2011-01-08,3,9,1,2011,1,8,51.31471
781,7,1,0,22.0,32.0,56.0,21.0,17.0,5.0,480.0,30.0,20.0,30.0,50.0,13,2011-01-10,3,9,1,2011,1,10,60.60724
781,7,1,0,-23.0,63.0,126.0,63.0,86.0,57.0,435.0,-10.0,60.0,60.0,120.0,5,2010-01-01,1,2,1,2010,1,1,118.02471
781,7,1,0,-4.0,67.0,110.0,44.0,65.0,40.0,543.0,10.0,40.0,60.0,100.0,5,2011-01-06,1,2,1,2011,1,6,137.818
781,7,1,0,18.0,73.0,132.0,59.0,55.0,22.0,331.0,30.0,40.0,60.0,100.0,9,2010-01-02,2,10,0,2010,1,2,119.91623
781,7,1,0,12.0,64.0,115.0,51.0,52.0,19.0,396.0,20.0,30.0,50.0,80.0,9,2010-01-06,2,10,0,2010,1,6,130.35619
781,7,1,0,13.0,66.0,120.0,54.0,53.0,20.0,404.0,20.0,30.0,30.0,60.0,9,2010-01-10,2,10,0,2010,1,10,120.52204
781,7,1,0,26.0,72.0,145.0,58.0,58.0,22.0,338.0,30.0,40.0,60.0,100.0,9,2011-01-01,2,10,0,2011,1,1,135.63306
781,7,1,0,24.0,71.0,137.0,58.0,55.0,22.0,325.0,30.0,40.0,60.0,100.0,9,2011-01-03,2,10,0,2011,1,3,134.60274
781,7,1,0,17.0,64.0,114.0,51.0,48.0,19.0,396.0,20.0,30.0,50.0,80.0,9,2011-01-06,2,10,0,2011,1,6,127.68324
781,7,1,0,26.0,45.0,75.0,30.0,19.0,8.0,820.0,40.0,30.0,50.0,80.0,11,2010-01-04,3,5,1,2010,1,4,76.82245
781,7,1,0,19.0,36.0,60.0,24.0,17.0,6.0,856.0,30.0,20.0,40.0,60.0,11,2010-01-06,3,5,1,2010,1,6,81.92673
781,7,1,0,45.0,48.0,90.0,32.0,20.0,8.0,821.0,40.0,30.0,50.0,80.0,11,2011-01-01,3,5,1,2011,1,1,84.69696
781,7,1,0,87.0,155.0,310.0,155.0,68.0,43.0,1280.0,100.0,140.0,160.0,300.0,7,2010-01-09,1,12,1,2010,1,9,311.05634
781,7,1,0,92.0,161.0,322.0,161.0,69.0,45.0,1267.0,120.0,140.0,160.0,300.0,7,2010-01-10,1,12,1,2010,1,10,323.45874
781,7,1,0,116.0,149.0,295.0,149.0,60.0,41.0,1156.0,100.0,140.0,150.0,290.0,7,2011-01-05,1,12,1,2011,1,5,301.36322
786,3,1,0,93.0,119.0,210.0,78.0,56.0,25.0,798.0,60.0,70.0,100.0,170.0,2,2011-01-11,0,4,1,2011,1,11,257.81332
786,3,1,0,17.0,132.0,227.0,95.0,115.0,86.0,554.0,30.0,90.0,130.0,220.0,5,2010-01-04,1,2,1,2010,1,4,220.94493
786,3,1,0,17.0,129.0,221.0,92.0,112.0,83.0,599.0,40.0,80.0,130.0,210.0,5,2010-01-05,1,2,1,2010,1,5,232.2429
786,3,1,0,25.0,154.0,264.0,110.0,129.0,100.0,665.0,40.0,100.0,150.0,250.0,5,2010-01-06,1,2,1,2010,1,6,246.83014
786,3,1,0,86.0,117.0,202.0,87.0,51.0,28.0,472.0,70.0,80.0,110.0,190.0,6,2011-01-05,1,6,0,2011,1,5,211.02971
786,3,1,0,48.0,62.0,109.0,48.0,25.0,15.0,599.0,30.0,30.0,50.0,80.0,8,2011-01-05,2,3,0,2011,1,5,117.45561
786,3,1,0,25.0,39.0,68.0,30.0,20.0,9.0,581.0,20.0,20.0,30.0,50.0,8,2011-01-08,2,3,0,2011,1,8,128.21477
786,3,1,0,24.0,70.0,134.0,56.0,54.0,21.0,385.0,20.0,30.0,30.0,60.0,9,2011-01-10,2,10,0,2011,1,10,132.37764
786,3,1,0,68.0,96.0,175.0,81.0,44.0,25.0,1046.0,40.0,60.0,70.0,130.0,10,2011-01-06,2,11,0,2011,1,6,174.7795
786,3,1,0,28.0,48.0,80.0,32.0,20.0,8.0,817.0,40.0,30.0,50.0,80.0,11,2010-01-02,3,5,1,2010,1,2,81.12489
801,17,3,1,47.0,92.0,170.0,78.0,45.0,24.0,965.0,80.0,90.0,120.0,210.0,1,2010-01-01,0,0,1,2010,1,1,170.14952
801,17,3,1,24.0,60.0,110.0,50.0,36.0,15.0,1064.0,40.0,60.0,70.0,130.0,1,2010-01-08,0,0,1,2010,1,8,112.56133
801,17,3,1,33.0,74.0,136.0,62.0,41.0,19.0,1059.0,70.0,70.0,100.0,170.0,1,2010-01-09,0,0,1,2010,1,9,132.92215
801,17,3,1,39.0,81.0,150.0,69.0,42.0,21.0,1060.0,50.0,80.0,90.0,170.0,1,2010-01-11,0,0,1,2010,1,11,136.00475
801,17,3,1,73.0,92.0,190.0,78.0,47.0,24.0,965.0,80.0,90.0,120.0,210.0,1,2011-01-01,0,0,1,2011,1,1,183.83098
801,17,3,1,68.0,90.0,176.0,75.0,44.0,23.0,956.0,70.0,90.0,110.0,200.0,1,2011-01-02,0,0,1,2011,1,2,171.06181
801,17,3,1,70.0,91.0,178.0,76.0,44.0,23.0,965.0,70.0,90.0,110.0,200.0,1,2011-01-04,0,0,1,2011,1,4,170.9202
801,17,3,1,44.0,72.0,131.0,60.0,37.0,18.0,1070.0,60.0,70.0,90.0,160.0,1,2011-01-07,0,0,1,2011,1,7,126.74594
801,17,3,1,26.0,71.0,124.0,53.0,45.0,17.0,299.0,60.0,60.0,90.0,150.0,2,2010-01-03,0,4,1,2010,1,3,122.49798
801,17,3,1,19.0,62.0,108.0,46.0,43.0,15.0,367.0,50.0,50.0,80.0,130.0,2,2010-01-06,0,4,1,2010,1,6,116.91569
801,17,3,1,16.0,57.0,100.0,43.0,41.0,14.0,388.0,40.0,50.0,70.0,120.0,2,2010-01-07,0,4,1,2010,1,7,121.305275
801,17,3,1,21.0,65.0,114.0,49.0,44.0,16.0,392.0,50.0,50.0,80.0,130.0,2,2010-01-12,0,4,1,2010,1,12,125.4008
801,17,3,1,39.0,71.0,132.0,53.0,45.0,17.0,299.0,60.0,60.0,90.0,150.0,2,2011-01-03,0,4,1,2011,1,3,135.80173
801,17,3,1,33.0,65.0,120.0,48.0,43.0,15.0,380.0,50.0,60.0,80.0,140.0,2,2011-01-09,0,4,1,2011,1,9,140.19049
801,17,3,1,39.0,105.0,190.0,85.0,66.0,32.0,494.0,70.0,100.0,130.0,230.0,3,2010-01-01,0,7,0,2010,1,1,170.74709
801,17,3,1,24.0,83.0,150.0,67.0,59.0,25.0,599.0,50.0,80.0,100.0,180.0,3,2010-01-09,0,7,0,2010,1,9,154.94475
801,17,3,1,38.0,102.0,184.0,82.0,64.0,31.0,601.0,60.0,90.0,120.0,210.0,3,2010-01-11,0,7,0,2010,1,11,155.9408
801,17,3,1,61.0,105.0,213.0,85.0,69.0,32.0,494.0,70.0,100.0,130.0,230.0,3,2011-01-01,0,7,0,2011,1,1,186.15683
801,17,3,1,50.0,98.0,190.0,80.0,64.0,30.0,494.0,70.0,100.0,120.0,220.0,3,2011-01-04,0,7,0,2011,1,4,173.27771
801,17,3,1,37.0,88.0,159.0,72.0,57.0,27.0,606.0,60.0,90.0,110.0,200.0,3,2011-01-08,0,7,0,2011,1,8,171.75586
801,17,3,1,39.0,85.0,163.0,68.0,59.0,25.0,619.0,50.0,80.0,100.0,180.0,3,2011-01-12,0,7,0,2011,1,12,169.93533
801,17,3,1,-3.0,42.0,76.0,34.0,45.0,12.0,182.0,10.0,20.0,30.0,50.0,13,2010-01-05,3,9,1,2010,1,5,72.71557
801,17,3,1,-3.0,42.0,76.0,34.0,45.0,12.0,211.0,0.0,20.0,30.0,50.0,13,2010-01-11,3,9,1,2010,1,11,67.423355
801,17,3,1,-12.0,36.0,69.0,29.0,44.0,11.0,169.0,10.0,10.0,30.0,40.0,13,2011-01-04,3,9,1,2011,1,4,75.367195
801,17,3,1,-4.0,42.0,75.0,34.0,42.0,12.0,182.0,10.0,20.0,30.0,50.0,13,2011-01-05,3,9,1,2011,1,5,72.13469
801,17,3,1,35.0,63.0,112.0,49.0,28.0,16.0,617.0,40.0,40.0,60.0,100.0,5,2010-01-02,1,2,1,2010,1,2,120.450005
801,17,3,1,34.0,62.0,110.0,48.0,28.0,15.0,611.0,40.0,40.0,60.0,100.0,5,2010-01-03,1,2,1,2010,1,3,122.373436
801,17,3,1,37.0,67.0,119.0,52.0,30.0,17.0,605.0,50.0,40.0,70.0,110.0,5,2010-01-04,1,2,1,2010,1,4,125.120255
801,17,3,1,32.0,60.0,106.0,46.0,28.0,15.0,587.0,40.0,40.0,60.0,100.0,5,2010-01-07,1,2,1,2010,1,7,121.90276
801,17,3,1,62.0,99.0,176.0,77.0,37.0,25.0,581.0,60.0,70.0,90.0,160.0,5,2010-01-08,1,2,1,2010,1,8,142.57964
801,17,3,1,87.0,133.0,236.0,103.0,46.0,33.0,564.0,110.0,80.0,130.0,210.0,5,2010-01-10,1,2,1,2010,1,10,167.0854
801,17,3,1,50.0,62.0,117.0,48.0,28.0,15.0,611.0,40.0,40.0,60.0,100.0,5,2011-01-03,1,2,1,2011,1,3,131.15211
801,17,3,1,48.0,63.0,110.0,48.0,26.0,15.0,593.0,40.0,40.0,60.0,100.0,5,2011-01-06,1,2,1,2011,1,6,121.47102
801,17,3,1,83.0,90.0,169.0,69.0,34.0,22.0,572.0,60.0,60.0,90.0,150.0,5,2011-01-09,1,2,1,2011,1,9,155.61075
801,17,3,1,126.0,130.0,246.0,101.0,45.0,33.0,552.0,90.0,90.0,130.0,220.0,5,2011-01-11,1,2,1,2011,1,11,170.50636
801,17,3,1,31.0,52.0,87.0,35.0,21.0,9.0,894.0,40.0,30.0,50.0,80.0,6,2010-01-07,1,6,0,2010,1,7,153.00314
801,17,3,1,21.0,55.0,93.0,38.0,34.0,12.0,241.0,30.0,30.0,50.0,80.0,8,2010-01-01,2,3,0,2010,1,1,118.78083
801,17,3,1,49.0,90.0,151.0,61.0,41.0,19.0,322.0,60.0,50.0,80.0,130.0,8,2010-01-08,2,3,0,2010,1,8,130.79385
801,17,3,1,33.0,71.0,120.0,49.0,38.0,15.0,310.0,60.0,30.0,60.0,90.0,8,2010-01-10,2,3,0,2010,1,10,137.1854
801,17,3,1,30.0,67.0,113.0,46.0,37.0,14.0,316.0,30.0,40.0,60.0,100.0,8,2010-01-11,2,3,0,2010,1,11,132.06831
801,17,3,1,50.0,72.0,129.0,49.0,38.0,15.0,241.0,30.0,40.0,60.0,100.0,8,2011-01-04,2,3,0,2011,1,4,132.30664
801,17,3,1,50.0,71.0,128.0,49.0,37.0,15.0,315.0,40.0,40.0,60.0,100.0,8,2011-01-09,2,3,0,2011,1,9,140.76637
801,17,3,1,49.0,71.0,128.0,49.0,38.0,15.0,310.0,60.0,30.0,60.0,90.0,8,2011-01-10,2,3,0,2011,1,10,145.4848
801,17,3,1,28.0,74.0,122.0,48.0,46.0,15.0,462.0,40.0,40.0,70.0,110.0,9,2010-01-12,2,10,0,2010,1,12,139.29129
801,17,3,1,58.0,94.0,155.0,62.0,48.0,20.0,436.0,50.0,50.0,80.0,130.0,9,2011-01-06,2,10,0,2011,1,6,137.77194
801,17,3,1,-32.0,18.0,106.0,88.0,50.0,27.0,715.0,-20.0,70.0,20.0,90.0,10,2010-01-03,2,11,0,2010,1,3,107.24665
801,17,3,1,-12.0,49.0,169.0,120.0,61.0,37.0,1334.0,-10.0,100.0,40.0,140.0,10,2010-01-07,2,11,0,2010,1,7,151.99188
801,17,3,1,-41.0,19.0,139.0,120.0,60.0,37.0,1439.0,-30.0,100.0,20.0,120.0,10,2010-01-08,2,11,0,2010,1,8,136.99776
801,17,3,1,-45.0,11.0,115.0,104.0,56.0,32.0,1574.0,-20.0,80.0,20.0,100.0,10,2010-01-09,2,11,0,2010,1,9,121.90004
801,17,3,1,-8.0,40.0,122.0,82.0,48.0,25.0,1804.0,0.0,70.0,40.0,110.0,10,2010-01-11,2,11,0,2010,1,11,119.35223
801,17,3,1,-47.0,18.0,113.0,88.0,50.0,27.0,715.0,-20.0,70.0,20.0,90.0,10,2011-01-03,2,11,0,2011,1,3,115.51472
801,17,3,1,-21.0,38.0,135.0,98.0,49.0,30.0,973.0,-10.0,80.0,30.0,110.0,10,2011-01-05,2,11,0,2011,1,5,134.38719
801,17,3,1,-17.0,49.0,167.0,120.0,57.0,37.0,1334.0,-10.0,100.0,40.0,140.0,10,2011-01-07,2,11,0,2011,1,7,159.8236
801,17,3,1,-57.0,19.0,138.0,120.0,56.0,37.0,1439.0,-30.0,100.0,20.0,120.0,10,2011-01-08,2,11,0,2011,1,8,146.17973
801,17,3,1,-7.0,63.0,107.0,44.0,70.0,40.0,251.0,10.0,20.0,50.0,70.0,11,2010-01-03,3,5,1,2010,1,3,107.63187
801,17,3,1,-3.0,73.0,125.0,52.0,76.0,47.0,313.0,0.0,30.0,50.0,80.0,11,2010-01-06,3,5,1,2010,1,6,112.2671
801,17,3,1,2.0,88.0,151.0,63.0,86.0,57.0,332.0,10.0,40.0,60.0,100.0,11,2010-01-08,3,5,1,2010,1,8,113.85509
801,17,3,1,-6.0,64.0,109.0,45.0,70.0,41.0,320.0,20.0,10.0,40.0,50.0,11,2010-01-10,3,5,1,2010,1,10,116.4088
801,17,3,1,-10.0,61.0,111.0,43.0,68.0,39.0,256.0,10.0,20.0,50.0,70.0,11,2011-01-02,3,5,1,2011,1,2,110.11232
801,17,3,1,0.0,82.0,140.0,59.0,76.0,53.0,338.0,10.0,30.0,60.0,90.0,11,2011-01-07,3,5,1,2011,1,7,115.49699
801,17,3,1,-10.0,62.0,113.0,44.0,69.0,40.0,325.0,10.0,20.0,50.0,70.0,11,2011-01-09,3,5,1,2011,1,9,120.105255
801,17,3,1,14.0,55.0,96.0,41.0,41.0,13.0,239.0,20.0,20.0,40.0,60.0,12,2010-01-06,3,8,1,2010,1,6,105.37207
801,17,3,1,12.0,52.0,91.0,39.0,40.0,12.0,248.0,20.0,20.0,40.0,60.0,12,2010-01-09,3,8,1,2010,1,9,104.10581
801,17,3,1,12.0,51.0,89.0,38.0,39.0,12.0,256.0,10.0,20.0,40.0,60.0,12,2010-01-12,3,8,1,2010,1,12,105.59116
801,17,3,1,14.0,47.0,92.0,35.0,40.0,11.0,196.0,10.0,20.0,30.0,50.0,12,2011-01-01,3,8,1,2011,1,1,104.69041
801,17,3,1,13.0,47.0,87.0,35.0,38.0,11.0,191.0,10.0,20.0,30.0,50.0,12,2011-01-02,3,8,1,2011,1,2,100.35437
801,17,3,1,15.0,49.0,91.0,36.0,39.0,11.0,187.0,10.0,20.0,30.0,50.0,12,2011-01-03,3,8,1,2011,1,3,102.806366
801,17,3,1,16.0,51.0,94.0,37.0,40.0,12.0,195.0,10.0,20.0,30.0,50.0,12,2011-01-04,3,8,1,2011,1,4,105.17869
801,17,3,1,23.0,59.0,102.0,44.0,39.0,14.0,258.0,30.0,20.0,50.0,70.0,12,2011-01-07,3,8,1,2011,1,7,109.114426
801,17,3,1,36.0,57.0,96.0,39.0,21.0,10.0,845.0,50.0,30.0,60.0,90.0,4,2010-01-07,1,1,1,2010,1,7,103.1068
801,17,3,1,28.0,48.0,80.0,32.0,20.0,8.0,841.0,30.0,30.0,40.0,70.0,4,2010-01-08,1,1,1,2010,1,8,97.32351
801,17,3,1,28.0,47.0,79.0,32.0,19.0,8.0,833.0,40.0,20.0,40.0,60.0,4,2010-01-10,1,1,1,2010,1,10,103.70873
801,17,3,1,67.0,70.0,126.0,48.0,25.0,13.0,766.0,50.0,40.0,70.0,110.0,4,2011-01-03,1,1,1,2011,1,3,124.202484
805,0,3,0,-116.0,-21.0,105.0,127.0,59.0,40.0,1215.0,-80.0,160.0,-30.0,130.0,1,2011-01-05,0,0,1,2011,1,5,108.01767
805,0,3,0,357.0,534.0,890.0,356.0,177.0,124.0,2476.0,500.0,440.0,670.0,1110.0,2,2010-01-06,0,4,1,2010,1,6,855.4169
805,0,3,0,26.0,173.0,298.0,125.0,147.0,113.0,729.0,30.0,120.0,160.0,280.0,5,2010-01-04,1,2,1,2010,1,4,313.83115
805,0,3,0,40.0,173.0,318.0,125.0,146.0,113.0,898.0,50.0,110.0,160.0,270.0,5,2011-01-10,1,2,1,2011,1,10,328.85123
805,0,3,0,139.0,185.0,312.0,127.0,46.0,35.0,1007.0,150.0,100.0,170.0,270.0,8,2010-01-07,2,3,0,2010,1,7,306.43277
805,0,3,0,183.0,277.0,512.0,235.0,94.0,72.0,1060.0,180.0,200.0,250.0,450.0,9,2010-01-05,2,10,0,2010,1,5,511.23376
805,0,3,0,62.0,100.0,178.0,78.0,38.0,25.0,593.0,60.0,60.0,90.0,150.0,10,2010-01-04,2,11,0,2010,1,4,181.26723
805,0,3,0,67.0,107.0,190.0,83.0,40.0,27.0,584.0,60.0,70.0,90.0,160.0,10,2010-01-05,2,11,0,2010,1,5,185.1002
805,0,3,0,29.0,56.0,99.0,43.0,27.0,14.0,531.0,30.0,40.0,50.0,90.0,10,2010-01-12,2,11,0,2010,1,12,114.06465
805,0,3,0,96.0,132.0,223.0,91.0,36.0,25.0,777.0,80.0,60.0,90.0,150.0,11,2010-01-04,3,5,1,2010,1,4,239.88432
805,0,3,0,157.0,144.0,259.0,99.0,38.0,27.0,766.0,90.0,60.0,100.0,160.0,11,2011-01-02,3,5,1,2011,1,2,246.63159
805,0,3,0,184.0,178.0,298.0,123.0,42.0,34.0,941.0,100.0,80.0,120.0,200.0,11,2011-01-08,3,5,1,2011,1,8,304.34723
805,0,3,0,190.0,172.0,309.0,118.0,44.0,33.0,930.0,110.0,80.0,130.0,210.0,11,2011-01-11,3,5,1,2011,1,11,264.46387
806,16,2,0,68.0,107.0,190.0,83.0,39.0,27.0,574.0,100.0,100.0,130.0,230.0,3,2010-01-06,0,7,0,2010,1,6,179.74068
806,16,2,0,98.0,112.0,197.0,87.0,38.0,28.0,564.0,110.0,100.0,140.0,240.0,3,2011-01-07,0,7,0,2011,1,7,186.78952
806,16,2,0,62.0,74.0,141.0,58.0,32.0,19.0,548.0,70.0,70.0,90.0,160.0,3,2011-01-09,0,7,0,2011,1,9,156.0225
806,16,2,0,46.0,68.0,121.0,46.0,37.0,14.0,424.0,30.0,40.0,60.0,100.0,9,2011-01-11,2,10,0,2011,1,11,118.88754
806,16,2,0,83.0,108.0,201.0,72.0,58.0,23.0,558.0,50.0,60.0,90.0,150.0,4,2011-01-01,1,1,1,2011,1,1,191.56242
806,16,2,0,88.0,114.0,201.0,75.0,55.0,24.0,-1050.0,40.0,50.0,90.0,140.0,4,2011-01-11,1,1,1,2011,1,11,159.18246
813,3,1,0,106.0,126.0,235.0,84.0,61.0,27.0,651.0,70.0,80.0,110.0,190.0,2,2011-01-01,0,4,1,2011,1,1,237.84401
813,3,1,0,122.0,186.0,320.0,134.0,64.0,41.0,690.0,110.0,120.0,160.0,280.0,3,2010-01-12,0,7,0,2010,1,12,262.0247
813,3,1,0,47.0,72.0,121.0,49.0,25.0,13.0,767.0,60.0,50.0,80.0,130.0,13,2010-01-03,3,9,1,2010,1,3,110.97749
813,3,1,0,22.0,130.0,239.0,94.0,115.0,85.0,694.0,20.0,90.0,120.0,210.0,5,2011-01-11,1,2,1,2011,1,11,224.2023
813,3,1,0,80.0,108.0,200.0,80.0,54.0,26.0,415.0,70.0,70.0,110.0,180.0,6,2011-01-03,1,6,0,2011,1,3,212.95845
813,3,1,0,18.0,39.0,69.0,30.0,21.0,9.0,581.0,20.0,20.0,30.0,50.0,8,2010-01-08,2,3,0,2010,1,8,126.426216
813,3,1,0,40.0,84.0,155.0,71.0,44.0,22.0,950.0,50.0,50.0,70.0,120.0,10,2010-01-03,2,11,0,2010,1,3,153.74767
813,3,1,0,59.0,84.0,165.0,71.0,44.0,22.0,950.0,50.0,50.0,70.0,120.0,10,2011-01-03,2,11,0,2011,1,3,164.47818
813,3,1,0,26.0,45.0,75.0,30.0,19.0,8.0,882.0,30.0,30.0,40.0,70.0,11,2010-01-12,3,5,1,2010,1,12,90.885376
815,4,0,0,167.0,278.0,478.0,200.0,111.0,66.0,1095.0,190.0,210.0,290.0,500.0,2,2010-01-06,0,4,1,2010,1,6,470.61026
815,4,0,0,120.0,213.0,367.0,154.0,93.0,50.0,1132.0,160.0,150.0,220.0,370.0,2,2010-01-10,0,4,1,2010,1,10,423.93777
815,4,0,0,139.0,239.0,412.0,173.0,100.0,57.0,1150.0,140.0,170.0,230.0,400.0,2,2010-01-11,0,4,1,2010,1,11,416.97842
815,4,0,0,173.0,201.0,386.0,144.0,94.0,47.0,862.0,130.0,150.0,210.0,360.0,2,2011-01-01,0,4,1,2011,1,1,396.08768
815,4,0,0,287.0,329.0,562.0,238.0,113.0,78.0,1190.0,230.0,250.0,340.0,590.0,2,2011-01-07,0,4,1,2011,1,7,496.41476
815,4,0,0,178.0,213.0,391.0,154.0,93.0,50.0,1132.0,160.0,150.0,220.0,370.0,2,2011-01-10,0,4,1,2011,1,10,443.02374
815,4,0,0,206.0,239.0,439.0,173.0,100.0,57.0,1150.0,140.0,170.0,230.0,400.0,2,2011-01-11,0,4,1,2011,1,11,436.0644
815,4,0,0,115.0,176.0,298.0,122.0,61.0,39.0,789.0,160.0,110.0,190.0,300.0,3,2010-01-10,0,7,0,2010,1,10,299.74774
815,4,0,0,106.0,165.0,278.0,113.0,59.0,36.0,803.0,110.0,110.0,160.0,270.0,3,2010-01-11,0,7,0,2010,1,11,293.1458
815,4,0,0,151.0,158.0,285.0,109.0,56.0,34.0,585.0,120.0,110.0,170.0,280.0,3,2011-01-03,0,7,0,2011,1,3,308.25574
815,4,0,0,186.0,204.0,342.0,141.0,64.0,45.0,764.0,160.0,140.0,220.0,360.0,3,2011-01-06,0,7,0,2011,1,6,346.73416
815,4,0,0,171.0,176.0,318.0,122.0,61.0,39.0,789.0,160.0,110.0,190.0,300.0,3,2011-01-10,0,7,0,2011,1,10,320.32993
815,4,0,0,224.0,341.0,598.0,257.0,117.0,84.0,1662.0,420.0,370.0,520.0,890.0,5,2010-01-10,1,2,1,2010,1,10,567.3631
815,4,0,0,216.0,329.0,576.0,247.0,113.0,81.0,1744.0,320.0,310.0,420.0,730.0,5,2010-01-12,1,2,1,2010,1,12,572.9092
815,4,0,0,298.0,311.0,581.0,234.0,110.0,77.0,1282.0,260.0,270.0,370.0,640.0,5,2011-01-02,1,2,1,2011,1,2,566.7756
815,4,0,0,221.0,239.0,509.0,239.0,90.0,66.0,1464.0,200.0,270.0,290.0,560.0,6,2011-01-04,1,6,0,2011,1,4,468.98434
815,4,0,0,232.0,266.0,527.0,266.0,91.0,74.0,1819.0,220.0,300.0,320.0,620.0,6,2011-01-07,1,6,0,2011,1,7,495.5049
815,4,0,0,105.0,144.0,243.0,99.0,39.0,27.0,766.0,110.0,80.0,130.0,210.0,8,2010-01-02,2,3,0,2010,1,2,274.8674
815,4,0,0,182.0,178.0,298.0,123.0,43.0,34.0,941.0,140.0,100.0,160.0,260.0,8,2011-01-08,2,3,0,2011,1,8,323.29144
815,4,0,0,139.0,185.0,312.0,127.0,46.0,35.0,1007.0,150.0,100.0,170.0,270.0,10,2010-01-07,2,11,0,2010,1,7,281.02228
815,4,0,0,116.0,157.0,265.0,108.0,41.0,30.0,971.0,120.0,80.0,130.0,210.0,10,2010-01-10,2,11,0,2010,1,10,250.14941
815,4,0,0,147.0,137.0,247.0,95.0,38.0,26.0,809.0,100.0,80.0,120.0,200.0,10,2011-01-02,2,11,0,2011,1,2,245.42114
815,4,0,0,157.0,145.0,261.0,100.0,39.0,28.0,822.0,110.0,80.0,130.0,210.0,10,2011-01-04,2,11,0,2011,1,4,249.14828
815,4,0,0,172.0,157.0,282.0,108.0,41.0,30.0,971.0,120.0,80.0,130.0,210.0,10,2011-01-10,2,11,0,2011,1,10,264.4437
815,4,0,0,84.0,117.0,198.0,81.0,33.0,22.0,441.0,80.0,60.0,110.0,170.0,11,2010-01-03,3,5,1,2010,1,3,182.88373
815,4,0,0,83.0,117.0,198.0,81.0,34.0,22.0,460.0,80.0,60.0,110.0,170.0,11,2010-01-04,3,5,1,2010,1,4,186.96036
815,4,0,0,99.0,136.0,230.0,94.0,37.0,26.0,608.0,90.0,80.0,120.0,200.0,11,2010-01-07,3,5,1,2010,1,7,206.95009
815,4,0,0,84.0,118.0,199.0,81.0,34.0,22.0,588.0,80.0,60.0,110.0,170.0,11,2010-01-09,3,5,1,2010,1,9,183.09616
815,4,0,0,116.0,111.0,199.0,76.0,33.0,21.0,580.0,80.0,50.0,80.0,130.0,11,2011-01-10,3,5,1,2011,1,10,186.21133
815,4,0,0,44.0,96.0,160.0,64.0,52.0,21.0,593.0,50.0,50.0,90.0,140.0,12,2010-01-05,3,8,1,2010,1,5,181.98164
815,4,0,0,31.0,79.0,131.0,52.0,48.0,17.0,668.0,30.0,40.0,70.0,110.0,12,2010-01-07,3,8,1,2010,1,7,195.34177
815,4,0,0,84.0,108.0,201.0,72.0,57.0,23.0,558.0,40.0,60.0,90.0,150.0,12,2011-01-01,3,8,1,2011,1,1,188.68607
815,4,0,0,79.0,108.0,192.0,72.0,55.0,23.0,541.0,40.0,60.0,90.0,150.0,12,2011-01-03,3,8,1,2011,1,3,186.66464
815,4,0,0,41.0,79.0,130.0,52.0,46.0,17.0,662.0,30.0,40.0,70.0,110.0,12,2011-01-08,3,8,1,2011,1,8,197.60559
815,4,0,0,82.0,110.0,194.0,72.0,55.0,23.0,650.0,50.0,50.0,80.0,130.0,12,2011-01-10,3,8,1,2011,1,10,183.06523
816,8,0,1,35.0,98.0,177.0,79.0,63.0,30.0,593.0,70.0,70.0,100.0,170.0,2,2010-01-10,0,4,1,2010,1,10,163.33577
816,8,0,1,46.0,90.0,165.0,75.0,44.0,23.0,956.0,60.0,70.0,100.0,170.0,3,2010-01-02,0,7,0,2010,1,2,152.66768
816,8,0,1,24.0,60.0,110.0,50.0,36.0,15.0,1064.0,30.0,50.0,60.0,110.0,3,2010-01-08,0,7,0,2010,1,8,138.03381
816,8,0,1,36.0,76.0,139.0,63.0,40.0,19.0,1075.0,40.0,60.0,70.0,130.0,3,2010-01-12,0,7,0,2010,1,12,138.24919
816,8,0,1,50.0,74.0,145.0,62.0,40.0,19.0,1059.0,50.0,60.0,80.0,140.0,3,2011-01-09,0,7,0,2011,1,9,147.20865
816,8,0,1,0.0,46.0,82.0,36.0,46.0,13.0,252.0,0.0,30.0,40.0,70.0,13,2010-01-07,3,9,1,2010,1,7,72.61435
816,8,0,1,-6.0,42.0,85.0,34.0,48.0,12.0,197.0,0.0,20.0,40.0,60.0,13,2011-01-01,3,9,1,2011,1,1,77.07085
816,8,0,1,0.0,46.0,81.0,36.0,43.0,13.0,236.0,0.0,30.0,40.0,70.0,13,2011-01-06,3,9,1,2011,1,6,66.72093
816,8,0,1,41.0,64.0,108.0,44.0,23.0,12.0,886.0,50.0,50.0,70.0,120.0,5,2010-01-09,1,2,1,2010,1,9,103.8099
816,8,0,1,36.0,58.0,97.0,39.0,22.0,10.0,799.0,50.0,40.0,70.0,110.0,6,2010-01-05,1,6,0,2010,1,5,92.47535
816,8,0,1,40.0,46.0,82.0,31.0,19.0,8.0,844.0,50.0,30.0,60.0,90.0,6,2011-01-12,1,6,0,2011,1,12,112.95791
816,8,0,1,-6.0,63.0,107.0,44.0,69.0,40.0,251.0,10.0,30.0,60.0,90.0,8,2010-01-03,2,3,0,2010,1,3,117.636536
816,8,0,1,-1.0,82.0,141.0,59.0,83.0,53.0,338.0,10.0,50.0,70.0,120.0,8,2010-01-07,2,3,0,2010,1,7,125.328766
816,8,0,1,-6.0,73.0,124.0,52.0,72.0,47.0,313.0,20.0,40.0,70.0,110.0,8,2011-01-06,2,3,0,2011,1,6,117.67925
816,8,0,1,-47.0,18.0,113.0,88.0,50.0,27.0,715.0,-10.0,70.0,20.0,90.0,9,2011-01-03,2,10,0,2011,1,3,123.30217
816,8,0,1,-57.0,19.0,138.0,120.0,56.0,37.0,1439.0,-20.0,100.0,20.0,120.0,9,2011-01-08,2,10,0,2011,1,8,139.3932
816,8,0,1,9.0,47.0,82.0,35.0,38.0,11.0,191.0,10.0,30.0,40.0,70.0,11,2010-01-02,3,5,1,2010,1,2,94.5782
816,8,0,1,19.0,60.0,105.0,45.0,41.0,14.0,253.0,30.0,30.0,60.0,90.0,11,2010-01-08,3,5,1,2010,1,8,104.90277
816,8,0,1,19.0,55.0,95.0,41.0,38.0,13.0,239.0,20.0,30.0,50.0,80.0,11,2011-01-06,3,5,1,2011,1,6,100.71637
816,8,0,1,1.0,49.0,89.0,40.0,48.0,15.0,219.0,0.0,30.0,40.0,70.0,12,2010-01-07,3,8,1,2010,1,7,94.647255
816,8,0,1,1.0,49.0,88.0,40.0,45.0,15.0,219.0,0.0,30.0,40.0,70.0,12,2011-01-07,3,8,1,2011,1,7,89.99577
816,8,0,1,-24.0,25.0,48.0,20.0,41.0,7.0,218.0,-10.0,10.0,20.0,30.0,12,2011-01-12,3,8,1,2011,1,12,131.66074
817,16,2,0,253.0,277.0,507.0,235.0,87.0,72.0,1060.0,270.0,290.0,350.0,640.0,2,2011-01-05,0,4,1,2011,1,5,508.23502
817,16,2,0,197.0,179.0,322.0,123.0,46.0,34.0,915.0,100.0,70.0,120.0,190.0,5,2011-01-10,1,2,1,2011,1,10,263.5925
817,16,2,0,28.0,74.0,129.0,55.0,46.0,18.0,336.0,40.0,50.0,70.0,120.0,8,2010-01-04,2,3,0,2010,1,4,109.85515
817,16,2,0,26.0,62.0,107.0,46.0,40.0,15.0,415.0,30.0,40.0,60.0,100.0,8,2011-01-08,2,3,0,2011,1,8,115.51471
817,16,2,0,59.0,114.0,189.0,75.0,55.0,24.0,-1050.0,40.0,50.0,90.0,140.0,4,2010-01-11,1,1,1,2010,1,11,165.98845
817,16,2,0,41.0,79.0,130.0,52.0,46.0,17.0,-587.0,40.0,40.0,70.0,110.0,4,2011-01-08,1,1,1,2011,1,8,157.35619
818,0,3,0,-76.0,-13.0,110.0,123.0,63.0,39.0,964.0,-70.0,150.0,-20.0,130.0,1,2010-01-04,0,0,1,2010,1,4,112.999725
818,0,3,0,-74.0,-13.0,109.0,122.0,61.0,39.0,2555.0,-60.0,170.0,-20.0,150.0,1,2010-01-10,0,0,1,2010,1,10,109.34209
818,0,3,0,367.0,390.0,693.0,260.0,143.0,91.0,2548.0,470.0,380.0,580.0,960.0,2,2011-01-10,0,4,1,2011,1,10,699.1357
818,0,3,0,-117.0,-26.0,122.0,148.0,91.0,48.0,1071.0,-110.0,180.0,-30.0,150.0,3,2010-01-02,0,7,0,2010,1,2,142.54678
818,0,3,0,-209.0,-32.0,169.0,191.0,109.0,63.0,1564.0,-150.0,240.0,-50.0,190.0,3,2011-01-04,0,7,0,2011,1,4,169.53166
818,0,3,0,-178.0,-24.0,147.0,162.0,96.0,53.0,3421.0,-120.0,200.0,-30.0,170.0,3,2011-01-09,0,7,0,2011,1,9,182.26955
818,0,3,0,30.0,79.0,131.0,52.0,49.0,17.0,662.0,20.0,30.0,50.0,80.0,13,2010-01-08,3,9,1,2010,1,8,149.76355
818,0,3,0,80.0,108.0,192.0,72.0,54.0,23.0,541.0,50.0,40.0,80.0,120.0,13,2011-01-03,3,9,1,2011,1,3,180.4999
818,0,3,0,17.0,145.0,250.0,105.0,128.0,95.0,725.0,20.0,100.0,140.0,240.0,5,2010-01-01,1,2,1,2010,1,1,289.96646
818,0,3,0,26.0,168.0,289.0,121.0,142.0,109.0,912.0,40.0,110.0,170.0,280.0,5,2010-01-11,1,2,1,2010,1,11,319.35483
818,0,3,0,344.0,367.0,672.0,311.0,110.0,96.0,1296.0,240.0,260.0,330.0,590.0,9,2011-01-08,2,10,0,2011,1,8,618.18365
818,0,3,0,64.0,74.0,141.0,58.0,31.0,19.0,548.0,50.0,40.0,70.0,110.0,10,2011-01-09,2,11,0,2011,1,9,159.80234
818,0,3,0,167.0,266.0,532.0,266.0,99.0,74.0,1819.0,170.0,250.0,260.0,510.0,4,2010-01-07,1,1,1,2010,1,7,525.6964
830,16,2,0,246.0,253.0,498.0,214.0,87.0,66.0,923.0,240.0,260.0,320.0,580.0,2,2011-01-03,0,4,1,2011,1,3,498.87143
830,16,2,0,155.0,152.0,254.0,104.0,37.0,29.0,821.0,120.0,80.0,140.0,220.0,5,2011-01-05,1,2,1,2011,1,5,244.0935
830,16,2,0,27.0,72.0,125.0,53.0,45.0,17.0,410.0,40.0,50.0,70.0,120.0,8,2010-01-09,2,3,0,2010,1,9,116.457115
830,16,2,0,28.0,64.0,107.0,43.0,36.0,13.0,424.0,30.0,40.0,60.0,100.0,9,2010-01-09,2,10,0,2010,1,9,113.85016
830,16,2,0,53.0,108.0,180.0,72.0,55.0,23.0,558.0,50.0,60.0,90.0,150.0,4,2010-01-01,1,1,1,2010,1,1,173.5415
830,16,2,0,39.0,90.0,150.0,60.0,51.0,19.0,-718.0,40.0,50.0,70.0,120.0,4,2010-01-09,1,1,1,2010,1,9,164.87396
831,0,3,0,220.0,335.0,587.0,252.0,115.0,83.0,1316.0,220.0,240.0,320.0,560.0,6,2010-01-04,1,6,0,2010,1,4,549.1993
831,0,3,0,143.0,191.0,323.0,132.0,48.0,36.0,994.0,140.0,110.0,170.0,280.0,8,2010-01-08,2,3,0,2010,1,8,308.86945
831,0,3,0,72.0,112.0,199.0,87.0,40.0,28.0,564.0,70.0,70.0,100.0,170.0,10,2010-01-07,2,11,0,2010,1,7,209.72595
831,0,3,0,199.0,179.0,322.0,123.0,45.0,34.0,915.0,80.0,50.0,90.0,140.0,11,2011-01-10,3,5,1,2011,1,10,272.23157
831,0,3,0,98.0,136.0,230.0,94.0,38.0,26.0,608.0,80.0,60.0,90.0,150.0,12,2010-01-07,3,8,1,2010,1,7,232.32297
831,0,3,0,142.0,229.0,457.0,228.0,87.0,63.0,1436.0,150.0,210.0,220.0,430.0,4,2010-01-02,1,1,1,2010,1,2,456.91107
832,16,2,0,161.0,247.0,456.0,209.0,86.0,64.0,969.0,230.0,260.0,310.0,570.0,2,2010-01-04,0,4,1,2010,1,4,477.73114
832,16,2,0,142.0,132.0,238.0,91.0,36.0,25.0,777.0,100.0,70.0,120.0,190.0,5,2011-01-04,1,2,1,2011,1,4,244.08208
832,16,2,0,98.0,136.0,230.0,94.0,38.0,26.0,608.0,90.0,80.0,110.0,190.0,6,2010-01-07,1,6,0,2010,1,7,217.84808
832,16,2,0,125.0,117.0,211.0,81.0,33.0,22.0,460.0,90.0,60.0,110.0,170.0,6,2011-01-04,1,6,0,2011,1,4,222.0135
832,16,2,0,24.0,68.0,118.0,50.0,44.0,16.0,397.0,40.0,40.0,70.0,110.0,8,2010-01-06,2,3,0,2010,1,6,113.71443
832,16,2,0,48.0,102.0,170.0,68.0,54.0,22.0,9.0,50.0,50.0,90.0,140.0,4,2010-01-04,1,1,1,2010,1,4,173.48326
832,16,2,0,55.0,110.0,182.0,72.0,55.0,23.0,-868.0,50.0,40.0,70.0,110.0,4,2010-01-10,1,1,1,2010,1,10,170.1875
845,12,1,0,370.0,548.0,912.0,364.0,178.0,127.0,2654.0,370.0,340.0,520.0,860.0,2,2010-01-07,0,4,1,2010,1,7,864.25586
845,12,1,0,368.0,546.0,910.0,364.0,178.0,127.0,2617.0,370.0,340.0,520.0,860.0,2,2010-01-08,0,4,1,2010,1,8,854.90735
845,12,1,0,271.0,420.0,699.0,279.0,149.0,97.0,2642.0,250.0,250.0,370.0,620.0,2,2010-01-12,0,4,1,2010,1,12,728.2951
845,12,1,0,79.0,112.0,189.0,77.0,33.0,21.0,449.0,90.0,80.0,120.0,200.0,13,2010-01-02,3,9,1,2010,1,2,182.52924
845,12,1,0,145.0,145.0,243.0,100.0,37.0,28.0,598.0,130.0,100.0,160.0,260.0,13,2011-01-08,3,9,1,2011,1,8,222.28893
845,12,1,0,-202.0,-56.0,69.0,125.0,146.0,113.0,3142.0,-170.0,110.0,-60.0,50.0,5,2010-01-10,1,2,1,2010,1,10,89.20544
845,12,1,0,-309.0,-62.0,67.0,125.0,146.0,113.0,1118.0,-190.0,120.0,-60.0,60.0,5,2011-01-03,1,2,1,2011,1,3,82.34619
845,12,1,0,-326.0,-72.0,71.0,144.0,153.0,131.0,1979.0,-210.0,130.0,-60.0,70.0,5,2011-01-06,1,2,1,2011,1,6,90.43997
845,12,1,0,-332.0,-69.0,70.0,135.0,155.0,122.0,3641.0,-210.0,130.0,-70.0,60.0,5,2011-01-12,1,2,1,2011,1,12,105.47167
845,12,1,0,129.0,258.0,513.0,255.0,129.0,96.0,1622.0,70.0,140.0,150.0,290.0,9,2010-01-10,2,10,0,2010,1,10,567.1822
845,12,1,0,137.0,239.0,577.0,302.0,147.0,114.0,1518.0,90.0,220.0,200.0,420.0,9,2011-01-09,2,10,0,2011,1,9,602.207
845,12,1,0,-113.0,-27.0,180.0,207.0,86.0,64.0,965.0,-70.0,150.0,-10.0,140.0,10,2010-01-01,2,11,0,2010,1,1,175.9202
845,12,1,0,-178.0,-33.0,192.0,213.0,87.0,66.0,1214.0,-80.0,160.0,-20.0,140.0,10,2011-01-02,2,11,0,2011,1,2,191.0539
845,12,1,0,-353.0,-139.0,119.0,251.0,99.0,77.0,3948.0,-180.0,190.0,-110.0,80.0,10,2011-01-09,2,11,0,2011,1,9,178.49706
845,12,1,0,157.0,145.0,261.0,100.0,39.0,28.0,981.0,130.0,100.0,160.0,260.0,11,2011-01-09,3,5,1,2011,1,9,257.5237
845,12,1,0,121.0,163.0,276.0,113.0,42.0,31.0,897.0,140.0,110.0,180.0,290.0,12,2010-01-06,3,8,1,2010,1,6,283.49667
847,4,0,0,163.0,271.0,467.0,196.0,108.0,64.0,1167.0,190.0,200.0,290.0,490.0,2,2010-01-08,0,4,1,2010,1,8,478.4565
847,4,0,0,194.0,310.0,534.0,224.0,116.0,73.0,1191.0,190.0,220.0,300.0,520.0,2,2010-01-12,0,4,1,2010,1,12,458.3133
847,4,0,0,95.0,150.0,254.0,104.0,55.0,33.0,596.0,100.0,110.0,150.0,260.0,3,2010-01-02,0,7,0,2010,1,2,285.9005
847,4,0,0,168.0,185.0,309.0,127.0,59.0,40.0,671.0,140.0,130.0,190.0,320.0,3,2011-01-05,0,7,0,2011,1,5,323.44022
847,4,0,0,207.0,222.0,373.0,154.0,67.0,49.0,833.0,170.0,160.0,230.0,390.0,3,2011-01-07,0,7,0,2011,1,7,364.2401
847,4,0,0,171.0,176.0,318.0,122.0,61.0,39.0,801.0,140.0,120.0,190.0,310.0,3,2011-01-09,0,7,0,2011,1,9,330.35345
847,4,0,0,157.0,165.0,296.0,113.0,59.0,36.0,803.0,110.0,110.0,160.0,270.0,3,2011-01-11,0,7,0,2011,1,11,310.7201
847,4,0,0,167.0,266.0,532.0,266.0,99.0,74.0,1797.0,220.0,300.0,320.0,620.0,6,2010-01-08,1,6,0,2010,1,8,487.47177
847,4,0,0,129.0,212.0,423.0,211.0,83.0,59.0,1778.0,200.0,270.0,270.0,540.0,6,2010-01-11,1,6,0,2010,1,11,434.0656
847,4,0,0,230.0,266.0,527.0,266.0,92.0,74.0,1797.0,220.0,300.0,320.0,620.0,6,2011-01-08,1,6,0,2011,1,8,492.00146
847,4,0,0,191.0,212.0,451.0,211.0,83.0,59.0,1778.0,200.0,270.0,270.0,540.0,6,2011-01-11,1,6,0,2011,1,11,454.19855
847,4,0,0,141.0,132.0,238.0,91.0,37.0,25.0,777.0,100.0,70.0,120.0,190.0,8,2011-01-04,2,3,0,2011,1,4,286.78183
847,4,0,0,39.0,68.0,120.0,52.0,29.0,17.0,554.0,40.0,40.0,60.0,100.0,9,2010-01-08,2,10,0,2010,1,8,170.5895
847,4,0,0,99.0,137.0,232.0,95.0,38.0,26.0,809.0,100.0,80.0,120.0,200.0,10,2010-01-02,2,11,0,2010,1,2,231.11577
847,4,0,0,88.0,124.0,210.0,86.0,36.0,24.0,499.0,80.0,70.0,110.0,180.0,11,2010-01-05,3,5,1,2010,1,5,191.06322
847,4,0,0,48.0,73.0,123.0,50.0,25.0,14.0,589.0,40.0,40.0,60.0,100.0,11,2010-01-11,3,5,1,2010,1,11,165.31836
847,4,0,0,121.0,124.0,208.0,86.0,33.0,24.0,499.0,80.0,70.0,110.0,180.0,11,2011-01-05,3,5,1,2011,1,5,190.26668
847,4,0,0,55.0,110.0,182.0,72.0,55.0,23.0,650.0,50.0,50.0,80.0,130.0,12,2010-01-10,3,8,1,2010,1,10,173.9312
850,3,1,0,104.0,172.0,286.0,114.0,68.0,37.0,810.0,120.0,100.0,170.0,270.0,2,2010-01-08,0,4,1,2010,1,8,292.31644
850,3,1,0,108.0,134.0,237.0,88.0,61.0,29.0,653.0,90.0,80.0,130.0,210.0,2,2011-01-04,0,4,1,2011,1,4,250.52792
850,3,1,0,105.0,164.0,282.0,118.0,59.0,36.0,636.0,100.0,110.0,150.0,260.0,3,2010-01-06,0,7,0,2010,1,6,276.08853
850,3,1,0,65.0,68.0,123.0,47.0,24.0,13.0,772.0,60.0,40.0,80.0,120.0,13,2011-01-02,3,9,1,2011,1,2,115.40485
850,3,1,0,24.0,128.0,234.0,92.0,112.0,83.0,541.0,40.0,80.0,130.0,210.0,5,2011-01-02,1,2,1,2011,1,2,218.04518
850,3,1,0,25.0,132.0,242.0,95.0,115.0,86.0,554.0,30.0,90.0,130.0,220.0,5,2011-01-04,1,2,1,2011,1,4,227.76025
850,3,1,0,23.0,129.0,219.0,92.0,104.0,83.0,599.0,40.0,80.0,130.0,210.0,5,2011-01-05,1,2,1,2011,1,5,225.83157
850,3,1,0,73.0,132.0,231.0,99.0,59.0,32.0,565.0,80.0,90.0,130.0,220.0,6,2010-01-08,1,6,0,2010,1,8,236.24202
850,3,1,0,53.0,62.0,123.0,48.0,29.0,15.0,623.0,30.0,30.0,50.0,80.0,8,2011-01-01,2,3,0,2011,1,1,120.71641
850,3,1,0,16.0,70.0,126.0,56.0,54.0,21.0,385.0,20.0,30.0,30.0,60.0,9,2010-01-10,2,10,0,2010,1,10,116.946144
850,3,1,0,42.0,84.0,154.0,70.0,42.0,21.0,957.0,50.0,50.0,70.0,120.0,10,2010-01-02,2,11,0,2010,1,2,151.79898
850,3,1,0,58.0,82.0,161.0,69.0,43.0,21.0,965.0,40.0,50.0,60.0,110.0,10,2011-01-04,2,11,0,2011,1,4,167.3183
850,3,1,0,97.0,123.0,224.0,103.0,49.0,31.0,1073.0,70.0,70.0,100.0,170.0,10,2011-01-08,2,11,0,2011,1,8,199.19225
850,3,1,0,35.0,56.0,94.0,38.0,21.0,10.0,871.0,50.0,40.0,60.0,100.0,11,2010-01-10,3,5,1,2010,1,10,81.83576
850,3,1,0,42.0,48.0,85.0,32.0,20.0,8.0,817.0,40.0,30.0,50.0,80.0,11,2011-01-02,3,5,1,2011,1,2,92.44973
857,7,1,0,348.0,402.0,474.0,72.0,54.0,23.0,-3004.0,330.0,50.0,350.0,400.0,2,2010-01-10,0,4,1,2010,1,10,513.99994
857,7,1,0,505.0,395.0,501.0,75.0,55.0,24.0,235.0,330.0,70.0,370.0,440.0,2,2011-01-02,0,4,1,2011,1,2,525.624
857,7,1,0,516.0,402.0,505.0,72.0,54.0,23.0,-3004.0,330.0,50.0,350.0,400.0,2,2011-01-10,0,4,1,2011,1,10,554.1
857,7,1,0,481.0,379.0,484.0,75.0,55.0,24.0,-3287.0,300.0,60.0,340.0,400.0,2,2011-01-11,0,4,1,2011,1,11,550.9247
857,7,1,0,15.0,32.0,53.0,21.0,17.0,5.0,449.0,20.0,20.0,30.0,50.0,13,2010-01-03,3,9,1,2010,1,3,54.27153
857,7,1,0,25.0,44.0,73.0,29.0,19.0,8.0,490.0,30.0,30.0,40.0,70.0,13,2010-01-12,3,9,1,2010,1,12,74.99771
857,7,1,0,-46.0,46.0,104.0,52.0,77.0,47.0,520.0,-10.0,40.0,50.0,90.0,5,2011-01-09,1,2,1,2011,1,9,127.21878
857,7,1,0,12.0,65.0,118.0,53.0,53.0,20.0,361.0,20.0,40.0,50.0,90.0,9,2010-01-05,2,10,0,2010,1,5,122.63706
857,7,1,0,6.0,57.0,102.0,45.0,51.0,17.0,409.0,10.0,30.0,40.0,70.0,9,2010-01-09,2,10,0,2010,1,9,113.54293
857,7,1,0,22.0,69.0,132.0,55.0,54.0,20.0,410.0,20.0,40.0,50.0,90.0,9,2011-01-11,2,10,0,2011,1,11,116.37672
857,7,1,0,22.0,42.0,71.0,29.0,20.0,8.0,835.0,30.0,30.0,40.0,70.0,11,2010-01-05,3,5,1,2010,1,5,73.77039
857,7,1,0,26.0,36.0,59.0,24.0,16.0,6.0,856.0,30.0,20.0,40.0,60.0,11,2011-01-06,3,5,1,2011,1,6,70.484116
857,7,1,0,113.0,146.0,288.0,145.0,60.0,40.0,1292.0,100.0,130.0,150.0,280.0,7,2011-01-08,1,12,1,2011,1,8,295.15833
857,7,1,0,129.0,153.0,326.0,153.0,66.0,42.0,1319.0,80.0,150.0,140.0,290.0,7,2011-01-12,1,12,1,2011,1,12,328.4187
858,0,3,0,-192.0,-67.0,86.0,154.0,67.0,49.0,2105.0,-150.0,190.0,-90.0,100.0,1,2011-01-08,0,0,1,2011,1,8,97.445366
858,0,3,0,384.0,405.0,719.0,270.0,146.0,94.0,2041.0,370.0,340.0,500.0,840.0,2,2011-01-03,0,4,1,2011,1,3,719.9383
858,0,3,0,58.0,114.0,189.0,75.0,56.0,24.0,549.0,50.0,40.0,80.0,120.0,13,2010-01-02,3,9,1,2010,1,2,174.33179
858,0,3,0,80.0,112.0,189.0,77.0,32.0,21.0,449.0,60.0,50.0,70.0,120.0,12,2010-01-02,3,8,1,2010,1,2,190.1177
860,2,1,1,91.0,155.0,258.0,103.0,64.0,33.0,1130.0,110.0,90.0,150.0,240.0,2,2010-01-09,0,4,1,2010,1,9,252.89708
860,2,1,1,115.0,188.0,313.0,125.0,73.0,41.0,1119.0,130.0,100.0,160.0,260.0,2,2010-01-10,0,4,1,2010,1,10,270.2046
860,2,1,1,180.0,195.0,346.0,130.0,74.0,42.0,945.0,130.0,120.0,180.0,300.0,2,2011-01-02,0,4,1,2011,1,2,315.71838
860,2,1,1,169.0,186.0,329.0,123.0,72.0,40.0,932.0,130.0,110.0,180.0,290.0,2,2011-01-03,0,4,1,2011,1,3,313.324
860,2,1,1,18.0,37.0,62.0,25.0,19.0,7.0,769.0,30.0,20.0,40.0,60.0,13,2010-01-03,3,9,1,2010,1,3,65.96312
860,2,1,1,15.0,31.0,51.0,20.0,16.0,5.0,814.0,20.0,20.0,30.0,50.0,13,2010-01-07,3,9,1,2010,1,7,46.249084
860,2,1,1,17.0,34.0,57.0,23.0,17.0,6.0,809.0,30.0,20.0,40.0,60.0,13,2010-01-09,3,9,1,2010,1,9,60.381607
860,2,1,1,23.0,34.0,56.0,23.0,16.0,6.0,787.0,30.0,20.0,40.0,60.0,13,2011-01-05,3,9,1,2011,1,5,53.15053
860,2,1,1,21.0,31.0,51.0,20.0,15.0,5.0,814.0,20.0,20.0,30.0,50.0,13,2011-01-07,3,9,1,2011,1,7,40.129734
860,2,1,1,7.0,105.0,180.0,75.0,98.0,68.0,522.0,20.0,70.0,100.0,170.0,5,2010-01-01,1,2,1,2010,1,1,153.92212
860,2,1,1,3.0,90.0,155.0,65.0,87.0,58.0,513.0,20.0,60.0,90.0,150.0,5,2010-01-02,1,2,1,2010,1,2,143.11247
860,2,1,1,0.0,87.0,150.0,63.0,87.0,57.0,506.0,10.0,60.0,80.0,140.0,5,2010-01-03,1,2,1,2010,1,3,140.80765
860,2,1,1,0.0,87.0,150.0,63.0,87.0,57.0,521.0,10.0,60.0,80.0,140.0,5,2010-01-04,1,2,1,2010,1,4,146.94873
860,2,1,1,-5.0,66.0,113.0,47.0,71.0,42.0,622.0,20.0,40.0,70.0,110.0,5,2010-01-07,1,2,1,2010,1,7,127.609985
860,2,1,1,-8.0,61.0,105.0,44.0,69.0,39.0,617.0,10.0,40.0,60.0,100.0,5,2010-01-08,1,2,1,2010,1,8,129.1099
860,2,1,1,-3.0,75.0,127.0,53.0,72.0,48.0,597.0,10.0,50.0,70.0,120.0,5,2011-01-06,1,2,1,2011,1,6,127.14531
860,2,1,1,26.0,71.0,124.0,53.0,45.0,17.0,299.0,40.0,50.0,70.0,120.0,6,2010-01-03,1,6,0,2010,1,3,122.92155
860,2,1,1,23.0,65.0,113.0,48.0,42.0,15.0,380.0,40.0,40.0,70.0,110.0,6,2010-01-09,1,6,0,2010,1,9,107.951035
860,2,1,1,21.0,64.0,111.0,47.0,43.0,15.0,375.0,50.0,30.0,60.0,90.0,6,2010-01-10,1,6,0,2010,1,10,108.86052
860,2,1,1,26.0,71.0,124.0,53.0,45.0,17.0,380.0,40.0,50.0,70.0,120.0,6,2010-01-11,1,6,0,2010,1,11,105.91576
860,2,1,1,36.0,68.0,127.0,51.0,44.0,16.0,311.0,40.0,40.0,70.0,110.0,6,2011-01-04,1,6,0,2011,1,4,132.36995
860,2,1,1,30.0,65.0,112.0,48.0,40.0,15.0,334.0,40.0,40.0,70.0,110.0,6,2011-01-05,1,6,0,2011,1,5,114.80647
860,2,1,1,22.0,57.0,99.0,43.0,38.0,14.0,388.0,20.0,40.0,50.0,90.0,6,2011-01-07,1,6,0,2011,1,7,92.05511
860,2,1,1,40.0,105.0,190.0,85.0,65.0,32.0,494.0,40.0,60.0,80.0,140.0,9,2010-01-01,2,10,0,2010,1,1,193.10223
860,2,1,1,33.0,96.0,173.0,77.0,63.0,29.0,529.0,40.0,50.0,80.0,130.0,9,2010-01-05,2,10,0,2010,1,5,177.77322
860,2,1,1,28.0,88.0,160.0,72.0,60.0,27.0,606.0,30.0,50.0,70.0,120.0,9,2010-01-08,2,10,0,2010,1,8,175.58183
860,2,1,1,38.0,102.0,184.0,82.0,64.0,31.0,601.0,30.0,60.0,70.0,130.0,9,2010-01-11,2,10,0,2010,1,11,172.08943
860,2,1,1,62.0,105.0,213.0,85.0,68.0,32.0,494.0,40.0,60.0,80.0,140.0,9,2011-01-01,2,10,0,2011,1,1,209.36949
860,2,1,1,44.0,93.0,167.0,76.0,57.0,28.0,580.0,40.0,50.0,80.0,130.0,9,2011-01-06,2,10,0,2011,1,6,175.9398
860,2,1,1,44.0,93.0,167.0,76.0,57.0,28.0,613.0,40.0,50.0,80.0,130.0,9,2011-01-07,2,10,0,2011,1,7,167.94478
860,2,1,1,40.0,85.0,163.0,68.0,58.0,25.0,619.0,20.0,50.0,60.0,110.0,9,2011-01-12,2,10,0,2011,1,12,187.46762
860,2,1,1,46.0,90.0,165.0,75.0,44.0,23.0,956.0,50.0,50.0,70.0,120.0,10,2010-01-02,2,11,0,2010,1,2,168.43282
860,2,1,1,46.0,91.0,167.0,76.0,45.0,23.0,965.0,60.0,50.0,80.0,130.0,10,2010-01-04,2,11,0,2010,1,4,165.04312
860,2,1,1,35.0,77.0,142.0,65.0,42.0,20.0,1053.0,50.0,30.0,50.0,80.0,10,2010-01-10,2,11,0,2010,1,10,137.393
860,2,1,1,73.0,92.0,190.0,78.0,47.0,24.0,965.0,50.0,50.0,80.0,130.0,10,2011-01-01,2,11,0,2011,1,1,183.04692
860,2,1,1,42.0,65.0,109.0,44.0,23.0,12.0,844.0,50.0,40.0,70.0,110.0,11,2010-01-05,3,5,1,2010,1,5,127.98597
860,2,1,1,36.0,59.0,99.0,40.0,23.0,11.0,881.0,50.0,40.0,60.0,100.0,11,2010-01-10,3,5,1,2010,1,10,124.28737
860,2,1,1,47.0,73.0,123.0,50.0,26.0,14.0,898.0,50.0,50.0,70.0,120.0,11,2010-01-12,3,5,1,2010,1,12,129.37366
860,2,1,1,70.0,72.0,129.0,49.0,25.0,13.0,809.0,60.0,50.0,80.0,130.0,11,2011-01-03,3,5,1,2011,1,3,142.75412
860,2,1,1,61.0,64.0,115.0,44.0,23.0,12.0,886.0,50.0,40.0,70.0,110.0,11,2011-01-09,3,5,1,2011,1,9,139.23158
860,2,1,1,76.0,78.0,141.0,54.0,27.0,15.0,885.0,60.0,50.0,80.0,130.0,11,2011-01-11,3,5,1,2011,1,11,137.62439
863,3,1,0,110.0,125.0,228.0,89.0,51.0,27.0,481.0,80.0,80.0,120.0,200.0,3,2011-01-03,0,7,0,2011,1,3,231.12779
863,3,1,0,138.0,159.0,271.0,114.0,55.0,35.0,555.0,100.0,100.0,150.0,250.0,3,2011-01-05,0,7,0,2011,1,5,258.1129
863,3,1,0,46.0,70.0,118.0,48.0,24.0,13.0,851.0,60.0,50.0,70.0,120.0,13,2010-01-10,3,9,1,2010,1,10,111.21889
863,3,1,0,30.0,51.0,85.0,34.0,21.0,9.0,863.0,40.0,30.0,50.0,80.0,13,2010-01-12,3,9,1,2010,1,12,107.027336
863,3,1,0,17.0,130.0,223.0,93.0,113.0,84.0,692.0,40.0,80.0,130.0,210.0,5,2010-01-09,1,2,1,2010,1,9,223.08311
863,3,1,0,62.0,117.0,204.0,87.0,55.0,28.0,472.0,70.0,80.0,110.0,190.0,6,2010-01-05,1,6,0,2010,1,5,212.57906
863,3,1,0,71.0,130.0,227.0,97.0,59.0,32.0,575.0,80.0,90.0,130.0,220.0,6,2010-01-07,1,6,0,2010,1,7,233.50363
863,3,1,0,58.0,114.0,199.0,85.0,56.0,28.0,555.0,70.0,80.0,110.0,190.0,6,2010-01-09,1,6,0,2010,1,9,200.69858
863,3,1,0,34.0,62.0,110.0,48.0,28.0,15.0,623.0,30.0,30.0,50.0,80.0,8,2010-01-01,2,3,0,2010,1,1,101.1557
863,3,1,0,35.0,63.0,112.0,49.0,28.0,16.0,611.0,30.0,30.0,50.0,80.0,8,2010-01-03,2,3,0,2010,1,3,106.10785
863,3,1,0,36.0,65.0,115.0,50.0,29.0,16.0,587.0,30.0,30.0,50.0,80.0,8,2010-01-07,2,3,0,2010,1,7,132.76424
863,3,1,0,27.0,48.0,81.0,33.0,21.0,9.0,813.0,40.0,30.0,50.0,80.0,11,2010-01-03,3,5,1,2010,1,3,82.03595
863,3,1,0,40.0,48.0,86.0,33.0,21.0,9.0,813.0,40.0,30.0,50.0,80.0,11,2011-01-03,3,5,1,2011,1,3,94.03499
863,3,1,0,44.0,53.0,88.0,36.0,20.0,10.0,838.0,40.0,30.0,60.0,90.0,11,2011-01-05,3,5,1,2011,1,5,91.959175
903,16,2,0,63.0,100.0,178.0,78.0,37.0,25.0,593.0,100.0,90.0,130.0,220.0,3,2010-01-04,0,7,0,2010,1,4,166.63054
903,16,2,0,106.0,144.0,243.0,99.0,38.0,27.0,766.0,100.0,80.0,120.0,200.0,5,2010-01-02,1,2,1,2010,1,2,231.71887
903,16,2,0,20.0,63.0,110.0,47.0,43.0,15.0,420.0,30.0,40.0,60.0,100.0,8,2010-01-07,2,3,0,2010,1,7,110.14446
903,16,2,0,33.0,68.0,117.0,50.0,41.0,16.0,397.0,40.0,40.0,70.0,110.0,8,2011-01-06,2,3,0,2011,1,6,113.2067
903,16,2,0,58.0,90.0,160.0,60.0,51.0,19.0,-718.0,40.0,50.0,70.0,120.0,4,2011-01-09,1,1,1,2011,1,9,171.80983
904,3,1,0,78.0,141.0,235.0,94.0,63.0,31.0,697.0,90.0,90.0,130.0,220.0,2,2010-01-05,0,4,1,2010,1,5,256.63412
904,3,1,0,99.0,167.0,278.0,111.0,68.0,36.0,767.0,110.0,100.0,160.0,260.0,2,2010-01-06,0,4,1,2010,1,6,275.6708
904,3,1,0,104.0,172.0,286.0,114.0,68.0,37.0,822.0,120.0,100.0,170.0,270.0,2,2010-01-07,0,4,1,2010,1,7,297.5489
904,3,1,0,99.0,126.0,224.0,84.0,59.0,27.0,632.0,70.0,80.0,110.0,190.0,2,2011-01-03,0,4,1,2011,1,3,239.46045
904,3,1,0,132.0,143.0,261.0,102.0,54.0,31.0,666.0,90.0,90.0,130.0,220.0,3,2011-01-11,0,7,0,2011,1,11,240.05568
904,3,1,0,63.0,91.0,154.0,63.0,28.0,17.0,864.0,80.0,60.0,100.0,160.0,13,2010-01-08,3,9,1,2010,1,8,139.11375
904,3,1,0,49.0,75.0,126.0,51.0,26.0,14.0,857.0,60.0,50.0,80.0,130.0,13,2010-01-09,3,9,1,2010,1,9,121.6111
904,3,1,0,70.0,72.0,129.0,49.0,25.0,13.0,767.0,60.0,50.0,80.0,130.0,13,2011-01-03,3,9,1,2011,1,3,119.63453
904,3,1,0,70.0,72.0,129.0,49.0,25.0,13.0,779.0,60.0,50.0,80.0,130.0,13,2011-01-04,3,9,1,2011,1,4,121.461494
904,3,1,0,87.0,91.0,153.0,63.0,26.0,17.0,864.0,80.0,60.0,100.0,160.0,13,2011-01-08,3,9,1,2011,1,8,139.16994
904,3,1,0,42.0,47.0,83.0,31.0,19.0,8.0,856.0,40.0,30.0,50.0,80.0,13,2011-01-11,3,9,1,2011,1,11,114.8023
904,3,1,0,58.0,112.0,195.0,83.0,54.0,27.0,433.0,80.0,70.0,120.0,190.0,6,2010-01-04,1,6,0,2010,1,4,201.432
904,3,1,0,101.0,132.0,229.0,99.0,55.0,32.0,565.0,80.0,90.0,130.0,220.0,6,2011-01-08,1,6,0,2011,1,8,237.31409
904,3,1,0,15.0,29.0,54.0,22.0,19.0,7.0,573.0,20.0,0.0,20.0,20.0,8,2011-01-10,2,3,0,2011,1,10,105.81839
904,3,1,0,18.0,32.0,60.0,24.0,20.0,7.0,567.0,20.0,10.0,30.0,40.0,8,2011-01-12,2,3,0,2011,1,12,128.93367
904,3,1,0,19.0,74.0,133.0,59.0,55.0,22.0,403.0,30.0,40.0,60.0,100.0,9,2010-01-07,2,10,0,2010,1,7,142.83301
904,3,1,0,20.0,66.0,134.0,54.0,56.0,20.0,312.0,20.0,40.0,50.0,90.0,9,2011-01-01,2,10,0,2011,1,1,130.17722
904,3,1,0,18.0,65.0,126.0,53.0,53.0,20.0,306.0,20.0,40.0,50.0,90.0,9,2011-01-02,2,10,0,2011,1,2,128.06079
904,3,1,0,23.0,72.0,129.0,58.0,51.0,22.0,338.0,30.0,40.0,60.0,100.0,9,2011-01-05,2,10,0,2011,1,5,130.02637
904,3,1,0,55.0,103.0,189.0,86.0,48.0,26.0,1081.0,50.0,60.0,80.0,140.0,10,2010-01-07,2,11,0,2010,1,7,185.84972
904,3,1,0,71.0,94.0,185.0,80.0,46.0,24.0,1055.0,40.0,40.0,50.0,90.0,10,2011-01-10,2,11,0,2011,1,10,171.74875
904,3,1,0,30.0,51.0,85.0,34.0,21.0,9.0,821.0,50.0,30.0,60.0,90.0,11,2010-01-04,3,5,1,2010,1,4,86.90224
904,3,1,0,45.0,51.0,91.0,34.0,21.0,9.0,821.0,50.0,30.0,60.0,90.0,11,2011-01-04,3,5,1,2011,1,4,95.79591
909,0,3,0,-27.0,28.0,132.0,104.0,55.0,33.0,685.0,-20.0,130.0,30.0,160.0,1,2010-01-02,0,0,1,2010,1,2,127.50575
909,0,3,0,-110.0,-13.0,116.0,122.0,61.0,39.0,2555.0,-60.0,170.0,-20.0,150.0,1,2011-01-10,0,0,1,2011,1,10,91.57911
909,0,3,0,-120.0,-24.0,138.0,162.0,96.0,53.0,3421.0,-120.0,200.0,-30.0,170.0,3,2010-01-09,0,7,0,2010,1,9,153.57115
909,0,3,0,-127.0,-27.0,146.0,173.0,100.0,57.0,3909.0,-130.0,200.0,-30.0,170.0,3,2010-01-11,0,7,0,2010,1,11,144.70871
909,0,3,0,-217.0,-36.0,200.0,238.0,113.0,78.0,2797.0,-150.0,290.0,-40.0,250.0,3,2011-01-07,0,7,0,2011,1,7,200.08638
909,0,3,0,362.0,392.0,681.0,295.0,121.0,97.0,1714.0,250.0,280.0,370.0,650.0,6,2011-01-08,1,6,0,2011,1,8,621.1449
909,0,3,0,99.0,112.0,197.0,87.0,37.0,28.0,564.0,70.0,70.0,100.0,170.0,10,2011-01-07,2,11,0,2011,1,7,198.79877
914,12,1,0,508.0,546.0,902.0,364.0,166.0,127.0,2617.0,370.0,340.0,520.0,860.0,2,2011-01-08,0,4,1,2011,1,8,845.3816
914,12,1,0,70.0,73.0,131.0,50.0,26.0,14.0,589.0,50.0,50.0,70.0,120.0,13,2011-01-11,3,9,1,2011,1,11,153.62875
914,12,1,0,-205.0,-59.0,66.0,125.0,146.0,113.0,1382.0,-190.0,120.0,-60.0,60.0,5,2010-01-04,1,2,1,2010,1,4,77.17205
914,12,1,0,-236.0,-72.0,72.0,144.0,164.0,131.0,1979.0,-210.0,130.0,-60.0,70.0,5,2010-01-06,1,2,1,2010,1,6,91.11347
914,12,1,0,-300.0,-56.0,74.0,125.0,146.0,113.0,3142.0,-170.0,110.0,-60.0,50.0,5,2011-01-10,1,2,1,2011,1,10,89.1823
914,12,1,0,-300.0,-60.0,65.0,121.0,142.0,109.0,3385.0,-190.0,110.0,-60.0,50.0,5,2011-01-11,1,2,1,2011,1,11,89.16083
914,12,1,0,-119.0,-32.0,182.0,214.0,87.0,66.0,1480.0,-80.0,160.0,-20.0,140.0,10,2010-01-03,2,11,0,2010,1,3,180.08485
914,12,1,0,-156.0,-65.0,160.0,225.0,91.0,69.0,4742.0,-120.0,160.0,-50.0,110.0,10,2010-01-11,2,11,0,2010,1,11,163.40239
914,12,1,0,-197.0,-46.0,196.0,244.0,90.0,75.0,2636.0,-100.0,180.0,-30.0,150.0,10,2011-01-06,2,11,0,2011,1,6,201.2652
914,12,1,0,-226.0,-62.0,196.0,260.0,95.0,80.0,3076.0,-110.0,190.0,-40.0,150.0,10,2011-01-07,2,11,0,2011,1,7,203.75826
914,12,1,0,184.0,178.0,298.0,123.0,42.0,34.0,947.0,150.0,130.0,190.0,320.0,11,2011-01-06,3,5,1,2011,1,6,277.43787
914,12,1,0,133.0,178.0,301.0,123.0,45.0,34.0,941.0,150.0,130.0,190.0,320.0,12,2010-01-08,3,8,1,2010,1,8,291.62665
914,12,1,0,153.0,152.0,254.0,104.0,38.0,29.0,952.0,120.0,110.0,160.0,270.0,12,2011-01-07,3,8,1,2011,1,7,281.02493
914,12,1,0,188.0,172.0,309.0,118.0,45.0,33.0,930.0,130.0,120.0,170.0,290.0,12,2011-01-11,3,8,1,2011,1,11,250.1194
914,12,1,0,349.0,325.0,601.0,239.0,90.0,66.0,1262.0,250.0,220.0,330.0,550.0,7,2011-01-04,1,12,1,2011,1,4,605.747
915,16,2,0,26.0,52.0,92.0,40.0,26.0,13.0,536.0,40.0,40.0,60.0,100.0,3,2010-01-11,0,7,0,2010,1,11,110.189255
915,16,2,0,104.0,109.0,206.0,84.0,39.0,27.0,603.0,110.0,100.0,140.0,240.0,3,2011-01-03,0,7,0,2011,1,3,183.18375
915,16,2,0,188.0,172.0,309.0,118.0,45.0,33.0,930.0,100.0,90.0,130.0,220.0,5,2011-01-11,1,2,1,2011,1,11,263.1951
915,16,2,0,78.0,111.0,187.0,76.0,33.0,21.0,580.0,80.0,40.0,80.0,120.0,6,2010-01-10,1,6,0,2010,1,10,189.28046
915,16,2,0,27.0,71.0,123.0,52.0,44.0,17.0,361.0,50.0,40.0,80.0,120.0,8,2010-01-05,2,3,0,2010,1,5,118.27188
915,16,2,0,49.0,80.0,149.0,60.0,47.0,19.0,329.0,50.0,50.0,80.0,130.0,8,2011-01-02,2,3,0,2011,1,2,134.22989
915,16,2,0,37.0,71.0,122.0,52.0,41.0,17.0,361.0,50.0,40.0,80.0,120.0,8,2011-01-05,2,3,0,2011,1,5,118.242645
915,16,2,0,52.0,72.0,129.0,49.0,37.0,15.0,351.0,40.0,40.0,70.0,110.0,9,2011-01-03,2,10,0,2011,1,3,125.96304
916,0,3,0,-2.0,50.0,145.0,95.0,52.0,30.0,608.0,30.0,110.0,70.0,180.0,1,2010-01-01,0,0,1,2010,1,1,140.64017
916,0,3,0,-61.0,16.0,133.0,109.0,57.0,34.0,796.0,-30.0,130.0,20.0,150.0,1,2011-01-03,0,0,1,2011,1,3,131.50455
916,0,3,0,-83.0,3.0,124.0,113.0,59.0,36.0,2758.0,-50.0,130.0,0.0,130.0,1,2011-01-11,0,0,1,2011,1,11,111.04084
916,0,3,0,-141.0,-32.0,159.0,191.0,109.0,63.0,1564.0,-150.0,240.0,-50.0,190.0,3,2010-01-04,0,7,0,2010,1,4,164.45656
916,0,3,0,26.0,169.0,290.0,121.0,143.0,110.0,712.0,30.0,110.0,160.0,270.0,5,2010-01-02,1,2,1,2010,1,2,292.59848
916,0,3,0,39.0,169.0,309.0,121.0,143.0,110.0,712.0,30.0,110.0,160.0,270.0,5,2011-01-02,1,2,1,2011,1,2,304.18536
916,0,3,0,39.0,168.0,308.0,121.0,142.0,109.0,912.0,40.0,110.0,170.0,280.0,5,2011-01-11,1,2,1,2011,1,11,315.44763
916,0,3,0,211.0,324.0,567.0,243.0,113.0,80.0,1260.0,210.0,230.0,310.0,540.0,6,2010-01-03,1,6,0,2010,1,3,553.5773
916,0,3,0,197.0,191.0,320.0,132.0,45.0,36.0,994.0,140.0,110.0,170.0,280.0,8,2011-01-08,2,3,0,2011,1,8,315.03738
916,0,3,0,132.0,124.0,224.0,86.0,35.0,24.0,1003.0,80.0,80.0,110.0,190.0,8,2011-01-12,2,3,0,2011,1,12,262.17258
916,0,3,0,249.0,367.0,678.0,311.0,118.0,96.0,1296.0,240.0,260.0,330.0,590.0,9,2010-01-08,2,10,0,2010,1,8,625.0124
916,0,3,0,134.0,179.0,302.0,123.0,45.0,34.0,959.0,110.0,90.0,130.0,220.0,11,2010-01-12,3,5,1,2010,1,12,286.2149
916,0,3,0,125.0,117.0,211.0,81.0,33.0,22.0,441.0,70.0,50.0,80.0,130.0,12,2011-01-03,3,8,1,2011,1,3,209.71149
916,0,3,0,167.0,266.0,532.0,266.0,99.0,74.0,1797.0,170.0,250.0,260.0,510.0,4,2010-01-08,1,1,1,2010,1,8,535.1135
916,0,3,0,157.0,251.0,501.0,250.0,94.0,70.0,1820.0,160.0,240.0,240.0,480.0,4,2010-01-12,1,1,1,2010,1,12,501.43076
917,12,1,0,245.0,387.0,645.0,258.0,142.0,90.0,2067.0,250.0,240.0,370.0,610.0,2,2010-01-02,0,4,1,2010,1,2,672.8973
917,12,1,0,312.0,474.0,790.0,316.0,162.0,110.0,2580.0,320.0,300.0,450.0,750.0,2,2010-01-09,0,4,1,2010,1,9,769.798
917,12,1,0,493.0,534.0,882.0,356.0,165.0,124.0,2476.0,350.0,340.0,500.0,840.0,2,2011-01-06,0,4,1,2011,1,6,851.22906
917,12,1,0,92.0,239.0,541.0,302.0,147.0,114.0,1518.0,90.0,220.0,200.0,420.0,9,2010-01-09,2,10,0,2010,1,9,568.9018
917,12,1,0,392.0,352.0,618.0,228.0,88.0,63.0,1402.0,280.0,210.0,350.0,560.0,7,2011-01-02,1,12,1,2011,1,2,603.0746
917,12,1,0,565.0,464.0,719.0,211.0,83.0,59.0,933.0,390.0,200.0,460.0,660.0,7,2011-01-11,1,12,1,2011,1,11,668.86945
918,14,2,1,29.0,56.0,100.0,44.0,27.0,14.0,618.0,50.0,50.0,70.0,120.0,2,2010-01-02,0,4,1,2010,1,2,103.15374
918,14,2,1,29.0,55.0,98.0,43.0,26.0,14.0,613.0,50.0,50.0,70.0,120.0,2,2010-01-03,0,4,1,2010,1,3,104.39386
918,14,2,1,29.0,56.0,99.0,43.0,27.0,14.0,597.0,50.0,50.0,70.0,120.0,2,2010-01-06,0,4,1,2010,1,6,118.52446
918,14,2,1,74.0,115.0,205.0,90.0,41.0,29.0,572.0,140.0,130.0,160.0,290.0,2,2010-01-10,0,4,1,2010,1,10,161.01433
918,14,2,1,71.0,112.0,200.0,88.0,41.0,29.0,561.0,90.0,100.0,130.0,230.0,2,2010-01-11,0,4,1,2010,1,11,159.5795
918,14,2,1,49.0,60.0,113.0,46.0,27.0,15.0,608.0,60.0,50.0,80.0,130.0,2,2011-01-04,0,4,1,2011,1,4,117.17409
918,14,2,1,41.0,56.0,98.0,43.0,24.0,14.0,602.0,50.0,50.0,70.0,120.0,2,2011-01-05,0,4,1,2011,1,5,109.16205
918,14,2,1,110.0,115.0,218.0,90.0,41.0,29.0,572.0,140.0,130.0,160.0,290.0,2,2011-01-10,0,4,1,2011,1,10,181.44946
918,14,2,1,105.0,112.0,213.0,88.0,41.0,29.0,561.0,90.0,100.0,130.0,230.0,2,2011-01-11,0,4,1,2011,1,11,180.01463
918,14,2,1,21.0,39.0,66.0,27.0,18.0,7.0,859.0,60.0,30.0,60.0,90.0,3,2010-01-10,0,7,0,2010,1,10,82.224106
918,14,2,1,44.0,48.0,90.0,32.0,21.0,8.0,821.0,50.0,40.0,60.0,100.0,3,2011-01-01,0,7,0,2011,1,1,97.18421
918,14,2,1,30.0,42.0,70.0,29.0,19.0,8.0,835.0,40.0,30.0,50.0,80.0,3,2011-01-05,0,7,0,2011,1,5,76.96604
918,14,2,1,26.0,36.0,59.0,24.0,16.0,6.0,856.0,30.0,30.0,40.0,70.0,3,2011-01-06,0,7,0,2011,1,6,78.41555
918,14,2,1,22.0,34.0,56.0,23.0,17.0,6.0,868.0,40.0,20.0,50.0,70.0,3,2011-01-07,0,7,0,2011,1,7,78.870384
918,14,2,1,22.0,33.0,55.0,22.0,16.0,6.0,865.0,30.0,20.0,40.0,60.0,3,2011-01-08,0,7,0,2011,1,8,103.909485
918,14,2,1,42.0,49.0,87.0,33.0,21.0,9.0,870.0,50.0,30.0,60.0,90.0,3,2011-01-12,0,7,0,2011,1,12,120.64418
918,14,2,1,17.0,34.0,56.0,22.0,17.0,6.0,452.0,30.0,10.0,30.0,40.0,5,2010-01-02,1,2,1,2010,1,2,70.68115
918,14,2,1,15.0,32.0,53.0,21.0,17.0,5.0,449.0,30.0,10.0,30.0,40.0,5,2010-01-03,1,2,1,2010,1,3,71.9076
918,14,2,1,10.0,26.0,44.0,18.0,16.0,5.0,478.0,20.0,10.0,20.0,30.0,5,2010-01-06,1,2,1,2010,1,6,72.91463
918,14,2,1,9.0,26.0,44.0,18.0,17.0,5.0,486.0,20.0,10.0,20.0,30.0,5,2010-01-07,1,2,1,2010,1,7,72.94385
918,14,2,1,10.0,25.0,41.0,16.0,15.0,4.0,484.0,20.0,10.0,20.0,30.0,5,2010-01-08,1,2,1,2010,1,8,79.80386
918,14,2,1,29.0,48.0,80.0,32.0,19.0,8.0,482.0,30.0,20.0,40.0,60.0,5,2010-01-11,1,2,1,2010,1,11,89.126434
918,14,2,1,18.0,29.0,49.0,20.0,15.0,5.0,464.0,30.0,10.0,30.0,40.0,5,2011-01-05,1,2,1,2011,1,5,65.038925
918,14,2,1,14.0,26.0,44.0,18.0,15.0,5.0,478.0,20.0,10.0,20.0,30.0,5,2011-01-06,1,2,1,2011,1,6,68.74807
918,14,2,1,12.0,26.0,44.0,18.0,16.0,5.0,486.0,20.0,10.0,20.0,30.0,5,2011-01-07,1,2,1,2011,1,7,69.84919
918,14,2,1,99.0,167.0,278.0,111.0,68.0,36.0,767.0,90.0,90.0,140.0,230.0,6,2010-01-06,1,6,0,2010,1,6,237.23204
918,14,2,1,62.0,119.0,197.0,78.0,57.0,25.0,798.0,40.0,60.0,90.0,150.0,6,2010-01-11,1,6,0,2010,1,11,218.99509
918,14,2,1,137.0,167.0,276.0,111.0,63.0,36.0,767.0,90.0,90.0,140.0,230.0,6,2011-01-06,1,6,0,2011,1,6,236.13173
918,14,2,1,107.0,133.0,236.0,88.0,61.0,29.0,817.0,60.0,60.0,110.0,170.0,6,2011-01-12,1,6,0,2011,1,12,256.2423
918,14,2,1,13.0,66.0,120.0,54.0,53.0,20.0,312.0,20.0,50.0,60.0,110.0,8,2010-01-01,2,3,0,2010,1,1,106.23368
918,14,2,1,11.0,65.0,118.0,53.0,54.0,20.0,306.0,20.0,50.0,60.0,110.0,8,2010-01-02,2,3,0,2010,1,2,106.04197
918,14,2,1,17.0,72.0,130.0,58.0,55.0,22.0,338.0,20.0,50.0,70.0,120.0,8,2010-01-05,2,3,0,2010,1,5,114.52791
918,14,2,1,19.0,74.0,133.0,59.0,55.0,22.0,377.0,30.0,50.0,80.0,130.0,8,2010-01-06,2,3,0,2010,1,6,121.04885
918,14,2,1,13.0,67.0,121.0,54.0,54.0,20.0,391.0,20.0,50.0,60.0,110.0,8,2010-01-11,2,3,0,2010,1,11,114.03616
918,14,2,1,20.0,66.0,134.0,54.0,56.0,20.0,312.0,20.0,50.0,60.0,110.0,8,2011-01-01,2,3,0,2011,1,1,127.56349
918,14,2,1,19.0,66.0,128.0,54.0,53.0,20.0,301.0,20.0,50.0,60.0,110.0,8,2011-01-03,2,3,0,2011,1,3,126.2503
918,14,2,1,22.0,70.0,135.0,57.0,55.0,21.0,313.0,30.0,50.0,70.0,120.0,8,2011-01-04,2,3,0,2011,1,4,124.90388
918,14,2,1,28.0,77.0,139.0,63.0,53.0,23.0,397.0,20.0,60.0,70.0,130.0,8,2011-01-08,2,3,0,2011,1,8,132.59825
918,14,2,1,17.0,129.0,221.0,92.0,112.0,83.0,599.0,40.0,80.0,130.0,210.0,9,2010-01-05,2,10,0,2010,1,5,242.97182
918,14,2,1,25.0,132.0,242.0,95.0,115.0,86.0,532.0,30.0,90.0,130.0,220.0,9,2011-01-03,2,10,0,2011,1,3,233.21274
918,14,2,1,24.0,132.0,242.0,95.0,116.0,86.0,554.0,30.0,90.0,130.0,220.0,9,2011-01-04,2,10,0,2011,1,4,251.88481
918,14,2,1,35.0,154.0,262.0,110.0,120.0,100.0,665.0,40.0,100.0,150.0,250.0,9,2011-01-06,2,10,0,2011,1,6,247.81567
918,14,2,1,25.0,134.0,245.0,96.0,117.0,87.0,683.0,40.0,80.0,120.0,200.0,9,2011-01-10,2,10,0,2011,1,10,249.48486
918,14,2,1,98.0,155.0,267.0,112.0,57.0,34.0,-120.0,90.0,90.0,130.0,220.0,4,2010-01-04,1,1,1,2010,1,4,257.47858
918,14,2,1,101.0,159.0,273.0,114.0,58.0,35.0,-387.0,100.0,90.0,140.0,230.0,4,2010-01-05,1,1,1,2010,1,5,262.8336
918,14,2,1,105.0,164.0,282.0,118.0,59.0,36.0,-660.0,100.0,100.0,140.0,240.0,4,2010-01-06,1,1,1,2010,1,6,255.08112
918,14,2,1,102.0,161.0,277.0,116.0,59.0,35.0,-1278.0,100.0,90.0,140.0,230.0,4,2010-01-08,1,1,1,2010,1,8,248.98628
918,14,2,1,89.0,143.0,245.0,102.0,54.0,31.0,-2003.0,60.0,80.0,100.0,180.0,4,2010-01-11,1,1,1,2010,1,11,264.79526
918,14,2,1,121.0,186.0,320.0,134.0,65.0,41.0,-2248.0,90.0,100.0,140.0,240.0,4,2010-01-12,1,1,1,2010,1,12,287.10852
918,14,2,1,139.0,159.0,271.0,114.0,54.0,35.0,-387.0,100.0,90.0,140.0,230.0,4,2011-01-05,1,1,1,2011,1,5,263.41687
918,14,2,1,141.0,161.0,275.0,116.0,55.0,35.0,-1278.0,100.0,90.0,140.0,230.0,4,2011-01-08,1,1,1,2011,1,8,272.55557
918,14,2,1,122.0,134.0,245.0,96.0,52.0,29.0,-1555.0,80.0,80.0,110.0,190.0,4,2011-01-09,1,1,1,2011,1,9,277.01306
918,14,2,1,180.0,186.0,341.0,134.0,65.0,41.0,-2248.0,90.0,100.0,140.0,240.0,4,2011-01-12,1,1,1,2011,1,12,308.84274
920,19,0,1,16.0,70.0,127.0,57.0,54.0,21.0,313.0,20.0,60.0,70.0,130.0,1,2010-01-04,0,0,1,2010,1,4,129.48975
920,19,0,1,18.0,74.0,133.0,59.0,56.0,22.0,403.0,20.0,60.0,70.0,130.0,1,2010-01-07,0,0,1,2010,1,7,135.00421
920,19,0,1,33.0,80.0,155.0,65.0,58.0,24.0,403.0,30.0,60.0,80.0,140.0,1,2011-01-12,0,0,1,2011,1,12,176.14684
920,19,0,1,15.0,128.0,220.0,92.0,113.0,83.0,541.0,40.0,90.0,140.0,230.0,2,2010-01-02,0,4,1,2010,1,2,221.72437
920,19,0,1,48.0,184.0,314.0,133.0,139.0,120.0,705.0,60.0,140.0,190.0,330.0,2,2011-01-08,0,4,1,2011,1,8,308.46695
920,19,0,1,63.0,121.0,212.0,91.0,58.0,30.0,533.0,90.0,90.0,130.0,220.0,3,2010-01-06,0,7,0,2010,1,6,218.36742
920,19,0,1,71.0,130.0,227.0,97.0,59.0,32.0,575.0,80.0,100.0,130.0,230.0,3,2010-01-07,0,7,0,2010,1,7,223.51495
920,19,0,1,91.0,116.0,215.0,86.0,55.0,28.0,547.0,100.0,80.0,120.0,200.0,3,2011-01-10,0,7,0,2011,1,10,209.10515
920,19,0,1,76.0,103.0,192.0,77.0,52.0,25.0,557.0,60.0,70.0,100.0,170.0,3,2011-01-11,0,7,0,2011,1,11,202.11987
920,19,0,1,70.0,123.0,226.0,103.0,53.0,31.0,1073.0,100.0,110.0,150.0,260.0,5,2010-01-08,1,2,1,2010,1,8,177.07564
920,19,0,1,45.0,89.0,164.0,75.0,44.0,23.0,1063.0,70.0,90.0,110.0,200.0,5,2010-01-11,1,2,1,2010,1,11,166.47728
920,19,0,1,79.0,99.0,194.0,83.0,46.0,25.0,1063.0,80.0,90.0,120.0,210.0,5,2011-01-09,1,2,1,2011,1,9,186.95538
920,19,0,1,36.0,65.0,115.0,50.0,29.0,16.0,587.0,60.0,50.0,80.0,130.0,6,2010-01-07,1,6,0,2010,1,7,109.91414
920,19,0,1,47.0,58.0,110.0,45.0,26.0,14.0,605.0,50.0,50.0,70.0,120.0,6,2011-01-04,1,6,0,2011,1,4,124.889565
920,19,0,1,16.0,30.0,55.0,22.0,19.0,7.0,570.0,30.0,20.0,40.0,60.0,6,2011-01-11,1,6,0,2011,1,11,112.73014
920,19,0,1,29.0,65.0,104.0,39.0,36.0,12.0,380.0,40.0,30.0,60.0,90.0,8,2010-01-07,2,3,0,2010,1,7,123.54312
920,19,0,1,53.0,94.0,151.0,57.0,41.0,17.0,349.0,70.0,40.0,90.0,130.0,8,2010-01-09,2,3,0,2010,1,9,136.48546
920,19,0,1,48.0,88.0,141.0,53.0,40.0,16.0,321.0,50.0,50.0,80.0,130.0,8,2010-01-11,2,3,0,2010,1,11,136.63002
920,19,0,1,30.0,66.0,107.0,41.0,36.0,12.0,320.0,30.0,30.0,60.0,90.0,8,2010-01-12,2,3,0,2010,1,12,127.36825
920,19,0,1,93.0,105.0,178.0,62.0,42.0,19.0,346.0,70.0,50.0,90.0,140.0,8,2011-01-03,2,3,0,2011,1,3,175.11458
920,19,0,1,45.0,66.0,114.0,41.0,36.0,12.0,320.0,30.0,30.0,60.0,90.0,8,2011-01-12,2,3,0,2011,1,12,147.11438
920,19,0,1,58.0,85.0,144.0,59.0,27.0,16.0,842.0,60.0,50.0,70.0,120.0,9,2010-01-06,2,10,0,2010,1,6,117.65721
920,19,0,1,64.0,68.0,123.0,47.0,25.0,13.0,772.0,50.0,40.0,60.0,100.0,9,2011-01-02,2,10,0,2011,1,2,119.958145
920,19,0,1,41.0,81.0,137.0,56.0,40.0,17.0,382.0,50.0,40.0,80.0,120.0,11,2010-01-02,3,5,1,2010,1,2,129.44818
920,19,0,1,27.0,65.0,110.0,45.0,38.0,14.0,410.0,30.0,30.0,60.0,90.0,11,2010-01-05,3,5,1,2010,1,5,112.580795
920,19,0,1,24.0,59.0,99.0,40.0,35.0,12.0,443.0,20.0,30.0,50.0,80.0,11,2010-01-06,3,5,1,2010,1,6,107.6716
920,19,0,1,21.0,54.0,90.0,36.0,33.0,11.0,462.0,10.0,30.0,40.0,70.0,11,2010-01-07,3,5,1,2010,1,7,105.314545
920,19,0,1,20.0,54.0,90.0,36.0,34.0,11.0,458.0,10.0,30.0,40.0,70.0,11,2010-01-08,3,5,1,2010,1,8,111.114334
920,19,0,1,31.0,67.0,113.0,46.0,36.0,14.0,454.0,30.0,30.0,60.0,90.0,11,2010-01-09,3,5,1,2010,1,9,111.81985
920,19,0,1,1.0,87.0,150.0,63.0,86.0,57.0,506.0,10.0,50.0,80.0,130.0,12,2010-01-03,3,8,1,2010,1,3,140.37013
920,19,0,1,-3.0,76.0,131.0,55.0,79.0,49.0,627.0,0.0,40.0,60.0,100.0,12,2010-01-12,3,8,1,2010,1,12,129.8208
920,19,0,1,4.0,90.0,165.0,65.0,87.0,58.0,513.0,10.0,50.0,80.0,130.0,12,2011-01-02,3,8,1,2011,1,2,153.41351
925,0,3,0,-41.0,16.0,125.0,109.0,57.0,34.0,796.0,-30.0,130.0,20.0,150.0,1,2010-01-03,0,0,1,2010,1,3,124.76591
925,0,3,0,-174.0,-26.0,130.0,148.0,91.0,48.0,1071.0,-110.0,180.0,-30.0,150.0,3,2011-01-02,0,7,0,2011,1,2,146.89197
925,0,3,0,-196.0,-32.0,162.0,195.0,102.0,64.0,1952.0,-140.0,240.0,-40.0,200.0,3,2011-01-05,0,7,0,2011,1,5,159.52884
925,0,3,0,-196.0,-31.0,167.0,200.0,103.0,66.0,2393.0,-140.0,250.0,-40.0,210.0,3,2011-01-06,0,7,0,2011,1,6,178.95241
925,0,3,0,171.0,157.0,282.0,108.0,42.0,30.0,971.0,120.0,80.0,130.0,210.0,8,2011-01-10,2,3,0,2011,1,10,259.87988
925,0,3,0,135.0,136.0,228.0,94.0,35.0,26.0,562.0,80.0,60.0,90.0,150.0,12,2011-01-06,3,8,1,2011,1,6,218.00517
925,0,3,0,148.0,239.0,478.0,239.0,91.0,66.0,1464.0,150.0,220.0,230.0,450.0,4,2010-01-04,1,1,1,2010,1,4,476.65024
936,16,2,0,185.0,281.0,520.0,239.0,96.0,74.0,1246.0,340.0,350.0,420.0,770.0,2,2010-01-10,0,4,1,2010,1,10,519.81226
936,16,2,0,39.0,52.0,98.0,40.0,26.0,13.0,536.0,40.0,40.0,60.0,100.0,3,2011-01-11,0,7,0,2011,1,11,128.81425
936,16,2,0,91.0,126.0,213.0,87.0,35.0,24.0,756.0,90.0,70.0,110.0,180.0,5,2010-01-03,1,2,1,2010,1,3,223.18163
936,16,2,0,47.0,79.0,147.0,59.0,47.0,19.0,411.0,40.0,50.0,70.0,120.0,8,2011-01-11,2,3,0,2011,1,11,115.46778
936,16,2,0,31.0,68.0,114.0,46.0,37.0,14.0,424.0,30.0,40.0,60.0,100.0,9,2010-01-11,2,10,0,2010,1,11,113.93668
936,16,2,0,33.0,81.0,135.0,54.0,48.0,17.0,-321.0,40.0,40.0,70.0,110.0,4,2010-01-06,1,1,1,2010,1,6,154.58525
937,13,0,0,33.0,80.0,140.0,60.0,47.0,19.0,329.0,50.0,60.0,80.0,140.0,1,2010-01-02,0,0,1,2010,1,2,137.5079
937,13,0,0,32.0,77.0,134.0,57.0,45.0,18.0,323.0,50.0,60.0,80.0,140.0,1,2010-01-03,0,0,1,2010,1,3,132.81111
937,13,0,0,28.0,64.0,107.0,43.0,36.0,13.0,419.0,60.0,30.0,70.0,100.0,2,2010-01-10,0,4,1,2010,1,10,126.69465
937,13,0,0,42.0,64.0,114.0,43.0,36.0,13.0,419.0,60.0,30.0,70.0,100.0,2,2011-01-10,0,4,1,2011,1,10,139.45274
937,13,0,0,-6.0,63.0,107.0,44.0,69.0,40.0,496.0,20.0,40.0,70.0,110.0,3,2010-01-06,0,7,0,2010,1,6,104.0838
937,13,0,0,129.0,153.0,326.0,153.0,66.0,42.0,1319.0,140.0,190.0,200.0,390.0,5,2011-01-12,1,2,1,2011,1,12,294.1594
937,13,0,0,8.0,60.0,109.0,49.0,52.0,18.0,414.0,20.0,50.0,70.0,120.0,6,2010-01-08,1,6,0,2010,1,8,107.28419
937,13,0,0,25.0,72.0,145.0,58.0,59.0,22.0,338.0,40.0,60.0,90.0,150.0,6,2011-01-01,1,6,0,2011,1,1,153.4175
937,13,0,0,24.0,69.0,132.0,55.0,53.0,20.0,410.0,40.0,70.0,80.0,150.0,6,2011-01-11,1,6,0,2011,1,11,118.98688
937,13,0,0,29.0,48.0,80.0,32.0,19.0,8.0,456.0,50.0,20.0,50.0,70.0,8,2010-01-01,2,3,0,2010,1,1,72.69061
937,13,0,0,14.0,30.0,50.0,20.0,16.0,5.0,482.0,30.0,10.0,30.0,40.0,8,2010-01-09,2,3,0,2010,1,9,65.13114
937,13,0,0,16.0,32.0,53.0,21.0,16.0,5.0,480.0,30.0,0.0,30.0,30.0,8,2010-01-10,2,3,0,2010,1,10,67.51162
937,13,0,0,29.0,48.0,80.0,32.0,19.0,8.0,482.0,30.0,30.0,40.0,70.0,8,2010-01-11,2,3,0,2010,1,11,73.049904
937,13,0,0,25.0,44.0,73.0,29.0,19.0,8.0,490.0,30.0,20.0,40.0,60.0,8,2010-01-12,2,3,0,2010,1,12,65.36125
937,13,0,0,24.0,32.0,56.0,21.0,16.0,5.0,480.0,30.0,0.0,30.0,30.0,8,2011-01-10,2,3,0,2011,1,10,65.069664
937,13,0,0,22.0,34.0,56.0,23.0,17.0,6.0,868.0,40.0,10.0,40.0,50.0,9,2011-01-07,2,10,0,2011,1,7,71.96738
937,13,0,0,30.0,39.0,70.0,27.0,19.0,7.0,859.0,30.0,10.0,30.0,40.0,9,2011-01-10,2,10,0,2011,1,10,69.02258
937,13,0,0,108.0,134.0,237.0,88.0,61.0,29.0,653.0,70.0,70.0,120.0,190.0,11,2011-01-04,3,5,1,2011,1,4,237.12228
937,13,0,0,97.0,155.0,267.0,112.0,58.0,34.0,502.0,90.0,90.0,140.0,230.0,12,2010-01-04,3,8,1,2010,1,4,248.34349
937,13,0,0,105.0,164.0,282.0,118.0,59.0,36.0,636.0,90.0,100.0,140.0,240.0,12,2010-01-06,3,8,1,2010,1,6,267.04288
940,16,2,0,166.0,253.0,467.0,214.0,87.0,66.0,923.0,240.0,260.0,320.0,580.0,2,2010-01-03,0,4,1,2010,1,3,477.59448
940,16,2,0,345.0,367.0,672.0,311.0,109.0,96.0,1296.0,340.0,390.0,450.0,840.0,2,2011-01-08,0,4,1,2011,1,8,623.9756
940,16,2,0,93.0,100.0,190.0,78.0,37.0,25.0,593.0,100.0,90.0,130.0,220.0,3,2011-01-04,0,7,0,2011,1,4,182.69482
940,16,2,0,46.0,77.0,143.0,57.0,46.0,18.0,323.0,50.0,50.0,80.0,130.0,8,2011-01-03,2,3,0,2011,1,3,129.74016
941,3,1,0,137.0,167.0,276.0,111.0,63.0,36.0,767.0,110.0,100.0,160.0,260.0,2,2011-01-06,0,4,1,2011,1,6,281.4775
941,3,1,0,17.0,132.0,227.0,95.0,115.0,86.0,532.0,30.0,90.0,130.0,220.0,5,2010-01-03,1,2,1,2010,1,3,212.94193
941,3,1,0,35.0,184.0,317.0,133.0,149.0,120.0,705.0,60.0,120.0,190.0,310.0,5,2010-01-08,1,2,1,2010,1,8,272.51068
941,3,1,0,48.0,184.0,314.0,133.0,139.0,120.0,705.0,60.0,120.0,190.0,310.0,5,2011-01-08,1,2,1,2011,1,8,267.39487
941,3,1,0,54.0,108.0,188.0,80.0,54.0,26.0,415.0,70.0,70.0,110.0,180.0,6,2010-01-03,1,6,0,2010,1,3,193.52954
941,3,1,0,86.0,114.0,212.0,85.0,56.0,28.0,555.0,70.0,80.0,110.0,190.0,6,2011-01-09,1,6,0,2011,1,9,220.53435
941,3,1,0,35.0,62.0,110.0,48.0,27.0,15.0,599.0,30.0,30.0,50.0,80.0,8,2010-01-05,2,3,0,2010,1,5,112.96356
941,3,1,0,35.0,62.0,110.0,48.0,27.0,15.0,593.0,30.0,30.0,50.0,80.0,8,2010-01-06,2,3,0,2010,1,6,117.986176
941,3,1,0,65.0,92.0,168.0,78.0,42.0,24.0,995.0,50.0,50.0,80.0,130.0,10,2011-01-05,2,11,0,2011,1,5,162.20312
941,3,1,0,44.0,68.0,114.0,46.0,24.0,12.0,880.0,60.0,40.0,80.0,120.0,11,2010-01-08,3,5,1,2010,1,8,106.533875
949,0,3,0,408.0,407.0,759.0,271.0,152.0,94.0,2101.0,370.0,340.0,500.0,840.0,2,2011-01-01,0,4,1,2011,1,1,745.9342
949,0,3,0,44.0,81.0,134.0,54.0,46.0,17.0,641.0,30.0,30.0,60.0,90.0,13,2011-01-06,3,9,1,2011,1,6,141.15164
949,0,3,0,41.0,79.0,130.0,52.0,46.0,17.0,668.0,20.0,30.0,50.0,80.0,13,2011-01-07,3,9,1,2011,1,7,137.1939
949,0,3,0,100.0,137.0,232.0,95.0,37.0,26.0,809.0,100.0,80.0,120.0,200.0,8,2010-01-02,2,3,0,2010,1,2,254.84529
949,0,3,0,184.0,178.0,298.0,123.0,42.0,34.0,947.0,140.0,100.0,160.0,260.0,8,2011-01-06,2,3,0,2011,1,6,282.80576
949,0,3,0,156.0,249.0,498.0,249.0,93.0,69.0,1775.0,160.0,230.0,240.0,470.0,4,2010-01-09,1,1,1,2010,1,9,491.75803
949,0,3,0,233.0,251.0,534.0,250.0,94.0,70.0,1820.0,160.0,240.0,240.0,480.0,4,2011-01-12,1,1,1,2011,1,12,484.7075
951,0,3,0,-88.0,-25.0,102.0,127.0,63.0,40.0,2947.0,-90.0,150.0,-30.0,120.0,1,2010-01-12,0,0,1,2010,1,12,104.829346
951,0,3,0,235.0,374.0,623.0,249.0,139.0,87.0,2580.0,310.0,290.0,450.0,740.0,2,2010-01-11,0,4,1,2010,1,11,617.53296
951,0,3,0,-117.0,-24.0,130.0,154.0,93.0,50.0,3654.0,-100.0,220.0,-30.0,190.0,3,2010-01-10,0,7,0,2010,1,10,147.66493
951,0,3,0,-221.0,-32.0,205.0,224.0,117.0,73.0,4216.0,-150.0,260.0,-40.0,220.0,3,2011-01-12,0,7,0,2011,1,12,195.88353
951,0,3,0,26.0,169.0,290.0,121.0,143.0,110.0,910.0,30.0,110.0,160.0,270.0,5,2010-01-09,1,2,1,2010,1,9,327.20145
951,0,3,0,69.0,239.0,408.0,173.0,176.0,156.0,927.0,60.0,160.0,230.0,390.0,5,2011-01-08,1,2,1,2011,1,8,352.88385
951,0,3,0,39.0,169.0,309.0,121.0,143.0,110.0,910.0,30.0,110.0,160.0,270.0,5,2011-01-09,1,2,1,2011,1,9,329.594
951,0,3,0,202.0,311.0,545.0,234.0,109.0,77.0,1282.0,200.0,220.0,300.0,520.0,6,2010-01-02,1,6,0,2010,1,2,536.54626
951,0,3,0,316.0,312.0,611.0,234.0,114.0,77.0,1310.0,200.0,220.0,300.0,520.0,6,2011-01-01,1,6,0,2011,1,1,606.8291
951,0,3,0,276.0,281.0,554.0,239.0,95.0,74.0,1246.0,170.0,190.0,220.0,410.0,9,2011-01-10,2,10,0,2011,1,10,569.104
951,0,3,0,43.0,74.0,132.0,58.0,31.0,19.0,548.0,50.0,40.0,70.0,110.0,10,2010-01-09,2,11,0,2010,1,9,132.42462
951,0,3,0,142.0,132.0,238.0,91.0,36.0,25.0,777.0,80.0,60.0,90.0,150.0,11,2011-01-04,3,5,1,2011,1,4,246.92715
951,0,3,0,166.0,163.0,274.0,113.0,40.0,31.0,897.0,90.0,70.0,110.0,180.0,11,2011-01-06,3,5,1,2011,1,6,266.6798
951,0,3,0,84.0,117.0,198.0,81.0,33.0,22.0,441.0,70.0,50.0,80.0,130.0,12,2010-01-03,3,8,1,2010,1,3,191.31766
951,0,3,0,191.0,212.0,451.0,211.0,83.0,59.0,1778.0,140.0,200.0,210.0,410.0,4,2011-01-11,1,1,1,2011,1,11,453.91437
954,3,1,0,68.0,126.0,210.0,84.0,58.0,27.0,651.0,70.0,80.0,110.0,190.0,2,2010-01-01,0,4,1,2010,1,1,212.54608
954,3,1,0,144.0,172.0,283.0,114.0,63.0,37.0,810.0,120.0,100.0,170.0,270.0,2,2011-01-08,0,4,1,2011,1,8,299.4139
954,3,1,0,95.0,123.0,218.0,82.0,59.0,27.0,788.0,90.0,60.0,110.0,170.0,2,2011-01-10,0,4,1,2011,1,10,256.83304
954,3,1,0,81.0,134.0,230.0,96.0,53.0,29.0,666.0,80.0,90.0,120.0,210.0,3,2010-01-09,0,7,0,2010,1,9,240.61739
954,3,1,0,145.0,164.0,279.0,118.0,55.0,36.0,636.0,100.0,110.0,150.0,260.0,3,2011-01-06,0,7,0,2011,1,6,270.42676
954,3,1,0,58.0,85.0,144.0,59.0,27.0,16.0,870.0,70.0,60.0,90.0,150.0,13,2010-01-07,3,9,1,2010,1,7,135.54166
954,3,1,0,23.0,80.0,145.0,65.0,57.0,24.0,403.0,20.0,40.0,60.0,100.0,9,2010-01-12,2,10,0,2010,1,12,132.6259
954,3,1,0,44.0,89.0,164.0,75.0,45.0,23.0,1063.0,30.0,50.0,60.0,110.0,10,2010-01-11,2,11,0,2010,1,11,160.56892
954,3,1,0,28.0,48.0,80.0,32.0,20.0,8.0,821.0,40.0,30.0,50.0,80.0,11,2010-01-01,3,5,1,2010,1,1,77.472374
954,3,1,0,61.0,68.0,113.0,46.0,22.0,12.0,880.0,60.0,40.0,80.0,120.0,11,2011-01-08,3,5,1,2011,1,8,101.11564
956,16,2,0,174.0,265.0,490.0,225.0,91.0,69.0,1272.0,230.0,260.0,320.0,580.0,2,2010-01-11,0,4,1,2010,1,11,508.15573
956,16,2,0,68.0,107.0,190.0,83.0,39.0,27.0,584.0,100.0,100.0,130.0,230.0,3,2010-01-05,0,7,0,2010,1,5,173.90822
956,16,2,0,45.0,56.0,106.0,43.0,26.0,14.0,531.0,40.0,50.0,60.0,110.0,3,2011-01-12,0,7,0,2011,1,12,149.2411
956,16,2,0,54.0,80.0,134.0,54.0,26.0,15.0,456.0,60.0,40.0,70.0,110.0,6,2010-01-01,1,6,0,2010,1,1,188.21765
956,16,2,0,80.0,112.0,189.0,77.0,32.0,21.0,449.0,90.0,60.0,100.0,160.0,6,2010-01-02,1,6,0,2010,1,2,200.45898
956,16,2,0,84.0,117.0,198.0,81.0,33.0,22.0,460.0,90.0,60.0,110.0,170.0,6,2010-01-04,1,6,0,2010,1,4,204.95421
956,16,2,0,86.0,114.0,201.0,75.0,56.0,24.0,378.0,60.0,60.0,100.0,160.0,4,2011-01-02,1,1,1,2011,1,2,192.27516
956,16,2,0,71.0,102.0,181.0,68.0,54.0,22.0,9.0,50.0,50.0,90.0,140.0,4,2011-01-04,1,1,1,2011,1,4,184.07265
959,2,1,1,121.0,195.0,325.0,130.0,74.0,42.0,945.0,130.0,120.0,180.0,300.0,2,2010-01-02,0,4,1,2010,1,2,302.7514
959,2,1,1,98.0,165.0,275.0,110.0,67.0,36.0,1020.0,110.0,100.0,160.0,260.0,2,2010-01-05,0,4,1,2010,1,5,260.364
959,2,1,1,179.0,186.0,347.0,124.0,75.0,40.0,961.0,130.0,110.0,180.0,290.0,2,2011-01-01,0,4,1,2011,1,1,344.93875
959,2,1,1,159.0,176.0,311.0,116.0,69.0,38.0,962.0,110.0,110.0,160.0,270.0,2,2011-01-04,0,4,1,2011,1,4,299.46838
959,2,1,1,109.0,140.0,230.0,92.0,57.0,30.0,1102.0,100.0,80.0,140.0,220.0,2,2011-01-06,0,4,1,2011,1,6,245.02988
959,2,1,1,156.0,174.0,308.0,115.0,69.0,37.0,1166.0,110.0,100.0,160.0,260.0,2,2011-01-12,0,4,1,2011,1,12,260.46054
959,2,1,1,12.0,28.0,47.0,19.0,16.0,5.0,811.0,20.0,20.0,30.0,50.0,13,2010-01-08,3,9,1,2010,1,8,43.631893
959,2,1,1,18.0,36.0,60.0,24.0,18.0,6.0,806.0,40.0,20.0,40.0,60.0,13,2010-01-10,3,9,1,2010,1,10,65.530365
959,2,1,1,28.0,49.0,82.0,33.0,21.0,9.0,818.0,40.0,30.0,50.0,80.0,13,2010-01-12,3,9,1,2010,1,12,74.33478
959,2,1,1,31.0,39.0,70.0,27.0,18.0,7.0,772.0,40.0,20.0,50.0,70.0,13,2011-01-02,3,9,1,2011,1,2,75.33306
959,2,1,1,27.0,37.0,66.0,25.0,19.0,7.0,775.0,30.0,20.0,40.0,60.0,13,2011-01-04,3,9,1,2011,1,4,70.67604
959,2,1,1,25.0,34.0,61.0,23.0,17.0,6.0,809.0,30.0,20.0,40.0,60.0,13,2011-01-09,3,9,1,2011,1,9,64.16122
959,2,1,1,42.0,49.0,87.0,33.0,21.0,9.0,818.0,40.0,30.0,50.0,80.0,13,2011-01-12,3,9,1,2011,1,12,78.05259
959,2,1,1,2.0,87.0,149.0,62.0,85.0,56.0,612.0,20.0,50.0,90.0,140.0,5,2010-01-09,1,2,1,2010,1,9,135.40063
959,2,1,1,1.0,84.0,153.0,60.0,83.0,54.0,606.0,40.0,40.0,90.0,130.0,5,2011-01-10,1,2,1,2011,1,10,148.08594
959,2,1,1,21.0,65.0,114.0,49.0,44.0,16.0,392.0,40.0,40.0,70.0,110.0,6,2010-01-12,1,6,0,2010,1,12,112.82416
959,2,1,1,43.0,75.0,139.0,55.0,46.0,18.0,305.0,40.0,50.0,70.0,120.0,6,2011-01-02,1,6,0,2011,1,2,150.02676
959,2,1,1,26.0,62.0,107.0,46.0,40.0,15.0,367.0,30.0,40.0,60.0,100.0,6,2011-01-06,1,6,0,2011,1,6,100.51743
959,2,1,1,34.0,65.0,120.0,48.0,42.0,15.0,380.0,40.0,40.0,70.0,110.0,6,2011-01-09,1,6,0,2011,1,9,119.07864
959,2,1,1,34.0,98.0,178.0,80.0,64.0,30.0,494.0,30.0,60.0,70.0,130.0,9,2010-01-04,2,10,0,2010,1,4,183.01596
959,2,1,1,32.0,93.0,169.0,76.0,61.0,28.0,613.0,40.0,50.0,80.0,130.0,9,2010-01-07,2,10,0,2010,1,7,163.69484
959,2,1,1,24.0,83.0,150.0,67.0,59.0,25.0,599.0,20.0,50.0,60.0,110.0,9,2010-01-09,2,10,0,2010,1,9,172.2416
959,2,1,1,34.0,98.0,177.0,79.0,64.0,30.0,593.0,30.0,40.0,50.0,90.0,9,2010-01-10,2,10,0,2010,1,10,171.57954
959,2,1,1,58.0,104.0,201.0,85.0,65.0,32.0,476.0,40.0,60.0,80.0,140.0,9,2011-01-03,2,10,0,2011,1,3,199.36249
959,2,1,1,39.0,88.0,159.0,72.0,56.0,27.0,606.0,30.0,50.0,70.0,120.0,9,2011-01-08,2,10,0,2011,1,8,169.42096
959,2,1,1,33.0,72.0,132.0,60.0,39.0,18.0,1070.0,40.0,40.0,60.0,100.0,10,2010-01-07,2,11,0,2010,1,7,129.3741
959,2,1,1,24.0,60.0,110.0,50.0,36.0,15.0,1064.0,30.0,30.0,50.0,80.0,10,2010-01-08,2,11,0,2010,1,8,127.52669
959,2,1,1,50.0,77.0,141.0,65.0,38.0,20.0,1042.0,50.0,40.0,70.0,110.0,10,2011-01-06,2,11,0,2011,1,6,133.68839
959,2,1,1,46.0,72.0,131.0,60.0,36.0,18.0,1070.0,40.0,40.0,60.0,100.0,10,2011-01-07,2,11,0,2011,1,7,122.00547
959,2,1,1,56.0,81.0,160.0,69.0,43.0,21.0,1060.0,30.0,50.0,50.0,100.0,10,2011-01-11,2,11,0,2011,1,11,141.39381
959,2,1,1,47.0,72.0,121.0,49.0,25.0,13.0,809.0,60.0,50.0,80.0,130.0,11,2010-01-03,3,5,1,2010,1,3,129.29335
959,2,1,1,33.0,55.0,92.0,37.0,22.0,10.0,876.0,40.0,30.0,60.0,90.0,11,2010-01-06,3,5,1,2010,1,6,113.42434
959,2,1,1,51.0,78.0,132.0,54.0,27.0,15.0,885.0,60.0,50.0,80.0,130.0,11,2010-01-11,3,5,1,2010,1,11,123.95838
959,2,1,1,73.0,73.0,138.0,50.0,27.0,14.0,821.0,60.0,50.0,80.0,130.0,11,2011-01-01,3,5,1,2011,1,1,151.65327
959,2,1,1,64.0,68.0,123.0,47.0,25.0,13.0,821.0,60.0,40.0,80.0,120.0,11,2011-01-04,3,5,1,2011,1,4,136.39943
959,2,1,1,44.0,52.0,86.0,35.0,19.0,9.0,894.0,50.0,30.0,60.0,90.0,11,2011-01-07,3,5,1,2011,1,7,100.07538
959,2,1,1,39.0,49.0,82.0,34.0,20.0,9.0,890.0,40.0,30.0,50.0,80.0,11,2011-01-08,3,5,1,2011,1,8,117.41143
959,2,1,1,70.0,73.0,131.0,50.0,26.0,14.0,898.0,50.0,50.0,70.0,120.0,11,2011-01-12,3,5,1,2011,1,12,133.20897
970,1,0,0,134.0,179.0,302.0,123.0,45.0,34.0,928.0,140.0,130.0,180.0,310.0,1,2010-01-09,0,0,1,2010,1,9,292.42712
970,1,0,0,133.0,179.0,302.0,123.0,46.0,34.0,915.0,160.0,120.0,180.0,300.0,1,2010-01-10,0,0,1,2010,1,10,289.59314
970,1,0,0,128.0,172.0,290.0,118.0,44.0,33.0,930.0,130.0,110.0,170.0,280.0,1,2010-01-11,0,0,1,2010,1,11,280.5954
970,1,0,0,142.0,132.0,238.0,91.0,36.0,25.0,777.0,110.0,90.0,140.0,230.0,1,2011-01-04,0,0,1,2011,1,4,244.86418
970,1,0,0,199.0,179.0,322.0,123.0,45.0,34.0,928.0,140.0,130.0,180.0,310.0,1,2011-01-09,0,0,1,2011,1,9,301.49634
970,1,0,0,68.0,107.0,190.0,83.0,39.0,27.0,623.0,80.0,80.0,110.0,190.0,2,2010-01-01,0,4,1,2010,1,1,192.30858
970,1,0,0,69.0,109.0,193.0,84.0,40.0,27.0,603.0,90.0,80.0,120.0,200.0,2,2010-01-03,0,4,1,2010,1,3,189.23784
970,1,0,0,63.0,100.0,178.0,78.0,37.0,25.0,593.0,70.0,80.0,100.0,180.0,2,2010-01-04,0,4,1,2010,1,4,182.83807
970,1,0,0,68.0,107.0,190.0,83.0,39.0,27.0,574.0,80.0,80.0,110.0,190.0,2,2010-01-06,0,4,1,2010,1,6,197.61682
970,1,0,0,71.0,112.0,199.0,87.0,41.0,28.0,564.0,80.0,90.0,110.0,200.0,2,2010-01-07,0,4,1,2010,1,7,199.06271
970,1,0,0,42.0,74.0,132.0,58.0,32.0,19.0,548.0,50.0,60.0,70.0,130.0,2,2010-01-09,0,4,1,2010,1,9,142.61928
970,1,0,0,27.0,52.0,92.0,40.0,25.0,13.0,536.0,40.0,30.0,60.0,90.0,2,2010-01-11,0,4,1,2010,1,11,111.81385
970,1,0,0,29.0,56.0,99.0,43.0,27.0,14.0,531.0,30.0,40.0,50.0,90.0,2,2010-01-12,0,4,1,2010,1,12,111.452415
970,1,0,0,102.0,109.0,206.0,84.0,40.0,27.0,603.0,90.0,80.0,120.0,200.0,2,2011-01-03,0,4,1,2011,1,3,199.90565
970,1,0,0,93.0,100.0,190.0,78.0,37.0,25.0,593.0,70.0,80.0,100.0,180.0,2,2011-01-04,0,4,1,2011,1,4,194.12448
970,1,0,0,94.0,107.0,188.0,83.0,36.0,27.0,574.0,80.0,80.0,110.0,190.0,2,2011-01-06,0,4,1,2011,1,6,189.39012
970,1,0,0,54.0,68.0,119.0,52.0,27.0,17.0,554.0,50.0,50.0,70.0,120.0,2,2011-01-08,0,4,1,2011,1,8,157.85542
970,1,0,0,43.0,56.0,106.0,43.0,27.0,14.0,531.0,30.0,40.0,50.0,90.0,2,2011-01-12,0,4,1,2011,1,12,120.10256
970,1,0,0,101.0,139.0,234.0,95.0,38.0,26.0,821.0,110.0,100.0,140.0,240.0,3,2010-01-01,0,7,0,2010,1,1,226.74039
970,1,0,0,139.0,185.0,312.0,127.0,46.0,35.0,1007.0,150.0,130.0,190.0,320.0,3,2010-01-07,0,7,0,2010,1,7,265.42322
970,1,0,0,106.0,145.0,245.0,100.0,39.0,28.0,981.0,120.0,100.0,150.0,250.0,3,2010-01-09,0,7,0,2010,1,9,228.22162
970,1,0,0,84.0,117.0,198.0,81.0,33.0,22.0,984.0,80.0,80.0,110.0,190.0,3,2010-01-11,0,7,0,2010,1,11,197.97995
970,1,0,0,30.0,56.0,100.0,44.0,26.0,14.0,618.0,30.0,30.0,50.0,80.0,13,2010-01-02,3,9,1,2010,1,2,115.4693
970,1,0,0,47.0,79.0,140.0,61.0,32.0,20.0,579.0,50.0,50.0,70.0,120.0,13,2010-01-09,3,9,1,2010,1,9,137.78442
970,1,0,0,45.0,56.0,107.0,44.0,26.0,14.0,618.0,30.0,30.0,50.0,80.0,13,2011-01-02,3,9,1,2011,1,2,118.12624
970,1,0,0,41.0,56.0,98.0,43.0,24.0,14.0,602.0,30.0,30.0,50.0,80.0,13,2011-01-05,3,9,1,2011,1,5,91.78504
970,1,0,0,40.0,56.0,98.0,43.0,25.0,14.0,597.0,30.0,30.0,50.0,80.0,13,2011-01-06,3,9,1,2011,1,6,91.15971
970,1,0,0,37.0,53.0,93.0,41.0,24.0,13.0,592.0,30.0,30.0,50.0,80.0,13,2011-01-07,3,9,1,2011,1,7,86.93193
970,1,0,0,110.0,115.0,218.0,90.0,41.0,29.0,572.0,80.0,50.0,90.0,140.0,13,2011-01-10,3,9,1,2011,1,10,159.90358
970,1,0,0,104.0,112.0,213.0,88.0,42.0,29.0,561.0,60.0,70.0,90.0,160.0,13,2011-01-11,3,9,1,2011,1,11,158.6285
970,1,0,0,80.0,112.0,189.0,77.0,32.0,21.0,449.0,110.0,80.0,140.0,220.0,5,2010-01-02,1,2,1,2010,1,2,207.39268
970,1,0,0,53.0,79.0,133.0,54.0,26.0,15.0,601.0,90.0,60.0,110.0,170.0,5,2010-01-12,1,2,1,2010,1,12,175.97849
970,1,0,0,121.0,124.0,208.0,86.0,33.0,24.0,499.0,120.0,90.0,150.0,240.0,5,2011-01-05,1,2,1,2011,1,5,209.14209
970,1,0,0,117.0,111.0,199.0,76.0,32.0,21.0,580.0,170.0,100.0,180.0,280.0,5,2011-01-10,1,2,1,2011,1,10,213.96286
970,1,0,0,79.0,79.0,142.0,54.0,26.0,15.0,601.0,90.0,60.0,110.0,170.0,5,2011-01-12,1,2,1,2011,1,12,186.5336
970,1,0,0,54.0,108.0,180.0,72.0,54.0,23.0,541.0,80.0,80.0,130.0,210.0,6,2010-01-03,1,6,0,2010,1,3,199.92789
970,1,0,0,47.0,101.0,168.0,67.0,54.0,22.0,677.0,80.0,80.0,130.0,210.0,6,2010-01-12,1,6,0,2010,1,12,174.40627
970,1,0,0,88.0,114.0,201.0,75.0,55.0,24.0,549.0,90.0,80.0,140.0,220.0,6,2011-01-02,1,6,0,2011,1,2,221.70511
970,1,0,0,80.0,108.0,192.0,72.0,54.0,23.0,541.0,80.0,80.0,130.0,210.0,6,2011-01-03,1,6,0,2011,1,3,216.66336
970,1,0,0,46.0,81.0,134.0,54.0,45.0,17.0,641.0,50.0,60.0,90.0,150.0,6,2011-01-06,1,6,0,2011,1,6,192.26138
970,1,0,0,58.0,90.0,160.0,60.0,51.0,19.0,656.0,60.0,60.0,110.0,170.0,6,2011-01-09,1,6,0,2011,1,9,194.18077
970,1,0,0,83.0,110.0,194.0,72.0,54.0,23.0,650.0,130.0,100.0,160.0,260.0,6,2011-01-10,1,6,0,2011,1,10,194.66154
970,1,0,0,86.0,114.0,201.0,75.0,56.0,24.0,659.0,100.0,90.0,150.0,240.0,6,2011-01-11,1,6,0,2011,1,11,195.0969
970,1,0,0,99.0,171.0,341.0,170.0,72.0,47.0,1091.0,110.0,140.0,160.0,300.0,8,2010-01-01,2,3,0,2010,1,1,327.95413
970,1,0,0,99.0,170.0,340.0,170.0,71.0,47.0,1073.0,100.0,140.0,150.0,290.0,8,2010-01-02,2,3,0,2010,1,2,325.31494
970,1,0,0,83.0,149.0,298.0,149.0,66.0,41.0,1156.0,90.0,120.0,140.0,260.0,8,2010-01-05,2,3,0,2010,1,5,289.1476
970,1,0,0,87.0,155.0,310.0,155.0,68.0,43.0,1280.0,90.0,130.0,140.0,270.0,8,2010-01-09,2,3,0,2010,1,9,287.3762
970,1,0,0,107.0,182.0,363.0,181.0,75.0,50.0,1283.0,100.0,170.0,160.0,330.0,8,2010-01-11,2,3,0,2010,1,11,293.9034
970,1,0,0,147.0,170.0,362.0,170.0,71.0,47.0,1073.0,100.0,140.0,150.0,290.0,8,2011-01-02,2,3,0,2011,1,2,334.71616
970,1,0,0,140.0,163.0,346.0,162.0,69.0,45.0,1059.0,100.0,130.0,150.0,280.0,8,2011-01-03,2,3,0,2011,1,3,329.76965
970,1,0,0,159.0,182.0,387.0,181.0,75.0,50.0,1283.0,100.0,170.0,160.0,330.0,8,2011-01-11,2,3,0,2011,1,11,301.87817
970,1,0,0,129.0,153.0,326.0,153.0,66.0,42.0,1319.0,80.0,140.0,140.0,280.0,8,2011-01-12,2,3,0,2011,1,12,284.348
970,1,0,0,-3.0,75.0,129.0,54.0,78.0,49.0,427.0,10.0,40.0,70.0,110.0,9,2010-01-02,2,10,0,2010,1,2,129.38353
970,1,0,0,-4.0,73.0,125.0,52.0,77.0,47.0,421.0,20.0,40.0,70.0,110.0,9,2010-01-03,2,10,0,2010,1,3,125.05577
970,1,0,0,-10.0,56.0,95.0,39.0,66.0,36.0,517.0,0.0,30.0,50.0,80.0,9,2010-01-07,2,10,0,2010,1,7,110.61747
970,1,0,0,-10.0,52.0,89.0,37.0,62.0,33.0,513.0,0.0,30.0,40.0,70.0,9,2010-01-08,2,10,0,2010,1,8,106.486694
970,1,0,0,-2.0,74.0,126.0,52.0,76.0,47.0,509.0,20.0,40.0,70.0,110.0,9,2010-01-09,2,10,0,2010,1,9,108.98832
970,1,0,0,-6.0,65.0,112.0,47.0,71.0,42.0,521.0,0.0,40.0,60.0,100.0,9,2010-01-12,2,10,0,2010,1,12,108.70585
970,1,0,0,-4.0,75.0,137.0,54.0,78.0,49.0,427.0,10.0,40.0,70.0,110.0,9,2011-01-02,2,10,0,2011,1,2,145.51796
970,1,0,0,-4.0,75.0,127.0,53.0,73.0,48.0,458.0,10.0,40.0,70.0,110.0,9,2011-01-05,2,10,0,2011,1,5,120.59175
970,1,0,0,-3.0,74.0,134.0,52.0,76.0,47.0,509.0,20.0,40.0,70.0,110.0,9,2011-01-09,2,10,0,2011,1,9,112.709465
970,1,0,0,-6.0,73.0,133.0,52.0,77.0,47.0,509.0,10.0,40.0,70.0,110.0,9,2011-01-11,2,10,0,2011,1,11,114.44633
970,1,0,0,33.0,80.0,140.0,60.0,47.0,19.0,336.0,40.0,50.0,70.0,120.0,10,2010-01-01,2,11,0,2010,1,1,141.5173
970,1,0,0,26.0,71.0,123.0,52.0,45.0,17.0,405.0,50.0,30.0,60.0,90.0,10,2010-01-10,2,11,0,2010,1,10,122.58088
970,1,0,0,51.0,80.0,157.0,60.0,49.0,19.0,336.0,40.0,50.0,70.0,120.0,10,2011-01-01,2,11,0,2011,1,1,158.58195
970,1,0,0,46.0,77.0,143.0,57.0,46.0,18.0,323.0,40.0,40.0,70.0,110.0,10,2011-01-03,2,11,0,2011,1,3,148.86067
970,1,0,0,39.0,71.0,131.0,52.0,45.0,17.0,405.0,50.0,30.0,60.0,90.0,10,2011-01-10,2,11,0,2011,1,10,128.59657
970,1,0,0,47.0,79.0,147.0,59.0,47.0,19.0,411.0,40.0,50.0,70.0,120.0,10,2011-01-11,2,11,0,2011,1,11,131.8312
970,1,0,0,43.0,73.0,135.0,54.0,44.0,17.0,424.0,30.0,50.0,60.0,110.0,10,2011-01-12,2,11,0,2011,1,12,127.09796
970,1,0,0,16.0,71.0,129.0,58.0,55.0,22.0,325.0,20.0,40.0,70.0,110.0,11,2010-01-03,3,5,1,2010,1,3,114.27058
970,1,0,0,12.0,64.0,115.0,51.0,52.0,19.0,419.0,20.0,40.0,60.0,100.0,11,2010-01-07,3,5,1,2010,1,7,100.628334
970,1,0,0,7.0,57.0,102.0,45.0,50.0,17.0,409.0,10.0,30.0,50.0,80.0,11,2010-01-09,3,5,1,2010,1,9,103.66223
970,1,0,0,27.0,73.0,141.0,59.0,55.0,22.0,331.0,10.0,50.0,60.0,110.0,11,2011-01-02,3,5,1,2011,1,2,134.22896
970,1,0,0,24.0,71.0,137.0,58.0,55.0,22.0,325.0,20.0,40.0,70.0,110.0,11,2011-01-03,3,5,1,2011,1,3,130.49
970,1,0,0,15.0,64.0,114.0,51.0,49.0,19.0,396.0,20.0,40.0,60.0,100.0,11,2011-01-06,3,5,1,2011,1,6,102.934555
970,1,0,0,27.0,64.0,117.0,53.0,37.0,16.0,1028.0,30.0,40.0,60.0,100.0,12,2010-01-06,3,8,1,2010,1,6,117.12812
970,1,0,0,16.0,50.0,91.0,41.0,34.0,12.0,1046.0,20.0,30.0,50.0,80.0,12,2010-01-08,3,8,1,2010,1,8,110.88909
970,1,0,0,50.0,74.0,145.0,62.0,40.0,19.0,958.0,30.0,50.0,60.0,110.0,12,2011-01-02,3,8,1,2011,1,2,134.14903
970,1,0,0,47.0,73.0,144.0,62.0,41.0,19.0,952.0,30.0,50.0,60.0,110.0,12,2011-01-03,3,8,1,2011,1,3,132.79245
970,1,0,0,40.0,64.0,126.0,54.0,37.0,16.0,1037.0,40.0,30.0,50.0,80.0,12,2011-01-10,3,8,1,2011,1,10,117.08741
970,1,0,0,39.0,63.0,124.0,53.0,37.0,16.0,1054.0,20.0,40.0,50.0,90.0,12,2011-01-12,3,8,1,2011,1,12,110.83981
971,15,3,1,-4.0,75.0,129.0,54.0,79.0,49.0,427.0,40.0,60.0,100.0,160.0,1,2010-01-02,0,0,1,2010,1,2,128.83069
971,15,3,1,-3.0,73.0,125.0,52.0,76.0,47.0,433.0,30.0,60.0,90.0,150.0,1,2010-01-04,0,0,1,2010,1,4,122.646126
971,15,3,1,-10.0,56.0,95.0,39.0,66.0,36.0,517.0,20.0,40.0,70.0,110.0,1,2010-01-07,0,0,1,2010,1,7,100.74055
971,15,3,1,-5.0,71.0,122.0,51.0,76.0,46.0,503.0,50.0,70.0,100.0,170.0,1,2010-01-10,0,0,1,2010,1,10,123.318146
971,15,3,1,-4.0,73.0,133.0,52.0,76.0,47.0,421.0,30.0,60.0,90.0,150.0,1,2011-01-03,0,0,1,2011,1,3,139.4116
971,15,3,1,-3.0,75.0,127.0,53.0,72.0,48.0,458.0,40.0,60.0,100.0,160.0,1,2011-01-05,0,0,1,2011,1,5,118.09145
971,15,3,1,-15.0,52.0,88.0,37.0,59.0,33.0,513.0,20.0,40.0,70.0,110.0,1,2011-01-08,0,0,1,2011,1,8,117.277054
971,15,3,1,-6.0,73.0,133.0,52.0,77.0,47.0,509.0,10.0,60.0,80.0,140.0,1,2011-01-11,0,0,1,2011,1,11,133.4918
971,15,3,1,8.0,68.0,116.0,48.0,60.0,15.0,422.0,30.0,60.0,80.0,140.0,2,2010-01-05,0,4,1,2010,1,5,117.61126
971,15,3,1,4.0,65.0,112.0,47.0,61.0,15.0,456.0,40.0,50.0,90.0,140.0,2,2010-01-06,0,4,1,2010,1,6,111.09617
971,15,3,1,0.0,55.0,94.0,39.0,55.0,12.0,478.0,20.0,40.0,70.0,110.0,2,2010-01-07,0,4,1,2010,1,7,109.970825
971,15,3,1,8.0,67.0,114.0,47.0,59.0,15.0,474.0,40.0,50.0,90.0,140.0,2,2010-01-08,0,4,1,2010,1,8,116.41767
971,15,3,1,21.0,84.0,144.0,60.0,63.0,19.0,463.0,90.0,80.0,130.0,210.0,2,2010-01-10,0,4,1,2010,1,10,129.26707
971,15,3,1,14.0,75.0,128.0,53.0,61.0,17.0,470.0,40.0,60.0,90.0,150.0,2,2010-01-11,0,4,1,2010,1,11,123.45272
971,15,3,1,36.0,87.0,159.0,62.0,63.0,20.0,385.0,60.0,70.0,110.0,180.0,2,2011-01-03,0,4,1,2011,1,3,146.05127
971,15,3,1,11.0,68.0,115.0,48.0,56.0,15.0,422.0,30.0,60.0,80.0,140.0,2,2011-01-05,0,4,1,2011,1,5,111.854004
971,15,3,1,11.0,67.0,113.0,47.0,55.0,15.0,474.0,40.0,50.0,90.0,140.0,2,2011-01-08,0,4,1,2011,1,8,133.08035
971,15,3,1,42.0,83.0,140.0,57.0,41.0,18.0,364.0,70.0,70.0,100.0,170.0,3,2010-01-01,0,7,0,2010,1,1,138.92615
971,15,3,1,38.0,76.0,128.0,52.0,38.0,16.0,357.0,70.0,60.0,100.0,160.0,3,2010-01-02,0,7,0,2010,1,2,125.85805
971,15,3,1,25.0,61.0,103.0,42.0,36.0,13.0,384.0,40.0,50.0,70.0,120.0,3,2010-01-05,0,7,0,2010,1,5,111.145164
971,15,3,1,28.0,64.0,107.0,43.0,36.0,13.0,424.0,50.0,50.0,80.0,130.0,3,2010-01-09,0,7,0,2010,1,9,109.48686
971,15,3,1,29.0,64.0,107.0,43.0,35.0,13.0,419.0,80.0,50.0,100.0,150.0,3,2010-01-10,0,7,0,2010,1,10,109.325264
971,15,3,1,65.0,83.0,157.0,57.0,43.0,18.0,364.0,70.0,70.0,100.0,170.0,3,2011-01-01,0,7,0,2011,1,1,170.46826
971,15,3,1,56.0,76.0,136.0,52.0,38.0,16.0,357.0,70.0,60.0,100.0,160.0,3,2011-01-02,0,7,0,2011,1,2,137.86848
971,15,3,1,50.0,72.0,129.0,49.0,38.0,15.0,351.0,60.0,60.0,90.0,150.0,3,2011-01-03,0,7,0,2011,1,3,135.57243
971,15,3,1,35.0,61.0,102.0,42.0,33.0,13.0,384.0,40.0,50.0,70.0,120.0,3,2011-01-05,0,7,0,2011,1,5,104.33727
971,15,3,1,43.0,64.0,114.0,43.0,35.0,13.0,419.0,80.0,50.0,100.0,150.0,3,2011-01-10,0,7,0,2011,1,10,122.219986
971,15,3,1,98.0,155.0,267.0,112.0,57.0,34.0,502.0,70.0,70.0,110.0,180.0,13,2010-01-04,3,9,1,2010,1,4,266.52475
971,15,3,1,101.0,159.0,273.0,114.0,58.0,35.0,555.0,70.0,70.0,110.0,180.0,13,2010-01-05,3,9,1,2010,1,5,265.16373
971,15,3,1,76.0,127.0,218.0,91.0,51.0,28.0,656.0,50.0,40.0,60.0,100.0,13,2010-01-10,3,9,1,2010,1,10,238.66406
971,15,3,1,89.0,143.0,245.0,102.0,54.0,31.0,666.0,70.0,70.0,100.0,170.0,13,2010-01-11,3,9,1,2010,1,11,244.8375
971,15,3,1,105.0,120.0,220.0,86.0,49.0,26.0,490.0,60.0,50.0,90.0,140.0,13,2011-01-02,3,9,1,2011,1,2,225.43689
971,15,3,1,110.0,125.0,228.0,89.0,51.0,27.0,481.0,60.0,50.0,90.0,140.0,13,2011-01-03,3,9,1,2011,1,3,226.40013
971,15,3,1,145.0,155.0,285.0,112.0,57.0,34.0,502.0,70.0,70.0,110.0,180.0,13,2011-01-04,3,9,1,2011,1,4,283.22263
971,15,3,1,120.0,134.0,245.0,96.0,53.0,29.0,666.0,60.0,60.0,90.0,150.0,13,2011-01-09,3,9,1,2011,1,9,258.70883
971,15,3,1,132.0,143.0,261.0,102.0,54.0,31.0,666.0,70.0,70.0,100.0,170.0,13,2011-01-11,3,9,1,2011,1,11,257.09705
971,15,3,1,32.0,77.0,134.0,57.0,45.0,18.0,323.0,40.0,50.0,70.0,120.0,5,2010-01-03,1,2,1,2010,1,3,120.328865
971,15,3,1,28.0,74.0,129.0,55.0,46.0,18.0,336.0,40.0,50.0,70.0,120.0,5,2010-01-04,1,2,1,2010,1,4,116.74773
971,15,3,1,27.0,71.0,123.0,52.0,44.0,17.0,405.0,60.0,30.0,70.0,100.0,5,2010-01-10,1,2,1,2010,1,10,126.49087
971,15,3,1,42.0,74.0,137.0,55.0,46.0,18.0,336.0,40.0,50.0,70.0,120.0,5,2011-01-04,1,2,1,2011,1,4,131.57713
971,15,3,1,37.0,71.0,122.0,52.0,41.0,17.0,361.0,40.0,40.0,70.0,110.0,5,2011-01-05,1,2,1,2011,1,5,106.69838
971,15,3,1,26.0,62.0,107.0,46.0,40.0,15.0,415.0,30.0,40.0,60.0,100.0,5,2011-01-08,1,2,1,2011,1,8,121.33584
971,15,3,1,99.0,171.0,341.0,170.0,72.0,47.0,1091.0,100.0,160.0,160.0,320.0,6,2010-01-01,1,6,0,2010,1,1,305.27988
971,15,3,1,99.0,170.0,340.0,170.0,71.0,47.0,1073.0,100.0,160.0,160.0,320.0,6,2010-01-02,1,6,0,2010,1,2,286.75696
971,15,3,1,94.0,163.0,325.0,162.0,69.0,45.0,1059.0,100.0,150.0,160.0,310.0,6,2010-01-03,1,6,0,2010,1,3,282.49524
971,15,3,1,87.0,153.0,306.0,153.0,66.0,42.0,1319.0,80.0,150.0,140.0,290.0,6,2010-01-12,1,6,0,2010,1,12,287.91788
971,15,3,1,154.0,171.0,382.0,170.0,76.0,47.0,1091.0,100.0,160.0,160.0,320.0,6,2011-01-01,1,6,0,2011,1,1,348.74432
971,15,3,1,138.0,163.0,346.0,162.0,70.0,45.0,1091.0,100.0,150.0,160.0,310.0,6,2011-01-04,1,6,0,2011,1,4,292.94302
971,15,3,1,129.0,155.0,330.0,155.0,68.0,43.0,1280.0,90.0,140.0,150.0,290.0,6,2011-01-09,1,6,0,2011,1,9,282.20682
971,15,3,1,160.0,182.0,387.0,181.0,74.0,50.0,1283.0,120.0,170.0,180.0,350.0,6,2011-01-11,1,6,0,2011,1,11,290.06567
971,15,3,1,129.0,153.0,326.0,153.0,66.0,42.0,1319.0,80.0,150.0,140.0,290.0,6,2011-01-12,1,6,0,2011,1,12,297.70892
971,15,3,1,33.0,54.0,90.0,36.0,21.0,10.0,777.0,40.0,30.0,40.0,70.0,8,2010-01-01,2,3,0,2010,1,1,102.74784
971,15,3,1,28.0,48.0,81.0,33.0,20.0,9.0,772.0,50.0,20.0,50.0,70.0,8,2010-01-02,2,3,0,2010,1,2,95.55357
971,15,3,1,31.0,52.0,87.0,35.0,21.0,9.0,777.0,40.0,30.0,40.0,70.0,8,2010-01-04,2,3,0,2010,1,4,84.55436
971,15,3,1,22.0,41.0,69.0,28.0,19.0,7.0,816.0,40.0,20.0,40.0,60.0,8,2010-01-06,2,3,0,2010,1,6,72.53815
971,15,3,1,19.0,37.0,62.0,25.0,18.0,7.0,826.0,30.0,20.0,30.0,50.0,8,2010-01-08,2,3,0,2010,1,8,73.37246
971,15,3,1,17.0,36.0,61.0,25.0,19.0,7.0,820.0,30.0,10.0,30.0,40.0,8,2010-01-10,2,3,0,2010,1,10,85.12788
971,15,3,1,46.0,52.0,93.0,35.0,21.0,9.0,777.0,40.0,30.0,40.0,70.0,8,2011-01-04,2,3,0,2011,1,4,103.83451
971,15,3,1,26.0,37.0,61.0,25.0,17.0,7.0,826.0,30.0,20.0,30.0,50.0,8,2011-01-08,2,3,0,2011,1,8,86.273315
971,15,3,1,25.0,36.0,65.0,25.0,19.0,7.0,820.0,30.0,10.0,30.0,40.0,8,2011-01-10,2,3,0,2011,1,10,92.73865
971,15,3,1,29.0,55.0,98.0,43.0,26.0,14.0,613.0,30.0,30.0,50.0,80.0,9,2010-01-03,2,10,0,2010,1,3,114.40982
971,15,3,1,32.0,60.0,106.0,46.0,28.0,15.0,608.0,40.0,30.0,60.0,90.0,9,2010-01-04,2,10,0,2010,1,4,124.25495
971,15,3,1,30.0,56.0,99.0,43.0,26.0,14.0,602.0,30.0,30.0,50.0,80.0,9,2010-01-05,2,10,0,2010,1,5,125.13008
971,15,3,1,47.0,79.0,140.0,61.0,32.0,20.0,579.0,50.0,50.0,70.0,120.0,9,2010-01-09,2,10,0,2010,1,9,149.40103
971,15,3,1,73.0,115.0,205.0,90.0,42.0,29.0,572.0,90.0,60.0,100.0,160.0,9,2010-01-10,2,10,0,2010,1,10,159.69295
971,15,3,1,70.0,112.0,200.0,88.0,42.0,29.0,561.0,70.0,80.0,100.0,180.0,9,2010-01-11,2,10,0,2010,1,11,167.47708
971,15,3,1,28.0,48.0,80.0,32.0,20.0,8.0,456.0,30.0,20.0,30.0,50.0,11,2010-01-01,3,5,1,2010,1,1,91.71895
971,15,3,1,16.0,32.0,53.0,21.0,16.0,5.0,449.0,20.0,10.0,20.0,30.0,11,2010-01-03,3,5,1,2010,1,3,87.20096
971,15,3,1,25.0,44.0,73.0,29.0,19.0,8.0,490.0,30.0,20.0,30.0,50.0,11,2010-01-12,3,5,1,2010,1,12,93.42238
971,15,3,1,12.0,26.0,44.0,18.0,16.0,5.0,478.0,10.0,10.0,10.0,20.0,11,2011-01-06,3,5,1,2011,1,6,69.57523
971,15,3,1,24.0,32.0,56.0,21.0,16.0,5.0,480.0,20.0,0.0,20.0,20.0,11,2011-01-10,3,5,1,2011,1,10,91.55833
971,15,3,1,62.0,120.0,200.0,80.0,58.0,26.0,640.0,50.0,50.0,80.0,130.0,12,2010-01-02,3,8,1,2010,1,2,206.3485
971,15,3,1,104.0,172.0,286.0,114.0,68.0,37.0,810.0,80.0,70.0,120.0,190.0,12,2010-01-08,3,8,1,2010,1,8,240.15897
971,15,3,1,64.0,123.0,205.0,82.0,59.0,27.0,788.0,50.0,30.0,60.0,90.0,12,2010-01-10,3,8,1,2010,1,10,217.18102
971,15,3,1,62.0,119.0,197.0,78.0,57.0,25.0,798.0,50.0,50.0,90.0,140.0,12,2010-01-11,3,8,1,2010,1,11,217.08359
971,15,3,1,73.0,133.0,221.0,88.0,60.0,29.0,817.0,60.0,60.0,100.0,160.0,12,2010-01-12,3,8,1,2010,1,12,222.14331
971,15,3,1,101.0,126.0,224.0,84.0,58.0,27.0,632.0,60.0,50.0,90.0,140.0,12,2011-01-03,3,8,1,2011,1,3,222.23195
971,15,3,1,108.0,133.0,236.0,88.0,60.0,29.0,817.0,60.0,60.0,100.0,160.0,12,2011-01-12,3,8,1,2011,1,12,243.88603
971,15,3,1,12.0,64.0,115.0,51.0,52.0,19.0,419.0,30.0,40.0,70.0,110.0,4,2010-01-07,1,1,1,2010,1,7,109.86113
971,15,3,1,9.0,60.0,109.0,49.0,51.0,18.0,414.0,20.0,40.0,60.0,100.0,4,2010-01-08,1,1,1,2010,1,8,110.73244
971,15,3,1,6.0,57.0,103.0,46.0,51.0,17.0,422.0,10.0,40.0,50.0,90.0,4,2010-01-12,1,1,1,2010,1,12,116.99315
971,15,3,1,19.0,67.0,129.0,54.0,54.0,20.0,337.0,20.0,50.0,60.0,110.0,4,2011-01-04,1,1,1,2011,1,4,138.19379
971,15,3,1,15.0,64.0,114.0,51.0,49.0,19.0,396.0,30.0,40.0,70.0,110.0,4,2011-01-06,1,1,1,2011,1,6,114.491394
971,15,3,1,17.0,64.0,114.0,51.0,48.0,19.0,419.0,30.0,40.0,70.0,110.0,4,2011-01-07,1,1,1,2011,1,7,109.210205
971,15,3,1,9.0,57.0,109.0,45.0,51.0,17.0,409.0,10.0,40.0,50.0,90.0,4,2011-01-09,1,1,1,2011,1,9,125.92171
971,15,3,1,18.0,66.0,128.0,54.0,54.0,20.0,404.0,40.0,40.0,60.0,100.0,4,2011-01-10,1,1,1,2011,1,10,129.45326
971,15,3,1,9.0,57.0,110.0,46.0,51.0,17.0,422.0,10.0,40.0,50.0,90.0,4,2011-01-12,1,1,1,2011,1,12,126.74609
972,16,2,0,164.0,252.0,465.0,213.0,88.0,66.0,942.0,240.0,260.0,320.0,580.0,2,2010-01-02,0,4,1,2010,1,2,479.99207
972,16,2,0,188.0,284.0,525.0,241.0,96.0,74.0,1321.0,240.0,280.0,340.0,620.0,2,2010-01-12,0,4,1,2010,1,12,527.8355
972,16,2,0,284.0,307.0,562.0,260.0,94.0,80.0,1319.0,290.0,320.0,380.0,700.0,2,2011-01-07,0,4,1,2011,1,7,577.24976
972,16,2,0,133.0,179.0,302.0,123.0,46.0,34.0,959.0,110.0,90.0,140.0,230.0,5,2010-01-12,1,2,1,2010,1,12,278.45462
972,16,2,0,84.0,117.0,198.0,81.0,33.0,22.0,441.0,90.0,60.0,110.0,170.0,6,2010-01-03,1,6,0,2010,1,3,208.36656
978,7,1,0,366.0,420.0,492.0,72.0,54.0,23.0,-54.0,360.0,60.0,400.0,460.0,2,2010-01-03,0,4,1,2010,1,3,506.50772
978,7,1,0,434.0,487.0,551.0,64.0,53.0,21.0,-663.0,430.0,60.0,460.0,520.0,2,2010-01-05,0,4,1,2010,1,5,552.4264
978,7,1,0,324.0,379.0,454.0,75.0,55.0,24.0,-3287.0,300.0,60.0,340.0,400.0,2,2010-01-11,0,4,1,2010,1,11,480.97693
978,7,1,0,778.0,613.0,659.0,52.0,46.0,17.0,-1493.0,560.0,40.0,590.0,630.0,2,2011-01-07,0,4,1,2011,1,7,611.8099
978,7,1,0,17.0,34.0,56.0,22.0,17.0,6.0,452.0,30.0,20.0,40.0,60.0,13,2010-01-02,3,9,1,2010,1,2,57.700283
978,7,1,0,45.0,48.0,90.0,32.0,20.0,8.0,456.0,40.0,30.0,50.0,80.0,13,2011-01-01,3,9,1,2011,1,1,84.23697
978,7,1,0,25.0,34.0,60.0,22.0,17.0,6.0,452.0,30.0,20.0,40.0,60.0,13,2011-01-02,3,9,1,2011,1,2,59.430202
978,7,1,0,43.0,48.0,85.0,32.0,19.0,8.0,482.0,40.0,30.0,50.0,80.0,13,2011-01-11,3,9,1,2011,1,11,65.63151
978,7,1,0,7.0,72.0,111.0,39.0,65.0,36.0,560.0,20.0,30.0,70.0,100.0,5,2010-01-07,1,2,1,2010,1,7,130.21767
978,7,1,0,-30.0,52.0,106.0,47.0,72.0,42.0,571.0,-10.0,40.0,50.0,90.0,5,2011-01-12,1,2,1,2011,1,12,122.88296
978,7,1,0,11.0,64.0,115.0,51.0,53.0,19.0,419.0,20.0,30.0,50.0,80.0,9,2010-01-07,2,10,0,2010,1,7,116.38554
978,7,1,0,12.0,60.0,108.0,49.0,47.0,18.0,414.0,20.0,30.0,50.0,80.0,9,2011-01-08,2,10,0,2011,1,8,119.03409
978,7,1,0,28.0,48.0,80.0,32.0,20.0,8.0,817.0,40.0,30.0,50.0,80.0,11,2010-01-02,3,5,1,2010,1,2,72.06004
978,7,1,0,28.0,47.0,79.0,32.0,19.0,8.0,813.0,40.0,30.0,50.0,80.0,11,2010-01-03,3,5,1,2010,1,3,71.594185
978,7,1,0,30.0,39.0,70.0,27.0,19.0,7.0,859.0,50.0,20.0,50.0,70.0,11,2011-01-10,3,5,1,2011,1,10,66.38434
978,7,1,0,43.0,49.0,87.0,33.0,20.0,9.0,870.0,40.0,30.0,50.0,80.0,11,2011-01-12,3,5,1,2011,1,12,67.2259
978,7,1,0,100.0,171.0,341.0,170.0,71.0,47.0,1091.0,110.0,160.0,170.0,330.0,7,2010-01-01,1,12,1,2010,1,1,341.52786
979,16,2,0,250.0,367.0,678.0,311.0,117.0,96.0,1296.0,340.0,390.0,450.0,840.0,2,2010-01-08,0,4,1,2010,1,8,646.43005
979,16,2,0,155.0,152.0,254.0,104.0,37.0,29.0,952.0,120.0,80.0,140.0,220.0,5,2011-01-07,1,2,1,2011,1,7,265.77374
979,16,2,0,85.0,118.0,199.0,81.0,33.0,22.0,588.0,90.0,60.0,110.0,170.0,6,2010-01-09,1,6,0,2010,1,9,200.77528
979,16,2,0,28.0,55.0,92.0,38.0,33.0,12.0,414.0,30.0,30.0,60.0,90.0,9,2011-01-06,2,10,0,2011,1,6,101.610565
979,16,2,0,80.0,108.0,192.0,72.0,54.0,23.0,189.0,50.0,60.0,90.0,150.0,4,2011-01-03,1,1,1,2011,1,3,194.53764
985,6,2,1,68.0,71.0,128.0,49.0,25.0,13.0,845.0,70.0,50.0,90.0,140.0,2,2011-01-12,0,4,1,2011,1,12,161.7104
985,6,2,1,28.0,48.0,81.0,33.0,20.0,9.0,777.0,50.0,40.0,60.0,100.0,3,2010-01-01,0,7,0,2010,1,1,101.04655
985,6,2,1,70.0,72.0,129.0,49.0,25.0,13.0,767.0,70.0,60.0,90.0,150.0,3,2011-01-03,0,7,0,2011,1,3,124.289
985,6,2,1,87.0,91.0,153.0,63.0,26.0,17.0,864.0,100.0,70.0,120.0,190.0,3,2011-01-08,0,7,0,2011,1,8,134.74934
985,6,2,1,67.0,70.0,126.0,48.0,25.0,13.0,851.0,80.0,70.0,90.0,160.0,3,2011-01-10,0,7,0,2011,1,10,123.60784
985,6,2,1,53.0,94.0,151.0,57.0,41.0,17.0,349.0,60.0,40.0,80.0,120.0,5,2010-01-09,1,2,1,2010,1,9,137.09381
985,6,2,1,58.0,99.0,159.0,60.0,41.0,18.0,329.0,70.0,30.0,70.0,100.0,5,2010-01-10,1,2,1,2010,1,10,141.32211
985,6,2,1,31.0,66.0,107.0,41.0,35.0,12.0,320.0,20.0,30.0,50.0,80.0,5,2010-01-12,1,2,1,2010,1,12,120.03496
985,6,2,1,61.0,82.0,129.0,48.0,35.0,14.0,351.0,50.0,40.0,70.0,110.0,5,2011-01-05,1,2,1,2011,1,5,116.83272
985,6,2,1,41.0,81.0,137.0,56.0,40.0,17.0,382.0,50.0,40.0,70.0,110.0,6,2010-01-02,1,6,0,2010,1,2,129.54857
985,6,2,1,31.0,67.0,113.0,46.0,36.0,14.0,454.0,40.0,30.0,60.0,90.0,6,2010-01-09,1,6,0,2010,1,9,118.37323
985,6,2,1,61.0,81.0,146.0,56.0,40.0,17.0,382.0,50.0,40.0,70.0,110.0,6,2011-01-02,1,6,0,2011,1,2,153.25673
985,6,2,1,56.0,77.0,137.0,52.0,39.0,16.0,376.0,50.0,40.0,70.0,110.0,6,2011-01-03,1,6,0,2011,1,3,144.03094
985,6,2,1,38.0,67.0,119.0,52.0,29.0,17.0,605.0,50.0,40.0,70.0,110.0,8,2010-01-04,2,3,0,2010,1,4,123.73016
985,6,2,1,35.0,63.0,111.0,48.0,28.0,15.0,599.0,40.0,40.0,60.0,100.0,8,2010-01-05,2,3,0,2010,1,5,122.46185
985,6,2,1,48.0,63.0,110.0,48.0,26.0,15.0,599.0,40.0,40.0,60.0,100.0,8,2011-01-05,2,3,0,2011,1,5,126.89445
985,6,2,1,126.0,130.0,246.0,101.0,45.0,33.0,552.0,80.0,90.0,120.0,210.0,8,2011-01-11,2,3,0,2011,1,11,168.44066
985,6,2,1,114.0,120.0,228.0,94.0,43.0,31.0,540.0,70.0,80.0,110.0,190.0,8,2011-01-12,2,3,0,2011,1,12,169.77371
985,6,2,1,28.0,88.0,160.0,72.0,60.0,27.0,606.0,40.0,60.0,90.0,150.0,9,2010-01-08,2,10,0,2010,1,8,159.92928
985,6,2,1,26.0,85.0,153.0,68.0,59.0,25.0,619.0,30.0,60.0,80.0,140.0,9,2010-01-12,2,10,0,2010,1,12,163.32713
985,6,2,1,62.0,107.0,206.0,86.0,65.0,32.0,484.0,40.0,80.0,100.0,180.0,9,2011-01-02,2,10,0,2011,1,2,180.11192
985,6,2,1,43.0,93.0,167.0,76.0,58.0,28.0,613.0,40.0,70.0,90.0,160.0,9,2011-01-07,2,10,0,2011,1,7,161.69797
985,6,2,1,37.0,83.0,160.0,67.0,58.0,25.0,599.0,30.0,60.0,80.0,140.0,9,2011-01-09,2,10,0,2011,1,9,171.96773
985,6,2,1,1.0,87.0,150.0,63.0,86.0,57.0,37.0,0.0,50.0,70.0,120.0,4,2010-01-04,1,1,1,2010,1,4,149.38388
985,6,2,1,3.0,90.0,154.0,64.0,87.0,58.0,-113.0,10.0,50.0,80.0,130.0,4,2010-01-05,1,1,1,2010,1,5,152.2656
985,6,2,1,-6.0,66.0,113.0,47.0,72.0,42.0,-395.0,0.0,40.0,50.0,90.0,4,2010-01-07,1,1,1,2010,1,7,124.739975
985,6,2,1,-7.0,61.0,105.0,44.0,68.0,39.0,-508.0,10.0,30.0,60.0,90.0,4,2010-01-08,1,1,1,2010,1,8,127.5037
985,6,2,1,-3.0,76.0,131.0,55.0,79.0,49.0,-1053.0,0.0,40.0,60.0,100.0,4,2010-01-12,1,1,1,2010,1,12,126.2695
985,6,2,1,1.0,87.0,160.0,63.0,86.0,57.0,37.0,0.0,50.0,70.0,120.0,4,2011-01-04,1,1,1,2011,1,4,156.6059
985,6,2,1,4.0,90.0,153.0,64.0,81.0,58.0,-113.0,10.0,50.0,80.0,130.0,4,2011-01-05,1,1,1,2011,1,5,146.37569
