Area Code,State,Market,Market Size,Profit,Margin,Sales,COGS,Total Expenses,Marketing,Inventory,Budget Profit,Budget COGS,Budget Margin,Budget Sales,ProductId,Date,Product Type,Product,Type,Year,Month,Day
203,2,1,1,107.0,176.0,292.0,116.0,69.0,38.0,962.0,110.0,110.0,160.0,270.0,2,2010-01-04,0,4,1,2010,1,4
203,2,1,1,75.0,135.0,225.0,90.0,60.0,29.0,1148.0,90.0,80.0,130.0,210.0,2,2010-01-07,0,4,1,2010,1,7
203,2,1,1,122.0,195.0,325.0,130.0,73.0,42.0,1134.0,130.0,110.0,180.0,290.0,2,2010-01-11,0,4,1,2010,1,11
203,2,1,1,105.0,174.0,289.0,115.0,69.0,37.0,1166.0,110.0,100.0,160.0,260.0,2,2010-01-12,0,4,1,2010,1,12
203,2,1,1,104.0,135.0,223.0,90.0,56.0,29.0,1148.0,90.0,80.0,130.0,210.0,2,2011-01-07,0,4,1,2011,1,7
203,2,1,1,104.0,135.0,223.0,90.0,56.0,29.0,1139.0,90.0,80.0,130.0,210.0,2,2011-01-08,0,4,1,2011,1,8
203,2,1,1,135.0,155.0,275.0,103.0,64.0,33.0,1130.0,110.0,90.0,150.0,240.0,2,2011-01-09,0,4,1,2011,1,9
203,2,1,1,171.0,188.0,334.0,125.0,73.0,41.0,1119.0,130.0,100.0,160.0,260.0,2,2011-01-10,0,4,1,2011,1,10
203,2,1,1,181.0,195.0,346.0,130.0,73.0,42.0,1134.0,130.0,110.0,180.0,290.0,2,2011-01-11,0,4,1,2011,1,11
203,2,1,1,15.0,31.0,51.0,20.0,16.0,5.0,804.0,20.0,20.0,30.0,50.0,13,2010-01-06,3,9,1,2010,1,6
203,2,1,1,33.0,54.0,90.0,36.0,21.0,10.0,809.0,40.0,30.0,60.0,90.0,13,2010-01-11,3,9,1,2010,1,11
203,2,1,1,17.0,28.0,47.0,19.0,15.0,5.0,811.0,20.0,20.0,30.0,50.0,13,2011-01-08,3,9,1,2011,1,8
203,2,1,1,27.0,36.0,64.0,24.0,18.0,6.0,806.0,40.0,20.0,40.0,60.0,13,2011-01-10,3,9,1,2011,1,10
203,2,1,1,49.0,54.0,96.0,36.0,21.0,10.0,809.0,40.0,30.0,60.0,90.0,13,2011-01-11,3,9,1,2011,1,11
203,2,1,1,-2.0,75.0,128.0,53.0,77.0,48.0,597.0,10.0,50.0,70.0,120.0,5,2010-01-06,1,2,1,2010,1,6
203,2,1,1,1.0,84.0,144.0,60.0,83.0,54.0,606.0,40.0,40.0,90.0,130.0,5,2010-01-10,1,2,1,2010,1,10
203,2,1,1,2.0,86.0,147.0,61.0,84.0,55.0,613.0,10.0,60.0,80.0,140.0,5,2010-01-11,1,2,1,2010,1,11
203,2,1,1,11.0,105.0,201.0,75.0,103.0,68.0,522.0,20.0,70.0,100.0,170.0,5,2011-01-01,1,2,1,2011,1,1
203,2,1,1,4.0,90.0,165.0,65.0,87.0,58.0,513.0,20.0,60.0,90.0,150.0,5,2011-01-02,1,2,1,2011,1,2
203,2,1,1,0.0,87.0,160.0,63.0,87.0,57.0,506.0,10.0,60.0,80.0,140.0,5,2011-01-03,1,2,1,2011,1,3
203,2,1,1,0.0,87.0,160.0,63.0,87.0,57.0,521.0,10.0,60.0,80.0,140.0,5,2011-01-04,1,2,1,2011,1,4
203,2,1,1,4.0,90.0,153.0,64.0,81.0,58.0,551.0,20.0,60.0,90.0,150.0,5,2011-01-05,1,2,1,2011,1,5
203,2,1,1,3.0,87.0,159.0,62.0,85.0,56.0,612.0,20.0,50.0,90.0,140.0,5,2011-01-09,1,2,1,2011,1,9
203,2,1,1,-3.0,76.0,140.0,55.0,78.0,49.0,627.0,10.0,50.0,70.0,120.0,5,2011-01-12,1,2,1,2011,1,12
203,2,1,1,29.0,75.0,130.0,55.0,46.0,18.0,305.0,40.0,50.0,70.0,120.0,6,2010-01-02,1,6,0,2010,1,2
203,2,1,1,22.0,65.0,113.0,48.0,43.0,15.0,334.0,40.0,40.0,70.0,110.0,6,2010-01-05,1,6,0,2010,1,5
203,2,1,1,16.0,57.0,100.0,43.0,41.0,14.0,388.0,20.0,40.0,50.0,90.0,6,2010-01-07,1,6,0,2010,1,7
203,2,1,1,16.0,56.0,98.0,42.0,40.0,13.0,384.0,20.0,40.0,50.0,90.0,6,2010-01-08,1,6,0,2010,1,8
203,2,1,1,47.0,75.0,145.0,55.0,47.0,18.0,312.0,40.0,50.0,70.0,120.0,6,2011-01-01,1,6,0,2011,1,1
203,2,1,1,39.0,71.0,132.0,53.0,45.0,17.0,299.0,40.0,50.0,70.0,120.0,6,2011-01-03,1,6,0,2011,1,3
203,2,1,1,22.0,56.0,97.0,42.0,37.0,13.0,384.0,20.0,40.0,50.0,90.0,6,2011-01-08,1,6,0,2011,1,8
203,2,1,1,31.0,64.0,118.0,47.0,43.0,15.0,375.0,50.0,30.0,60.0,90.0,6,2011-01-10,1,6,0,2011,1,10
203,2,1,1,39.0,71.0,132.0,53.0,45.0,17.0,380.0,40.0,50.0,70.0,120.0,6,2011-01-11,1,6,0,2011,1,11
203,2,1,1,31.0,65.0,121.0,49.0,44.0,16.0,392.0,40.0,40.0,70.0,110.0,6,2011-01-12,1,6,0,2011,1,12
203,2,1,1,39.0,104.0,189.0,85.0,65.0,32.0,476.0,40.0,60.0,80.0,140.0,9,2010-01-03,2,10,0,2010,1,3
203,2,1,1,32.0,93.0,169.0,76.0,61.0,28.0,580.0,40.0,50.0,80.0,130.0,9,2010-01-06,2,10,0,2010,1,6
203,2,1,1,50.0,98.0,190.0,80.0,64.0,30.0,494.0,30.0,60.0,70.0,130.0,9,2011-01-04,2,10,0,2011,1,4
203,2,1,1,36.0,83.0,160.0,67.0,59.0,25.0,599.0,20.0,50.0,60.0,110.0,9,2011-01-09,2,10,0,2011,1,9
203,2,1,1,50.0,98.0,189.0,79.0,64.0,30.0,593.0,30.0,40.0,50.0,90.0,9,2011-01-10,2,10,0,2011,1,10
203,2,1,1,46.0,89.0,163.0,74.0,43.0,22.0,949.0,50.0,50.0,70.0,120.0,10,2010-01-03,2,11,0,2010,1,3
203,2,1,1,68.0,90.0,176.0,75.0,44.0,23.0,956.0,50.0,50.0,70.0,120.0,10,2011-01-02,2,11,0,2011,1,2
203,2,1,1,52.0,80.0,147.0,68.0,39.0,21.0,998.0,40.0,50.0,60.0,110.0,10,2011-01-05,2,11,0,2011,1,5
203,2,1,1,49.0,74.0,145.0,62.0,41.0,19.0,1059.0,40.0,40.0,60.0,100.0,10,2011-01-09,2,11,0,2011,1,9
203,2,1,1,52.0,77.0,151.0,65.0,42.0,20.0,1053.0,50.0,30.0,50.0,80.0,10,2011-01-10,2,11,0,2011,1,10
203,2,1,1,53.0,76.0,148.0,63.0,40.0,19.0,1075.0,40.0,40.0,60.0,100.0,10,2011-01-12,2,11,0,2011,1,12
203,2,1,1,43.0,68.0,115.0,47.0,25.0,13.0,821.0,60.0,40.0,80.0,120.0,11,2010-01-04,3,5,1,2010,1,4
203,2,1,1,32.0,52.0,87.0,35.0,20.0,9.0,894.0,50.0,30.0,60.0,90.0,11,2010-01-07,3,5,1,2010,1,7
203,2,1,1,28.0,49.0,83.0,34.0,21.0,9.0,890.0,40.0,30.0,50.0,80.0,11,2010-01-08,3,5,1,2010,1,8
203,2,1,1,41.0,64.0,108.0,44.0,23.0,12.0,886.0,50.0,40.0,70.0,110.0,11,2010-01-09,3,5,1,2010,1,9
203,2,1,1,46.0,55.0,91.0,37.0,20.0,10.0,876.0,40.0,30.0,60.0,90.0,11,2011-01-06,3,5,1,2011,1,6
206,18,3,1,38.0,77.0,130.0,53.0,39.0,16.0,338.0,70.0,60.0,100.0,160.0,2,2010-01-01,0,4,1,2010,1,1
206,18,3,1,48.0,89.0,150.0,61.0,41.0,19.0,325.0,80.0,70.0,110.0,180.0,2,2010-01-03,0,4,1,2010,1,3
206,18,3,1,56.0,99.0,167.0,68.0,43.0,21.0,438.0,110.0,90.0,140.0,230.0,2,2010-01-10,0,4,1,2010,1,10
206,18,3,1,59.0,77.0,145.0,53.0,41.0,16.0,338.0,70.0,60.0,100.0,160.0,2,2011-01-01,0,4,1,2011,1,1
206,18,3,1,80.0,100.0,180.0,69.0,46.0,22.0,340.0,90.0,80.0,130.0,210.0,2,2011-01-04,0,4,1,2011,1,4
206,18,3,1,91.0,114.0,191.0,79.0,45.0,25.0,425.0,110.0,90.0,150.0,240.0,2,2011-01-06,0,4,1,2011,1,6
206,18,3,1,15.0,128.0,220.0,92.0,113.0,83.0,541.0,60.0,110.0,160.0,270.0,3,2010-01-02,0,7,0,2010,1,2
206,18,3,1,16.0,132.0,227.0,95.0,116.0,86.0,532.0,70.0,110.0,170.0,280.0,3,2010-01-03,0,7,0,2010,1,3
206,18,3,1,17.0,132.0,227.0,95.0,115.0,86.0,554.0,70.0,110.0,170.0,280.0,3,2010-01-04,0,7,0,2010,1,4
206,18,3,1,24.0,154.0,264.0,110.0,130.0,100.0,665.0,90.0,130.0,200.0,330.0,3,2010-01-06,0,7,0,2010,1,6
206,18,3,1,34.0,184.0,317.0,133.0,150.0,120.0,705.0,100.0,160.0,230.0,390.0,3,2010-01-08,0,7,0,2010,1,8
206,18,3,1,24.0,132.0,242.0,95.0,116.0,86.0,532.0,70.0,110.0,170.0,280.0,3,2011-01-03,0,7,0,2011,1,3
206,18,3,1,33.0,154.0,262.0,110.0,121.0,100.0,665.0,90.0,130.0,200.0,330.0,3,2011-01-06,0,7,0,2011,1,6
206,18,3,1,43.0,173.0,294.0,124.0,132.0,112.0,717.0,100.0,150.0,220.0,370.0,3,2011-01-07,0,7,0,2011,1,7
206,18,3,1,24.0,130.0,238.0,93.0,114.0,84.0,692.0,60.0,110.0,160.0,270.0,3,2011-01-09,0,7,0,2011,1,9
206,18,3,1,25.0,134.0,245.0,96.0,117.0,87.0,683.0,100.0,140.0,190.0,330.0,3,2011-01-10,0,7,0,2011,1,10
206,18,3,1,30.0,145.0,266.0,105.0,125.0,95.0,716.0,50.0,120.0,170.0,290.0,3,2011-01-12,0,7,0,2011,1,12
206,18,3,1,0.0,87.0,150.0,63.0,87.0,57.0,506.0,10.0,40.0,60.0,100.0,13,2010-01-03,3,9,1,2010,1,3
206,18,3,1,-8.0,61.0,105.0,44.0,69.0,39.0,617.0,10.0,20.0,50.0,70.0,13,2010-01-08,3,9,1,2010,1,8
206,18,3,1,0.0,84.0,144.0,60.0,84.0,54.0,606.0,10.0,20.0,40.0,60.0,13,2010-01-10,3,9,1,2010,1,10
206,18,3,1,1.0,86.0,147.0,61.0,85.0,55.0,613.0,0.0,40.0,60.0,100.0,13,2010-01-11,3,9,1,2010,1,11
206,18,3,1,0.0,87.0,160.0,63.0,87.0,57.0,521.0,10.0,40.0,60.0,100.0,13,2011-01-04,3,9,1,2011,1,4
206,18,3,1,3.0,90.0,153.0,64.0,82.0,58.0,551.0,10.0,40.0,60.0,100.0,13,2011-01-05,3,9,1,2011,1,5
206,18,3,1,3.0,87.0,159.0,62.0,85.0,56.0,612.0,10.0,40.0,60.0,100.0,13,2011-01-09,3,9,1,2011,1,9
206,18,3,1,0.0,84.0,153.0,60.0,84.0,54.0,606.0,10.0,20.0,40.0,60.0,13,2011-01-10,3,9,1,2011,1,10
206,18,3,1,16.0,72.0,130.0,58.0,56.0,22.0,338.0,20.0,50.0,70.0,120.0,5,2010-01-05,1,2,1,2010,1,5
206,18,3,1,18.0,74.0,133.0,59.0,56.0,22.0,403.0,20.0,50.0,70.0,120.0,5,2010-01-07,1,2,1,2010,1,7
206,18,3,1,20.0,66.0,134.0,54.0,56.0,20.0,312.0,20.0,50.0,60.0,110.0,5,2011-01-01,1,2,1,2011,1,1
206,18,3,1,18.0,65.0,126.0,53.0,53.0,20.0,306.0,20.0,50.0,60.0,110.0,5,2011-01-02,1,2,1,2011,1,2
206,18,3,1,22.0,70.0,135.0,57.0,55.0,21.0,313.0,30.0,50.0,70.0,120.0,5,2011-01-04,1,2,1,2011,1,4
206,18,3,1,19.0,67.0,129.0,54.0,54.0,20.0,391.0,20.0,50.0,60.0,110.0,5,2011-01-11,1,2,1,2011,1,11
206,18,3,1,39.0,81.0,150.0,69.0,42.0,21.0,965.0,60.0,60.0,80.0,140.0,6,2010-01-01,1,6,0,2010,1,1
206,18,3,1,39.0,82.0,151.0,69.0,43.0,21.0,965.0,60.0,60.0,80.0,140.0,6,2010-01-04,1,6,0,2010,1,4
206,18,3,1,47.0,92.0,170.0,78.0,45.0,24.0,995.0,60.0,70.0,90.0,160.0,6,2010-01-05,1,6,0,2010,1,5
206,18,3,1,71.0,123.0,226.0,103.0,52.0,31.0,1073.0,90.0,90.0,120.0,210.0,6,2010-01-08,1,6,0,2010,1,8
206,18,3,1,53.0,99.0,182.0,83.0,46.0,25.0,1063.0,70.0,70.0,100.0,170.0,6,2010-01-09,1,6,0,2010,1,9
206,18,3,1,45.0,89.0,164.0,75.0,44.0,23.0,1063.0,40.0,70.0,80.0,150.0,6,2010-01-11,1,6,0,2010,1,11
206,18,3,1,59.0,84.0,165.0,71.0,44.0,22.0,950.0,50.0,60.0,80.0,140.0,6,2011-01-03,1,6,0,2011,1,3
206,18,3,1,58.0,82.0,161.0,69.0,43.0,21.0,965.0,60.0,60.0,80.0,140.0,6,2011-01-04,1,6,0,2011,1,4
206,18,3,1,65.0,92.0,168.0,78.0,42.0,24.0,995.0,60.0,70.0,90.0,160.0,6,2011-01-05,1,6,0,2011,1,5
206,18,3,1,79.0,99.0,194.0,83.0,46.0,25.0,1063.0,70.0,70.0,100.0,170.0,6,2011-01-09,1,6,0,2011,1,9
206,18,3,1,115.0,186.0,310.0,124.0,71.0,40.0,961.0,120.0,100.0,170.0,270.0,8,2010-01-01,2,3,0,2010,1,1
206,18,3,1,121.0,195.0,325.0,130.0,74.0,42.0,945.0,120.0,110.0,170.0,280.0,8,2010-01-02,2,3,0,2010,1,2
206,18,3,1,115.0,186.0,309.0,123.0,71.0,40.0,932.0,120.0,100.0,170.0,270.0,8,2010-01-03,2,3,0,2010,1,3
206,18,3,1,98.0,165.0,275.0,110.0,67.0,36.0,1020.0,100.0,90.0,150.0,240.0,8,2010-01-05,2,3,0,2010,1,5
206,18,3,1,79.0,140.0,232.0,92.0,61.0,30.0,1102.0,90.0,70.0,130.0,200.0,8,2010-01-06,2,3,0,2010,1,6
206,18,3,1,115.0,188.0,313.0,125.0,73.0,41.0,1119.0,130.0,90.0,160.0,250.0,8,2010-01-10,2,3,0,2010,1,10
206,18,3,1,122.0,195.0,325.0,130.0,73.0,42.0,1134.0,120.0,120.0,180.0,300.0,8,2010-01-11,2,3,0,2010,1,11
206,18,3,1,180.0,195.0,346.0,130.0,74.0,42.0,945.0,120.0,110.0,170.0,280.0,8,2011-01-02,2,3,0,2011,1,2
206,18,3,1,157.0,176.0,311.0,116.0,70.0,38.0,962.0,110.0,90.0,160.0,250.0,8,2011-01-04,2,3,0,2011,1,4
206,18,3,1,181.0,195.0,346.0,130.0,73.0,42.0,1134.0,120.0,120.0,180.0,300.0,8,2011-01-11,2,3,0,2011,1,11
206,18,3,1,36.0,59.0,99.0,40.0,23.0,11.0,793.0,50.0,30.0,50.0,80.0,9,2010-01-05,2,10,0,2010,1,5
206,18,3,1,50.0,59.0,98.0,40.0,21.0,11.0,793.0,50.0,30.0,50.0,80.0,9,2011-01-05,2,10,0,2011,1,5
206,18,3,1,62.0,105.0,167.0,62.0,43.0,19.0,346.0,40.0,40.0,70.0,110.0,11,2010-01-03,3,5,1,2010,1,3
206,18,3,1,57.0,99.0,159.0,60.0,42.0,18.0,329.0,40.0,20.0,50.0,70.0,11,2010-01-10,3,5,1,2010,1,10
206,18,3,1,98.0,109.0,185.0,65.0,43.0,20.0,372.0,40.0,40.0,70.0,110.0,11,2011-01-02,3,5,1,2011,1,2
206,18,3,1,57.0,78.0,124.0,47.0,34.0,14.0,371.0,30.0,30.0,50.0,80.0,11,2011-01-06,3,5,1,2011,1,6
206,18,3,1,80.0,94.0,161.0,57.0,40.0,17.0,349.0,40.0,30.0,70.0,100.0,11,2011-01-09,3,5,1,2011,1,9
206,18,3,1,41.0,81.0,137.0,56.0,40.0,17.0,382.0,40.0,30.0,60.0,90.0,12,2010-01-02,3,8,1,2010,1,2
206,18,3,1,24.0,59.0,99.0,40.0,35.0,12.0,443.0,20.0,20.0,40.0,60.0,12,2010-01-06,3,8,1,2010,1,6
206,18,3,1,20.0,54.0,90.0,36.0,34.0,11.0,458.0,30.0,20.0,40.0,60.0,12,2010-01-08,3,8,1,2010,1,8
206,18,3,1,34.0,71.0,120.0,49.0,37.0,15.0,454.0,30.0,30.0,50.0,80.0,12,2010-01-11,3,8,1,2010,1,11
206,18,3,1,75.0,89.0,168.0,61.0,43.0,19.0,390.0,40.0,40.0,60.0,100.0,12,2011-01-01,3,8,1,2011,1,1
206,18,3,1,56.0,77.0,137.0,52.0,39.0,16.0,376.0,30.0,30.0,50.0,80.0,12,2011-01-03,3,8,1,2011,1,3
206,18,3,1,45.0,68.0,121.0,46.0,38.0,14.0,388.0,20.0,30.0,40.0,70.0,12,2011-01-04,3,8,1,2011,1,4
206,18,3,1,33.0,59.0,98.0,40.0,33.0,12.0,443.0,20.0,20.0,40.0,60.0,12,2011-01-06,3,8,1,2011,1,6
206,18,3,1,28.0,54.0,89.0,36.0,32.0,11.0,458.0,30.0,20.0,40.0,60.0,12,2011-01-08,3,8,1,2011,1,8
206,18,3,1,50.0,71.0,128.0,49.0,37.0,15.0,454.0,30.0,30.0,50.0,80.0,12,2011-01-11,3,8,1,2011,1,11
206,18,3,1,32.0,58.0,103.0,45.0,26.0,14.0,605.0,30.0,40.0,50.0,90.0,4,2010-01-04,1,1,1,2010,1,4
206,18,3,1,34.0,62.0,110.0,48.0,28.0,15.0,599.0,40.0,40.0,60.0,100.0,4,2010-01-05,1,1,1,2010,1,5
206,18,3,1,34.0,62.0,110.0,48.0,28.0,15.0,593.0,40.0,40.0,60.0,100.0,4,2010-01-06,1,1,1,2010,1,6
206,18,3,1,36.0,65.0,115.0,50.0,29.0,16.0,587.0,50.0,40.0,70.0,110.0,4,2010-01-07,1,1,1,2010,1,7
206,18,3,1,17.0,39.0,69.0,30.0,22.0,9.0,581.0,30.0,20.0,40.0,60.0,4,2010-01-08,1,1,1,2010,1,8
206,18,3,1,21.0,43.0,76.0,33.0,22.0,10.0,577.0,30.0,30.0,40.0,70.0,4,2010-01-09,1,1,1,2010,1,9
206,18,3,1,10.0,29.0,51.0,22.0,19.0,7.0,573.0,20.0,10.0,20.0,30.0,4,2010-01-10,1,1,1,2010,1,10
206,18,3,1,55.0,62.0,123.0,48.0,28.0,15.0,623.0,40.0,40.0,60.0,100.0,4,2011-01-01,1,1,1,2011,1,1
206,18,3,1,47.0,62.0,109.0,48.0,26.0,15.0,599.0,40.0,40.0,60.0,100.0,4,2011-01-05,1,1,1,2011,1,5
206,18,3,1,50.0,65.0,114.0,50.0,27.0,16.0,587.0,50.0,40.0,70.0,110.0,4,2011-01-07,1,1,1,2011,1,7
206,18,3,1,15.0,29.0,54.0,22.0,19.0,7.0,573.0,20.0,10.0,20.0,30.0,4,2011-01-10,1,1,1,2011,1,10
206,18,3,1,19.0,32.0,60.0,24.0,19.0,7.0,567.0,20.0,20.0,30.0,50.0,4,2011-01-12,1,1,1,2011,1,12
209,0,3,0,-84.0,-21.0,106.0,127.0,63.0,40.0,1215.0,-80.0,160.0,-30.0,130.0,1,2010-01-05,0,0,1,2010,1,5
209,0,3,0,-138.0,-67.0,87.0,154.0,71.0,49.0,1832.0,-150.0,190.0,-90.0,100.0,1,2010-01-07,0,0,1,2010,1,7
209,0,3,0,-3.0,50.0,162.0,95.0,55.0,30.0,608.0,30.0,110.0,70.0,180.0,1,2011-01-01,0,0,1,2011,1,1
209,0,3,0,-131.0,-25.0,109.0,127.0,63.0,40.0,2947.0,-90.0,150.0,-30.0,120.0,1,2011-01-12,0,0,1,2011,1,12
209,0,3,0,276.0,428.0,712.0,284.0,152.0,99.0,2108.0,400.0,350.0,540.0,890.0,2,2010-01-04,0,4,1,2010,1,4
209,0,3,0,410.0,428.0,759.0,284.0,152.0,99.0,2108.0,400.0,350.0,540.0,890.0,2,2011-01-04,0,4,1,2011,1,4
209,0,3,0,88.0,114.0,201.0,75.0,55.0,24.0,659.0,40.0,50.0,80.0,130.0,13,2011-01-11,3,9,1,2011,1,11
209,0,3,0,25.0,168.0,289.0,121.0,143.0,109.0,788.0,30.0,110.0,160.0,270.0,5,2010-01-05,1,2,1,2010,1,5
209,0,3,0,216.0,329.0,576.0,247.0,113.0,81.0,1744.0,210.0,240.0,310.0,550.0,6,2010-01-12,1,6,0,2010,1,12
209,0,3,0,321.0,329.0,614.0,247.0,113.0,81.0,1744.0,210.0,240.0,310.0,550.0,6,2011-01-12,1,6,0,2011,1,12
209,0,3,0,148.0,137.0,247.0,95.0,37.0,26.0,809.0,100.0,80.0,120.0,200.0,8,2011-01-02,2,3,0,2011,1,2
209,0,3,0,196.0,295.0,546.0,251.0,99.0,77.0,1268.0,200.0,210.0,270.0,480.0,9,2010-01-09,2,10,0,2010,1,9
209,0,3,0,291.0,295.0,582.0,251.0,99.0,77.0,1268.0,200.0,210.0,270.0,480.0,9,2011-01-09,2,10,0,2011,1,9
209,0,3,0,26.0,51.0,90.0,39.0,25.0,12.0,541.0,40.0,20.0,40.0,60.0,10,2010-01-10,2,11,0,2010,1,10
209,0,3,0,120.0,163.0,276.0,113.0,43.0,31.0,897.0,90.0,70.0,110.0,180.0,11,2010-01-06,3,5,1,2010,1,6
209,0,3,0,79.0,111.0,187.0,76.0,32.0,21.0,580.0,50.0,30.0,50.0,80.0,12,2010-01-10,3,8,1,2010,1,10
210,16,2,0,192.0,288.0,532.0,244.0,96.0,75.0,1213.0,270.0,300.0,360.0,660.0,2,2010-01-06,0,4,1,2010,1,6
210,16,2,0,112.0,152.0,256.0,104.0,40.0,29.0,952.0,120.0,80.0,140.0,220.0,5,2010-01-07,1,2,1,2010,1,7
210,16,2,0,133.0,179.0,302.0,123.0,46.0,34.0,915.0,100.0,70.0,120.0,190.0,5,2010-01-10,1,2,1,2010,1,10
210,16,2,0,184.0,178.0,298.0,123.0,42.0,34.0,941.0,120.0,100.0,150.0,250.0,5,2011-01-08,1,2,1,2011,1,8
210,16,2,0,48.0,73.0,123.0,50.0,25.0,14.0,589.0,40.0,30.0,60.0,90.0,6,2010-01-11,1,6,0,2010,1,11
210,16,2,0,26.0,51.0,84.0,34.0,30.0,10.0,428.0,30.0,30.0,50.0,80.0,9,2011-01-08,2,10,0,2011,1,8
212,12,1,0,83.0,117.0,198.0,81.0,34.0,22.0,460.0,100.0,80.0,130.0,210.0,13,2010-01-04,3,9,1,2010,1,4
212,12,1,0,84.0,80.0,150.0,54.0,27.0,15.0,456.0,70.0,50.0,90.0,140.0,13,2011-01-01,3,9,1,2011,1,1
212,12,1,0,123.0,124.0,208.0,86.0,33.0,24.0,499.0,100.0,90.0,130.0,220.0,13,2011-01-05,3,9,1,2011,1,5
212,12,1,0,-224.0,-69.0,66.0,135.0,155.0,122.0,3641.0,-210.0,130.0,-70.0,60.0,5,2010-01-12,1,2,1,2010,1,12
212,12,1,0,-304.0,-59.0,70.0,125.0,146.0,113.0,1382.0,-190.0,120.0,-60.0,60.0,5,2011-01-04,1,2,1,2011,1,4
212,12,1,0,-392.0,-95.0,77.0,173.0,176.0,156.0,2615.0,-260.0,160.0,-90.0,70.0,5,2011-01-08,1,2,1,2011,1,8
212,12,1,0,316.0,369.0,647.0,284.0,130.0,107.0,1565.0,180.0,210.0,290.0,500.0,9,2011-01-08,2,10,0,2011,1,8
212,12,1,0,-238.0,-139.0,112.0,251.0,99.0,77.0,3948.0,-180.0,190.0,-110.0,80.0,10,2010-01-09,2,11,0,2010,1,9
212,12,1,0,138.0,185.0,312.0,127.0,47.0,35.0,1007.0,160.0,130.0,200.0,330.0,11,2010-01-07,3,5,1,2010,1,7
212,12,1,0,190.0,185.0,309.0,127.0,44.0,35.0,1007.0,160.0,130.0,200.0,330.0,11,2011-01-07,3,5,1,2011,1,7
212,12,1,0,187.0,283.0,543.0,260.0,96.0,72.0,1271.0,210.0,240.0,290.0,530.0,7,2010-01-05,1,12,1,2010,1,5
212,12,1,0,646.0,526.0,815.0,239.0,91.0,66.0,1197.0,450.0,210.0,510.0,720.0,7,2011-01-10,1,12,1,2011,1,10
213,0,3,0,364.0,387.0,687.0,258.0,142.0,90.0,2067.0,360.0,320.0,480.0,800.0,2,2011-01-02,0,4,1,2011,1,2
213,0,3,0,508.0,546.0,902.0,364.0,166.0,127.0,2617.0,520.0,450.0,680.0,1130.0,2,2011-01-08,0,4,1,2011,1,8
213,0,3,0,349.0,374.0,664.0,249.0,139.0,87.0,2580.0,310.0,290.0,450.0,740.0,2,2011-01-11,0,4,1,2011,1,11
213,0,3,0,47.0,101.0,168.0,67.0,54.0,22.0,677.0,50.0,40.0,80.0,120.0,13,2010-01-12,3,9,1,2010,1,12
213,0,3,0,203.0,312.0,546.0,234.0,109.0,77.0,1310.0,200.0,220.0,300.0,520.0,6,2010-01-01,1,6,0,2010,1,1
213,0,3,0,220.0,336.0,589.0,253.0,116.0,83.0,1686.0,220.0,240.0,320.0,560.0,6,2010-01-09,1,6,0,2010,1,9
213,0,3,0,292.0,304.0,567.0,228.0,107.0,75.0,1691.0,190.0,220.0,290.0,510.0,6,2011-01-11,1,6,0,2011,1,11
213,0,3,0,84.0,117.0,198.0,81.0,33.0,22.0,984.0,80.0,70.0,110.0,180.0,8,2010-01-11,2,3,0,2010,1,11
213,0,3,0,165.0,253.0,467.0,214.0,88.0,66.0,923.0,170.0,180.0,230.0,410.0,9,2010-01-03,2,10,0,2010,1,3
213,0,3,0,174.0,265.0,490.0,225.0,91.0,69.0,1272.0,160.0,210.0,240.0,450.0,9,2010-01-11,2,10,0,2010,1,11
213,0,3,0,52.0,68.0,119.0,52.0,28.0,17.0,554.0,40.0,40.0,60.0,100.0,10,2011-01-08,2,11,0,2011,1,8
213,0,3,0,128.0,172.0,290.0,118.0,44.0,33.0,930.0,110.0,80.0,130.0,210.0,11,2010-01-11,3,5,1,2010,1,11
213,0,3,0,230.0,266.0,527.0,266.0,92.0,74.0,1819.0,170.0,250.0,260.0,510.0,4,2011-01-07,1,1,1,2011,1,7
213,0,3,0,230.0,266.0,527.0,266.0,92.0,74.0,1797.0,170.0,250.0,260.0,510.0,4,2011-01-08,1,1,1,2011,1,8
214,16,2,0,197.0,295.0,546.0,251.0,98.0,77.0,1268.0,280.0,310.0,370.0,680.0,2,2010-01-09,0,4,1,2010,1,9
214,16,2,0,70.0,109.0,193.0,84.0,39.0,27.0,603.0,110.0,100.0,140.0,240.0,3,2010-01-03,0,7,0,2010,1,3
214,16,2,0,26.0,51.0,90.0,39.0,25.0,12.0,541.0,80.0,40.0,90.0,130.0,3,2010-01-10,0,7,0,2010,1,10
214,16,2,0,52.0,79.0,133.0,54.0,27.0,15.0,601.0,40.0,40.0,60.0,100.0,6,2010-01-12,1,6,0,2010,1,12
214,16,2,0,119.0,112.0,201.0,77.0,32.0,21.0,449.0,90.0,60.0,100.0,160.0,6,2011-01-02,1,6,0,2011,1,2
214,16,2,0,33.0,80.0,140.0,60.0,47.0,19.0,329.0,50.0,50.0,80.0,130.0,8,2010-01-02,2,3,0,2010,1,2
214,16,2,0,31.0,77.0,134.0,57.0,46.0,18.0,323.0,50.0,50.0,80.0,130.0,8,2010-01-03,2,3,0,2010,1,3
214,16,2,0,28.0,63.0,109.0,47.0,40.0,15.0,420.0,30.0,40.0,60.0,100.0,8,2011-01-07,2,3,0,2011,1,7
214,16,2,0,24.0,60.0,101.0,41.0,36.0,13.0,435.0,30.0,30.0,60.0,90.0,9,2010-01-12,2,10,0,2010,1,12
216,13,0,0,37.0,71.0,122.0,52.0,41.0,17.0,361.0,40.0,50.0,70.0,120.0,1,2011-01-05,0,0,1,2011,1,5
216,13,0,0,42.0,72.0,133.0,53.0,44.0,17.0,410.0,50.0,50.0,80.0,130.0,1,2011-01-09,0,0,1,2011,1,9
216,13,0,0,-5.0,71.0,122.0,51.0,76.0,46.0,503.0,30.0,40.0,70.0,110.0,3,2010-01-10,0,7,0,2010,1,10
216,13,0,0,81.0,146.0,291.0,145.0,65.0,40.0,1304.0,120.0,160.0,180.0,340.0,5,2010-01-07,1,2,1,2010,1,7
216,13,0,0,138.0,163.0,346.0,162.0,70.0,45.0,1091.0,130.0,180.0,200.0,380.0,5,2011-01-04,1,2,1,2011,1,4
216,13,0,0,116.0,149.0,295.0,149.0,60.0,41.0,1156.0,120.0,170.0,180.0,350.0,5,2011-01-05,1,2,1,2011,1,5
216,13,0,0,112.0,146.0,288.0,145.0,60.0,40.0,1304.0,120.0,160.0,180.0,340.0,5,2011-01-07,1,2,1,2011,1,7
216,13,0,0,15.0,65.0,117.0,53.0,50.0,20.0,361.0,20.0,60.0,70.0,130.0,6,2011-01-05,1,6,0,2011,1,5
216,13,0,0,11.0,60.0,108.0,49.0,48.0,18.0,414.0,20.0,50.0,70.0,120.0,6,2011-01-08,1,6,0,2011,1,8
216,13,0,0,16.0,32.0,53.0,21.0,16.0,5.0,454.0,30.0,10.0,30.0,40.0,8,2010-01-04,2,3,0,2010,1,4
216,13,0,0,12.0,26.0,44.0,18.0,16.0,5.0,478.0,20.0,10.0,20.0,30.0,8,2011-01-06,2,3,0,2011,1,6
216,13,0,0,67.0,116.0,200.0,84.0,49.0,26.0,500.0,60.0,70.0,100.0,170.0,12,2010-01-01,3,8,1,2010,1,1
217,4,0,0,111.0,201.0,345.0,144.0,90.0,47.0,862.0,130.0,150.0,210.0,360.0,2,2010-01-01,0,4,1,2010,1,1
217,4,0,0,119.0,213.0,367.0,154.0,94.0,50.0,829.0,140.0,160.0,220.0,380.0,2,2010-01-03,0,4,1,2010,1,3
217,4,0,0,156.0,265.0,456.0,191.0,109.0,63.0,865.0,170.0,200.0,270.0,470.0,2,2010-01-04,0,4,1,2010,1,4
217,4,0,0,150.0,222.0,376.0,154.0,72.0,49.0,833.0,170.0,160.0,230.0,390.0,3,2010-01-07,0,7,0,2010,1,7
217,4,0,0,136.0,139.0,262.0,95.0,55.0,30.0,608.0,100.0,100.0,140.0,240.0,3,2011-01-01,0,7,0,2011,1,1
217,4,0,0,220.0,335.0,587.0,252.0,115.0,83.0,1316.0,280.0,290.0,400.0,690.0,5,2010-01-04,1,2,1,2010,1,4
217,4,0,0,313.0,324.0,604.0,243.0,113.0,80.0,1260.0,260.0,280.0,380.0,660.0,5,2011-01-03,1,2,1,2011,1,3
217,4,0,0,149.0,239.0,478.0,239.0,90.0,66.0,1464.0,200.0,270.0,290.0,560.0,6,2010-01-04,1,6,0,2010,1,4
217,4,0,0,68.0,107.0,190.0,83.0,39.0,27.0,584.0,60.0,70.0,90.0,160.0,9,2010-01-05,2,10,0,2010,1,5
217,4,0,0,53.0,80.0,134.0,54.0,27.0,15.0,456.0,50.0,40.0,70.0,110.0,11,2010-01-01,3,5,1,2010,1,1
217,4,0,0,105.0,145.0,245.0,100.0,40.0,28.0,598.0,100.0,80.0,130.0,210.0,11,2010-01-08,3,5,1,2010,1,8
217,4,0,0,78.0,111.0,187.0,76.0,33.0,21.0,580.0,80.0,50.0,80.0,130.0,11,2010-01-10,3,5,1,2010,1,10
217,4,0,0,83.0,80.0,150.0,54.0,28.0,15.0,456.0,50.0,40.0,70.0,110.0,11,2011-01-01,3,5,1,2011,1,1
224,4,0,0,225.0,271.0,463.0,196.0,100.0,64.0,1167.0,190.0,200.0,290.0,490.0,2,2011-01-08,0,4,1,2011,1,8
224,4,0,0,259.0,387.0,678.0,291.0,128.0,96.0,1742.0,340.0,330.0,470.0,800.0,5,2010-01-07,1,2,1,2010,1,7
224,4,0,0,196.0,304.0,532.0,228.0,108.0,75.0,1691.0,290.0,290.0,390.0,680.0,5,2010-01-11,1,2,1,2010,1,11
224,4,0,0,91.0,126.0,213.0,87.0,35.0,24.0,756.0,90.0,70.0,110.0,180.0,8,2010-01-03,2,3,0,2010,1,3
224,4,0,0,95.0,132.0,223.0,91.0,37.0,25.0,777.0,100.0,70.0,120.0,190.0,8,2010-01-04,2,3,0,2010,1,4
224,4,0,0,62.0,100.0,178.0,78.0,38.0,25.0,593.0,60.0,60.0,90.0,150.0,9,2010-01-04,2,10,0,2010,1,4
224,4,0,0,157.0,139.0,262.0,95.0,40.0,26.0,821.0,100.0,80.0,120.0,200.0,10,2011-01-01,2,11,0,2011,1,1
225,6,2,1,30.0,51.0,85.0,34.0,21.0,9.0,777.0,50.0,40.0,60.0,100.0,2,2010-01-01,0,4,1,2010,1,1
225,6,2,1,29.0,49.0,82.0,33.0,20.0,9.0,768.0,50.0,40.0,60.0,100.0,2,2010-01-03,0,4,1,2010,1,3
225,6,2,1,47.0,71.0,119.0,48.0,24.0,13.0,829.0,80.0,70.0,90.0,160.0,2,2010-01-10,0,4,1,2010,1,10
225,6,2,1,44.0,68.0,115.0,47.0,24.0,13.0,834.0,60.0,50.0,80.0,130.0,2,2010-01-11,0,4,1,2010,1,11
225,6,2,1,45.0,51.0,92.0,35.0,21.0,9.0,776.0,50.0,40.0,60.0,100.0,2,2011-01-04,0,4,1,2011,1,4
225,6,2,1,55.0,64.0,106.0,43.0,22.0,12.0,822.0,60.0,50.0,80.0,130.0,2,2011-01-06,0,4,1,2011,1,6
225,6,2,1,45.0,70.0,118.0,48.0,25.0,13.0,851.0,80.0,70.0,90.0,160.0,3,2010-01-10,0,7,0,2010,1,10
225,6,2,1,31.0,51.0,85.0,34.0,20.0,9.0,863.0,50.0,40.0,60.0,100.0,3,2010-01-12,0,7,0,2010,1,12
225,6,2,1,80.0,85.0,143.0,59.0,25.0,16.0,842.0,90.0,70.0,110.0,180.0,3,2011-01-06,0,7,0,2011,1,6
225,6,2,1,45.0,84.0,133.0,49.0,39.0,15.0,342.0,50.0,40.0,70.0,110.0,5,2010-01-04,1,2,1,2010,1,4
225,6,2,1,44.0,82.0,130.0,48.0,38.0,14.0,351.0,50.0,40.0,70.0,110.0,5,2010-01-05,1,2,1,2010,1,5
225,6,2,1,41.0,78.0,125.0,47.0,37.0,14.0,371.0,40.0,40.0,60.0,100.0,5,2010-01-06,1,2,1,2010,1,6
225,6,2,1,30.0,65.0,104.0,39.0,35.0,12.0,380.0,30.0,30.0,50.0,80.0,5,2010-01-07,1,2,1,2010,1,7
225,6,2,1,49.0,88.0,141.0,53.0,39.0,16.0,321.0,30.0,40.0,60.0,100.0,5,2010-01-11,1,2,1,2010,1,11
225,6,2,1,109.0,113.0,201.0,67.0,45.0,20.0,400.0,80.0,50.0,100.0,150.0,5,2011-01-01,1,2,1,2011,1,1
225,6,2,1,96.0,109.0,185.0,65.0,44.0,20.0,372.0,70.0,50.0,90.0,140.0,5,2011-01-02,1,2,1,2011,1,2
225,6,2,1,86.0,99.0,169.0,60.0,41.0,18.0,329.0,70.0,30.0,70.0,100.0,5,2011-01-10,1,2,1,2011,1,10
225,6,2,1,46.0,66.0,114.0,41.0,35.0,12.0,320.0,20.0,30.0,50.0,80.0,5,2011-01-12,1,2,1,2011,1,12
225,6,2,1,31.0,68.0,114.0,46.0,37.0,14.0,388.0,40.0,30.0,60.0,90.0,6,2010-01-04,1,6,0,2010,1,4
225,6,2,1,21.0,54.0,90.0,36.0,33.0,11.0,462.0,20.0,30.0,40.0,70.0,6,2010-01-07,1,6,0,2010,1,7
225,6,2,1,34.0,71.0,120.0,49.0,37.0,15.0,454.0,30.0,30.0,60.0,90.0,6,2010-01-11,1,6,0,2010,1,11
225,6,2,1,27.0,63.0,106.0,43.0,36.0,13.0,466.0,20.0,30.0,50.0,80.0,6,2010-01-12,1,6,0,2010,1,12
225,6,2,1,39.0,65.0,109.0,45.0,34.0,14.0,410.0,40.0,30.0,60.0,90.0,6,2011-01-05,1,6,0,2011,1,5
225,6,2,1,32.0,59.0,98.0,40.0,33.0,12.0,443.0,30.0,30.0,50.0,80.0,6,2011-01-06,1,6,0,2011,1,6
225,6,2,1,29.0,54.0,89.0,36.0,31.0,11.0,462.0,20.0,30.0,40.0,70.0,6,2011-01-07,1,6,0,2011,1,7
225,6,2,1,36.0,63.0,111.0,48.0,27.0,15.0,593.0,40.0,40.0,60.0,100.0,8,2010-01-06,2,3,0,2010,1,6
225,6,2,1,87.0,133.0,236.0,103.0,46.0,33.0,564.0,110.0,80.0,130.0,210.0,8,2010-01-10,2,3,0,2010,1,10
225,6,2,1,77.0,120.0,214.0,94.0,43.0,31.0,540.0,70.0,80.0,110.0,190.0,8,2010-01-12,2,3,0,2010,1,12
225,6,2,1,42.0,107.0,193.0,86.0,65.0,32.0,484.0,40.0,80.0,100.0,180.0,9,2010-01-02,2,10,0,2010,1,2
225,6,2,1,25.0,83.0,150.0,67.0,58.0,25.0,599.0,30.0,60.0,80.0,140.0,9,2010-01-09,2,10,0,2010,1,9
225,6,2,1,39.0,88.0,159.0,72.0,56.0,27.0,606.0,40.0,60.0,90.0,150.0,9,2011-01-08,2,10,0,2011,1,8
225,6,2,1,50.0,98.0,189.0,79.0,64.0,30.0,593.0,60.0,60.0,90.0,150.0,9,2011-01-10,2,10,0,2011,1,10
225,6,2,1,1.0,87.0,160.0,63.0,86.0,57.0,187.0,0.0,50.0,70.0,120.0,4,2011-01-03,1,1,1,2011,1,3
225,6,2,1,-4.0,75.0,127.0,53.0,73.0,48.0,-267.0,10.0,40.0,70.0,110.0,4,2011-01-06,1,1,1,2011,1,6
225,6,2,1,-8.0,66.0,112.0,47.0,67.0,42.0,-395.0,0.0,40.0,50.0,90.0,4,2011-01-07,1,1,1,2011,1,7
225,6,2,1,-4.0,76.0,140.0,55.0,79.0,49.0,-1053.0,0.0,40.0,60.0,100.0,4,2011-01-12,1,1,1,2011,1,12
234,13,0,0,19.0,62.0,108.0,46.0,43.0,15.0,415.0,40.0,40.0,70.0,110.0,1,2010-01-08,0,0,1,2010,1,8
234,13,0,0,49.0,79.0,147.0,59.0,46.0,19.0,411.0,50.0,50.0,80.0,130.0,1,2011-01-11,0,0,1,2011,1,11
234,13,0,0,43.0,73.0,135.0,54.0,44.0,17.0,424.0,40.0,50.0,70.0,120.0,1,2011-01-12,0,0,1,2011,1,12
234,13,0,0,19.0,51.0,85.0,34.0,32.0,10.0,428.0,30.0,30.0,50.0,80.0,2,2010-01-08,0,4,1,2010,1,8
234,13,0,0,33.0,61.0,102.0,42.0,34.0,13.0,384.0,30.0,40.0,60.0,100.0,2,2011-01-05,0,4,1,2011,1,5
234,13,0,0,26.0,55.0,92.0,38.0,33.0,12.0,414.0,20.0,40.0,50.0,90.0,2,2011-01-06,0,4,1,2011,1,6
234,13,0,0,25.0,51.0,84.0,34.0,31.0,10.0,432.0,30.0,30.0,50.0,80.0,2,2011-01-07,0,4,1,2011,1,7
234,13,0,0,47.0,68.0,121.0,46.0,36.0,14.0,424.0,40.0,40.0,70.0,110.0,2,2011-01-11,0,4,1,2011,1,11
234,13,0,0,-3.0,74.0,126.0,52.0,77.0,47.0,509.0,20.0,50.0,80.0,130.0,3,2010-01-09,0,7,0,2010,1,9
234,13,0,0,-3.0,75.0,127.0,53.0,72.0,48.0,458.0,20.0,50.0,80.0,130.0,3,2011-01-05,0,7,0,2011,1,5
234,13,0,0,-8.0,63.0,106.0,44.0,64.0,40.0,496.0,20.0,40.0,70.0,110.0,3,2011-01-06,0,7,0,2011,1,6
234,13,0,0,-7.0,71.0,130.0,51.0,76.0,46.0,503.0,30.0,40.0,70.0,110.0,3,2011-01-10,0,7,0,2011,1,10
234,13,0,0,98.0,170.0,340.0,170.0,72.0,47.0,1073.0,140.0,190.0,210.0,400.0,5,2010-01-02,1,2,1,2010,1,2
234,13,0,0,154.0,171.0,382.0,170.0,76.0,47.0,1091.0,140.0,190.0,210.0,400.0,5,2011-01-01,1,2,1,2011,1,1
234,13,0,0,159.0,182.0,387.0,181.0,75.0,50.0,1283.0,170.0,230.0,230.0,460.0,5,2011-01-11,1,2,1,2011,1,11
234,13,0,0,15.0,71.0,129.0,58.0,56.0,22.0,325.0,40.0,60.0,90.0,150.0,6,2010-01-03,1,6,0,2010,1,3
234,13,0,0,15.0,32.0,53.0,21.0,17.0,5.0,449.0,30.0,10.0,30.0,40.0,8,2010-01-03,2,3,0,2010,1,3
234,13,0,0,22.0,32.0,56.0,21.0,17.0,5.0,449.0,30.0,10.0,30.0,40.0,8,2011-01-03,2,3,0,2011,1,3
234,13,0,0,24.0,32.0,56.0,21.0,16.0,5.0,454.0,30.0,10.0,30.0,40.0,8,2011-01-04,2,3,0,2011,1,4
234,13,0,0,79.0,141.0,235.0,94.0,62.0,31.0,697.0,70.0,80.0,120.0,200.0,11,2010-01-05,3,5,1,2010,1,5
234,13,0,0,103.0,172.0,286.0,114.0,69.0,37.0,810.0,100.0,90.0,160.0,250.0,11,2010-01-08,3,5,1,2010,1,8
234,13,0,0,65.0,123.0,205.0,82.0,58.0,27.0,788.0,60.0,50.0,90.0,140.0,11,2010-01-10,3,5,1,2010,1,10
234,13,0,0,144.0,155.0,285.0,112.0,58.0,34.0,502.0,90.0,90.0,140.0,230.0,12,2011-01-04,3,8,1,2011,1,4
234,13,0,0,120.0,134.0,245.0,96.0,53.0,29.0,666.0,80.0,80.0,120.0,200.0,12,2011-01-09,3,8,1,2011,1,9
239,3,1,0,52.0,77.0,130.0,53.0,25.0,14.0,803.0,70.0,50.0,90.0,140.0,13,2010-01-05,3,9,1,2010,1,5
239,3,1,0,44.0,48.0,91.0,33.0,21.0,9.0,777.0,40.0,30.0,50.0,80.0,13,2011-01-01,3,9,1,2011,1,1
239,3,1,0,80.0,85.0,143.0,59.0,25.0,16.0,842.0,70.0,60.0,90.0,150.0,13,2011-01-06,3,9,1,2011,1,6
239,3,1,0,80.0,85.0,143.0,59.0,25.0,16.0,870.0,70.0,60.0,90.0,150.0,13,2011-01-07,3,9,1,2011,1,7
239,3,1,0,9.0,111.0,190.0,79.0,102.0,72.0,551.0,30.0,70.0,110.0,180.0,5,2010-01-01,1,2,1,2010,1,1
239,3,1,0,18.0,134.0,230.0,96.0,116.0,87.0,683.0,50.0,80.0,130.0,210.0,5,2010-01-10,1,2,1,2010,1,10
239,3,1,0,14.0,111.0,213.0,79.0,107.0,72.0,551.0,30.0,70.0,110.0,180.0,5,2011-01-01,1,2,1,2011,1,1
239,3,1,0,44.0,173.0,294.0,124.0,131.0,112.0,717.0,60.0,110.0,180.0,290.0,5,2011-01-07,1,2,1,2011,1,7
239,3,1,0,60.0,116.0,202.0,86.0,56.0,28.0,547.0,90.0,70.0,110.0,180.0,6,2010-01-10,1,6,0,2010,1,10
239,3,1,0,48.0,62.0,109.0,48.0,25.0,15.0,593.0,30.0,30.0,50.0,80.0,8,2011-01-06,2,3,0,2011,1,6
239,3,1,0,13.0,66.0,120.0,54.0,53.0,20.0,312.0,20.0,40.0,50.0,90.0,9,2010-01-01,2,10,0,2010,1,1
239,3,1,0,47.0,92.0,170.0,78.0,45.0,24.0,995.0,50.0,50.0,80.0,130.0,10,2010-01-05,2,11,0,2010,1,5
239,3,1,0,76.0,103.0,187.0,86.0,45.0,26.0,1081.0,50.0,60.0,80.0,140.0,10,2011-01-07,2,11,0,2011,1,7
239,3,1,0,44.0,48.0,90.0,32.0,21.0,8.0,821.0,40.0,30.0,50.0,80.0,11,2011-01-01,3,5,1,2011,1,1
239,3,1,0,52.0,62.0,104.0,43.0,22.0,12.0,864.0,50.0,40.0,70.0,110.0,11,2011-01-06,3,5,1,2011,1,6
253,18,3,1,58.0,104.0,175.0,71.0,46.0,22.0,373.0,90.0,80.0,130.0,210.0,2,2010-01-05,0,4,1,2010,1,5
253,18,3,1,58.0,104.0,176.0,72.0,46.0,23.0,461.0,80.0,80.0,120.0,200.0,2,2010-01-12,0,4,1,2010,1,12
253,18,3,1,80.0,104.0,173.0,71.0,43.0,22.0,373.0,90.0,80.0,130.0,210.0,2,2011-01-05,0,4,1,2011,1,5
253,18,3,1,104.0,125.0,209.0,86.0,46.0,27.0,463.0,120.0,100.0,160.0,260.0,2,2011-01-07,0,4,1,2011,1,7
253,18,3,1,74.0,93.0,166.0,63.0,43.0,20.0,446.0,70.0,70.0,110.0,180.0,2,2011-01-11,0,4,1,2011,1,11
253,18,3,1,16.0,129.0,221.0,92.0,113.0,83.0,599.0,60.0,110.0,160.0,270.0,3,2010-01-05,0,7,0,2010,1,5
253,18,3,1,16.0,130.0,224.0,94.0,114.0,85.0,694.0,40.0,110.0,150.0,260.0,3,2010-01-11,0,7,0,2010,1,11
253,18,3,1,22.0,128.0,234.0,92.0,113.0,83.0,541.0,60.0,110.0,160.0,270.0,3,2011-01-02,0,7,0,2011,1,2
253,18,3,1,22.0,129.0,219.0,92.0,105.0,83.0,599.0,60.0,110.0,160.0,270.0,3,2011-01-05,0,7,0,2011,1,5
253,18,3,1,3.0,90.0,155.0,65.0,87.0,58.0,513.0,10.0,40.0,60.0,100.0,13,2010-01-02,3,9,1,2010,1,2
253,18,3,1,0.0,87.0,150.0,63.0,87.0,57.0,521.0,10.0,40.0,60.0,100.0,13,2010-01-04,3,9,1,2010,1,4
253,18,3,1,-5.0,66.0,113.0,47.0,71.0,42.0,622.0,0.0,30.0,40.0,70.0,13,2010-01-07,3,9,1,2010,1,7
253,18,3,1,-11.0,61.0,104.0,44.0,64.0,39.0,617.0,10.0,20.0,50.0,70.0,13,2011-01-08,3,9,1,2011,1,8
253,18,3,1,13.0,66.0,120.0,54.0,53.0,20.0,312.0,20.0,50.0,60.0,110.0,5,2010-01-01,1,2,1,2010,1,1
253,18,3,1,12.0,65.0,118.0,53.0,53.0,20.0,306.0,20.0,50.0,60.0,110.0,5,2010-01-02,1,2,1,2010,1,2
253,18,3,1,12.0,66.0,120.0,54.0,54.0,20.0,301.0,20.0,50.0,60.0,110.0,5,2010-01-03,1,2,1,2010,1,3
253,18,3,1,15.0,70.0,127.0,57.0,55.0,21.0,313.0,30.0,50.0,70.0,120.0,5,2010-01-04,1,2,1,2010,1,4
253,18,3,1,23.0,82.0,149.0,67.0,59.0,25.0,391.0,30.0,60.0,80.0,140.0,5,2010-01-09,1,2,1,2010,1,9
253,18,3,1,16.0,70.0,126.0,56.0,54.0,21.0,385.0,50.0,40.0,70.0,110.0,5,2010-01-10,1,2,1,2010,1,10
253,18,3,1,49.0,96.0,177.0,81.0,47.0,25.0,1046.0,60.0,70.0,90.0,160.0,6,2010-01-06,1,6,0,2010,1,6
253,18,3,1,56.0,103.0,189.0,86.0,47.0,26.0,1081.0,70.0,80.0,100.0,180.0,6,2010-01-07,1,6,0,2010,1,7
253,18,3,1,48.0,94.0,174.0,80.0,46.0,24.0,1055.0,80.0,60.0,90.0,150.0,6,2010-01-10,1,6,0,2010,1,10
253,18,3,1,51.0,96.0,176.0,80.0,45.0,24.0,1079.0,60.0,70.0,100.0,170.0,6,2010-01-12,1,6,0,2010,1,12
253,18,3,1,106.0,176.0,292.0,116.0,70.0,38.0,962.0,110.0,90.0,160.0,250.0,8,2010-01-04,2,3,0,2010,1,4
253,18,3,1,91.0,155.0,258.0,103.0,64.0,33.0,1130.0,100.0,80.0,140.0,220.0,8,2010-01-09,2,3,0,2010,1,9
253,18,3,1,109.0,140.0,230.0,92.0,57.0,30.0,1102.0,90.0,70.0,130.0,200.0,8,2011-01-06,2,3,0,2011,1,6
253,18,3,1,104.0,135.0,223.0,90.0,56.0,29.0,1139.0,80.0,70.0,120.0,190.0,8,2011-01-08,2,3,0,2011,1,8
253,18,3,1,156.0,174.0,308.0,115.0,69.0,37.0,1166.0,110.0,100.0,160.0,260.0,8,2011-01-12,2,3,0,2011,1,12
253,18,3,1,45.0,70.0,118.0,48.0,25.0,13.0,839.0,50.0,40.0,60.0,100.0,9,2010-01-08,2,10,0,2010,1,8
253,18,3,1,55.0,64.0,106.0,43.0,22.0,12.0,822.0,50.0,30.0,60.0,90.0,9,2011-01-06,2,10,0,2011,1,6
253,18,3,1,65.0,68.0,123.0,47.0,24.0,13.0,834.0,40.0,40.0,60.0,100.0,9,2011-01-11,2,10,0,2011,1,11
253,18,3,1,45.0,84.0,133.0,49.0,39.0,15.0,342.0,40.0,30.0,60.0,90.0,11,2010-01-04,3,5,1,2010,1,4
253,18,3,1,42.0,79.0,126.0,47.0,37.0,14.0,366.0,30.0,30.0,50.0,80.0,11,2010-01-08,3,5,1,2010,1,8
253,18,3,1,109.0,113.0,201.0,67.0,45.0,20.0,400.0,50.0,40.0,80.0,120.0,11,2011-01-01,3,5,1,2011,1,1
253,18,3,1,67.0,84.0,142.0,49.0,39.0,15.0,342.0,40.0,30.0,60.0,90.0,11,2011-01-04,3,5,1,2011,1,4
253,18,3,1,45.0,66.0,114.0,41.0,36.0,12.0,320.0,20.0,30.0,40.0,70.0,11,2011-01-12,3,5,1,2011,1,12
253,18,3,1,48.0,89.0,150.0,61.0,41.0,19.0,390.0,40.0,40.0,60.0,100.0,12,2010-01-01,3,8,1,2010,1,1
253,18,3,1,38.0,77.0,129.0,52.0,39.0,16.0,376.0,30.0,30.0,50.0,80.0,12,2010-01-03,3,8,1,2010,1,3
253,18,3,1,30.0,68.0,114.0,46.0,38.0,14.0,388.0,20.0,30.0,40.0,70.0,12,2010-01-04,3,8,1,2010,1,4
253,18,3,1,42.0,63.0,113.0,43.0,35.0,13.0,466.0,20.0,30.0,40.0,70.0,12,2011-01-12,3,8,1,2011,1,12
253,18,3,1,35.0,63.0,112.0,49.0,28.0,16.0,611.0,40.0,40.0,60.0,100.0,4,2010-01-03,1,1,1,2010,1,3
253,18,3,1,11.0,30.0,52.0,22.0,19.0,7.0,570.0,20.0,20.0,30.0,50.0,4,2010-01-11,1,1,1,2010,1,11
253,18,3,1,13.0,32.0,56.0,24.0,19.0,7.0,567.0,20.0,20.0,30.0,50.0,4,2010-01-12,1,1,1,2010,1,12
253,18,3,1,52.0,62.0,117.0,48.0,27.0,15.0,617.0,40.0,40.0,60.0,100.0,4,2011-01-02,1,1,1,2011,1,2
254,16,2,0,112.0,152.0,256.0,104.0,40.0,29.0,821.0,120.0,80.0,140.0,220.0,5,2010-01-05,1,2,1,2010,1,5
254,16,2,0,197.0,179.0,322.0,123.0,46.0,34.0,959.0,110.0,90.0,140.0,230.0,5,2011-01-12,1,2,1,2011,1,12
254,16,2,0,121.0,124.0,208.0,86.0,33.0,24.0,499.0,90.0,70.0,110.0,180.0,6,2011-01-05,1,6,0,2011,1,5
254,16,2,0,135.0,136.0,228.0,94.0,35.0,26.0,608.0,90.0,80.0,110.0,190.0,6,2011-01-07,1,6,0,2011,1,7
254,16,2,0,71.0,73.0,131.0,50.0,25.0,14.0,589.0,40.0,30.0,60.0,90.0,6,2011-01-11,1,6,0,2011,1,11
254,16,2,0,42.0,83.0,140.0,57.0,41.0,18.0,364.0,50.0,50.0,80.0,130.0,9,2010-01-01,2,10,0,2010,1,1
254,16,2,0,65.0,83.0,157.0,57.0,43.0,18.0,364.0,50.0,50.0,80.0,130.0,9,2011-01-01,2,10,0,2011,1,1
254,16,2,0,35.0,61.0,102.0,42.0,33.0,13.0,384.0,30.0,40.0,60.0,100.0,9,2011-01-05,2,10,0,2011,1,5
254,16,2,0,26.0,51.0,84.0,34.0,30.0,10.0,432.0,30.0,30.0,50.0,80.0,9,2011-01-07,2,10,0,2011,1,7
254,16,2,0,44.0,96.0,160.0,64.0,52.0,21.0,-161.0,50.0,50.0,80.0,130.0,4,2010-01-05,1,1,1,2010,1,5
262,19,0,1,13.0,66.0,120.0,54.0,53.0,20.0,312.0,30.0,50.0,70.0,120.0,1,2010-01-01,0,0,1,2010,1,1
262,19,0,1,12.0,65.0,118.0,53.0,53.0,20.0,306.0,30.0,50.0,70.0,120.0,1,2010-01-02,0,0,1,2010,1,2
262,19,0,1,13.0,66.0,120.0,54.0,53.0,20.0,301.0,30.0,50.0,70.0,120.0,1,2010-01-03,0,0,1,2010,1,3
262,19,0,1,17.0,72.0,130.0,58.0,55.0,22.0,338.0,20.0,60.0,70.0,130.0,1,2010-01-05,0,0,1,2010,1,5
262,19,0,1,14.0,67.0,121.0,54.0,53.0,20.0,391.0,20.0,50.0,60.0,110.0,1,2010-01-11,0,0,1,2010,1,11
262,19,0,1,19.0,66.0,128.0,54.0,53.0,20.0,301.0,30.0,50.0,70.0,120.0,1,2011-01-03,0,0,1,2011,1,3
262,19,0,1,25.0,74.0,132.0,59.0,52.0,22.0,403.0,20.0,60.0,70.0,130.0,1,2011-01-07,0,0,1,2011,1,7
262,19,0,1,21.0,67.0,129.0,54.0,53.0,20.0,391.0,20.0,50.0,60.0,110.0,1,2011-01-11,0,0,1,2011,1,11
262,19,0,1,9.0,111.0,190.0,79.0,102.0,72.0,551.0,20.0,80.0,110.0,190.0,2,2010-01-01,0,4,1,2010,1,1
262,19,0,1,17.0,132.0,227.0,95.0,115.0,86.0,532.0,30.0,100.0,130.0,230.0,2,2010-01-03,0,4,1,2010,1,3
262,19,0,1,17.0,129.0,221.0,92.0,112.0,83.0,599.0,40.0,90.0,140.0,230.0,2,2010-01-05,0,4,1,2010,1,5
262,19,0,1,32.0,173.0,297.0,124.0,141.0,112.0,717.0,60.0,130.0,180.0,310.0,2,2010-01-07,0,4,1,2010,1,7
262,19,0,1,16.0,130.0,224.0,94.0,114.0,85.0,694.0,30.0,90.0,130.0,220.0,2,2010-01-11,0,4,1,2010,1,11
262,19,0,1,23.0,129.0,219.0,92.0,104.0,83.0,599.0,40.0,90.0,140.0,230.0,2,2011-01-05,0,4,1,2011,1,5
262,19,0,1,33.0,154.0,262.0,110.0,121.0,100.0,665.0,50.0,110.0,160.0,270.0,2,2011-01-06,0,4,1,2011,1,6
262,19,0,1,30.0,145.0,266.0,105.0,125.0,95.0,716.0,30.0,100.0,140.0,240.0,2,2011-01-12,0,4,1,2011,1,12
262,19,0,1,58.0,114.0,199.0,85.0,56.0,28.0,555.0,70.0,90.0,110.0,200.0,3,2010-01-09,0,7,0,2010,1,9
262,19,0,1,51.0,103.0,180.0,77.0,52.0,25.0,557.0,60.0,70.0,100.0,170.0,3,2010-01-11,0,7,0,2010,1,11
262,19,0,1,74.0,103.0,192.0,77.0,53.0,25.0,423.0,60.0,80.0,100.0,180.0,3,2011-01-02,0,7,0,2011,1,2
262,19,0,1,86.0,112.0,208.0,83.0,54.0,27.0,433.0,80.0,80.0,120.0,200.0,3,2011-01-04,0,7,0,2011,1,4
262,19,0,1,87.0,121.0,210.0,91.0,54.0,30.0,533.0,90.0,90.0,130.0,220.0,3,2011-01-06,0,7,0,2011,1,6
262,19,0,1,98.0,130.0,225.0,97.0,55.0,32.0,575.0,80.0,100.0,130.0,230.0,3,2011-01-07,0,7,0,2011,1,7
262,19,0,1,50.0,96.0,177.0,81.0,46.0,25.0,1046.0,70.0,90.0,110.0,200.0,5,2010-01-06,1,2,1,2010,1,6
262,19,0,1,59.0,81.0,168.0,69.0,45.0,21.0,965.0,50.0,80.0,90.0,170.0,5,2011-01-01,1,2,1,2011,1,1
262,19,0,1,62.0,84.0,164.0,70.0,42.0,21.0,957.0,60.0,80.0,100.0,180.0,5,2011-01-02,1,2,1,2011,1,2
262,19,0,1,71.0,94.0,185.0,80.0,46.0,24.0,1055.0,120.0,110.0,140.0,250.0,5,2011-01-10,1,2,1,2011,1,10
262,19,0,1,74.0,96.0,188.0,80.0,46.0,24.0,1079.0,80.0,100.0,120.0,220.0,5,2011-01-12,1,2,1,2011,1,12
262,19,0,1,34.0,62.0,110.0,48.0,28.0,15.0,623.0,50.0,50.0,70.0,120.0,6,2010-01-01,1,6,0,2010,1,1
262,19,0,1,35.0,62.0,110.0,48.0,27.0,15.0,599.0,50.0,50.0,70.0,120.0,6,2010-01-05,1,6,0,2010,1,5
262,19,0,1,34.0,62.0,110.0,48.0,28.0,15.0,593.0,50.0,50.0,70.0,120.0,6,2010-01-06,1,6,0,2010,1,6
262,19,0,1,18.0,39.0,69.0,30.0,21.0,9.0,581.0,30.0,30.0,50.0,80.0,6,2010-01-08,1,6,0,2010,1,8
262,19,0,1,13.0,32.0,56.0,24.0,19.0,7.0,567.0,30.0,30.0,40.0,70.0,6,2010-01-12,1,6,0,2010,1,12
262,19,0,1,50.0,63.0,119.0,49.0,29.0,16.0,611.0,60.0,50.0,80.0,130.0,6,2011-01-03,1,6,0,2011,1,3
262,19,0,1,25.0,39.0,68.0,30.0,20.0,9.0,581.0,30.0,30.0,50.0,80.0,6,2011-01-08,1,6,0,2011,1,8
262,19,0,1,15.0,29.0,54.0,22.0,19.0,7.0,573.0,50.0,20.0,50.0,70.0,6,2011-01-10,1,6,0,2011,1,10
262,19,0,1,63.0,105.0,167.0,62.0,42.0,19.0,346.0,70.0,50.0,90.0,140.0,8,2010-01-03,2,3,0,2010,1,3
262,19,0,1,46.0,84.0,133.0,49.0,38.0,15.0,342.0,50.0,40.0,70.0,110.0,8,2010-01-04,2,3,0,2010,1,4
262,19,0,1,40.0,65.0,103.0,39.0,33.0,12.0,380.0,40.0,30.0,60.0,90.0,8,2011-01-07,2,3,0,2011,1,7
262,19,0,1,79.0,94.0,161.0,57.0,41.0,17.0,349.0,70.0,40.0,90.0,130.0,8,2011-01-09,2,3,0,2011,1,9
262,19,0,1,71.0,88.0,150.0,53.0,40.0,16.0,321.0,50.0,50.0,80.0,130.0,8,2011-01-11,2,3,0,2011,1,11
262,19,0,1,43.0,68.0,115.0,47.0,25.0,13.0,772.0,50.0,40.0,60.0,100.0,9,2010-01-02,2,10,0,2010,1,2
262,19,0,1,51.0,77.0,130.0,53.0,26.0,14.0,803.0,60.0,40.0,70.0,110.0,9,2010-01-05,2,10,0,2010,1,5
262,19,0,1,58.0,85.0,144.0,59.0,27.0,16.0,870.0,60.0,50.0,70.0,120.0,9,2010-01-07,2,10,0,2010,1,7
262,19,0,1,63.0,91.0,154.0,63.0,28.0,17.0,864.0,70.0,50.0,80.0,130.0,9,2010-01-08,2,10,0,2010,1,8
262,19,0,1,45.0,70.0,118.0,48.0,25.0,13.0,851.0,60.0,30.0,60.0,90.0,9,2010-01-10,2,10,0,2010,1,10
262,19,0,1,27.0,47.0,78.0,31.0,20.0,8.0,856.0,40.0,20.0,50.0,70.0,9,2010-01-11,2,10,0,2010,1,11
262,19,0,1,70.0,72.0,129.0,49.0,25.0,13.0,779.0,50.0,40.0,60.0,100.0,9,2011-01-04,2,10,0,2011,1,4
262,19,0,1,70.0,77.0,129.0,53.0,24.0,14.0,803.0,60.0,40.0,70.0,110.0,9,2011-01-05,2,10,0,2011,1,5
262,19,0,1,80.0,85.0,143.0,59.0,25.0,16.0,870.0,60.0,50.0,70.0,120.0,9,2011-01-07,2,10,0,2011,1,7
262,19,0,1,87.0,91.0,153.0,63.0,26.0,17.0,864.0,70.0,50.0,80.0,130.0,9,2011-01-08,2,10,0,2011,1,8
262,19,0,1,67.0,70.0,126.0,48.0,25.0,13.0,851.0,60.0,30.0,60.0,90.0,9,2011-01-10,2,10,0,2011,1,10
262,19,0,1,31.0,68.0,114.0,46.0,37.0,14.0,388.0,40.0,30.0,70.0,100.0,11,2010-01-04,3,5,1,2010,1,4
262,19,0,1,30.0,67.0,113.0,46.0,37.0,14.0,449.0,40.0,20.0,50.0,70.0,11,2010-01-10,3,5,1,2010,1,10
262,19,0,1,33.0,71.0,120.0,49.0,38.0,15.0,454.0,20.0,40.0,50.0,90.0,11,2010-01-11,3,5,1,2010,1,11
262,19,0,1,28.0,63.0,106.0,43.0,35.0,13.0,466.0,20.0,30.0,50.0,80.0,11,2010-01-12,3,5,1,2010,1,12
262,19,0,1,46.0,68.0,121.0,46.0,37.0,14.0,388.0,40.0,30.0,70.0,100.0,11,2011-01-04,3,5,1,2011,1,4
262,19,0,1,33.0,59.0,98.0,40.0,33.0,12.0,443.0,20.0,30.0,50.0,80.0,11,2011-01-06,3,5,1,2011,1,6
262,19,0,1,29.0,54.0,89.0,36.0,31.0,11.0,462.0,10.0,30.0,40.0,70.0,11,2011-01-07,3,5,1,2011,1,7
262,19,0,1,45.0,67.0,120.0,46.0,37.0,14.0,449.0,40.0,20.0,50.0,70.0,11,2011-01-10,3,5,1,2011,1,10
262,19,0,1,42.0,63.0,113.0,43.0,35.0,13.0,466.0,20.0,30.0,50.0,80.0,11,2011-01-12,3,5,1,2011,1,12
262,19,0,1,7.0,105.0,180.0,75.0,98.0,68.0,522.0,10.0,60.0,90.0,150.0,12,2010-01-01,3,8,1,2010,1,1
262,19,0,1,2.0,90.0,154.0,64.0,88.0,58.0,551.0,10.0,50.0,80.0,130.0,12,2010-01-05,3,8,1,2010,1,5
262,19,0,1,11.0,105.0,201.0,75.0,103.0,68.0,522.0,10.0,60.0,90.0,150.0,12,2011-01-01,3,8,1,2011,1,1
262,19,0,1,1.0,87.0,160.0,63.0,86.0,57.0,506.0,10.0,50.0,80.0,130.0,12,2011-01-03,3,8,1,2011,1,3
262,19,0,1,0.0,84.0,153.0,60.0,84.0,54.0,606.0,0.0,40.0,50.0,90.0,12,2011-01-10,3,8,1,2011,1,10
262,19,0,1,-4.0,76.0,140.0,55.0,79.0,49.0,627.0,0.0,40.0,60.0,100.0,12,2011-01-12,3,8,1,2011,1,12
281,16,2,0,292.0,295.0,582.0,251.0,98.0,77.0,1268.0,280.0,310.0,370.0,680.0,2,2011-01-09,0,4,1,2011,1,9
281,16,2,0,94.0,107.0,188.0,83.0,36.0,27.0,584.0,100.0,100.0,130.0,230.0,3,2011-01-05,0,7,0,2011,1,5
281,16,2,0,39.0,51.0,96.0,39.0,25.0,12.0,541.0,80.0,40.0,90.0,130.0,3,2011-01-10,0,7,0,2011,1,10
281,16,2,0,120.0,163.0,276.0,113.0,43.0,31.0,897.0,120.0,90.0,140.0,230.0,5,2010-01-06,1,2,1,2010,1,6
281,16,2,0,33.0,80.0,140.0,60.0,47.0,19.0,336.0,50.0,50.0,80.0,130.0,8,2010-01-01,2,3,0,2010,1,1
281,16,2,0,51.0,80.0,157.0,60.0,49.0,19.0,336.0,50.0,50.0,80.0,130.0,8,2011-01-01,2,3,0,2011,1,1
281,16,2,0,35.0,72.0,121.0,49.0,37.0,15.0,351.0,40.0,40.0,70.0,110.0,9,2010-01-03,2,10,0,2010,1,3
281,16,2,0,19.0,51.0,85.0,34.0,32.0,10.0,432.0,30.0,30.0,50.0,80.0,9,2010-01-07,2,10,0,2010,1,7
281,16,2,0,19.0,51.0,85.0,34.0,32.0,10.0,428.0,30.0,30.0,50.0,80.0,9,2010-01-08,2,10,0,2010,1,8
281,16,2,0,40.0,64.0,114.0,43.0,37.0,13.0,363.0,30.0,40.0,60.0,100.0,9,2011-01-04,2,10,0,2011,1,4
281,16,2,0,30.0,79.0,131.0,52.0,49.0,17.0,-456.0,40.0,40.0,70.0,110.0,4,2010-01-07,1,1,1,2010,1,7
281,16,2,0,46.0,81.0,134.0,54.0,45.0,17.0,-321.0,40.0,40.0,70.0,110.0,4,2011-01-06,1,1,1,2011,1,6
303,1,0,0,105.0,144.0,243.0,99.0,39.0,27.0,766.0,120.0,100.0,150.0,250.0,1,2010-01-02,0,0,1,2010,1,2
303,1,0,0,134.0,126.0,227.0,87.0,36.0,24.0,756.0,100.0,90.0,130.0,220.0,1,2011-01-03,0,0,1,2011,1,3
303,1,0,0,199.0,179.0,322.0,123.0,45.0,34.0,959.0,130.0,120.0,170.0,290.0,1,2011-01-12,0,0,1,2011,1,12
303,1,0,0,68.0,107.0,190.0,83.0,39.0,27.0,584.0,80.0,80.0,110.0,190.0,2,2010-01-05,0,4,1,2010,1,5
303,1,0,0,101.0,107.0,202.0,83.0,39.0,27.0,613.0,80.0,80.0,110.0,190.0,2,2011-01-02,0,4,1,2011,1,2
303,1,0,0,98.0,112.0,197.0,87.0,38.0,28.0,564.0,80.0,90.0,110.0,200.0,2,2011-01-07,0,4,1,2011,1,7
303,1,0,0,62.0,74.0,141.0,58.0,32.0,19.0,548.0,50.0,60.0,70.0,130.0,2,2011-01-09,0,4,1,2011,1,9
303,1,0,0,40.0,51.0,96.0,39.0,24.0,12.0,541.0,50.0,30.0,50.0,80.0,2,2011-01-10,0,4,1,2011,1,10
303,1,0,0,105.0,145.0,245.0,100.0,40.0,28.0,822.0,120.0,100.0,150.0,250.0,3,2010-01-04,0,7,0,2010,1,4
303,1,0,0,147.0,137.0,247.0,95.0,38.0,26.0,809.0,110.0,100.0,140.0,240.0,3,2011-01-02,0,7,0,2011,1,2
303,1,0,0,150.0,139.0,249.0,95.0,38.0,26.0,799.0,110.0,100.0,140.0,240.0,3,2011-01-03,0,7,0,2011,1,3
303,1,0,0,156.0,145.0,261.0,100.0,40.0,28.0,822.0,120.0,100.0,150.0,250.0,3,2011-01-04,0,7,0,2011,1,4
303,1,0,0,155.0,152.0,254.0,104.0,37.0,29.0,871.0,120.0,110.0,150.0,260.0,3,2011-01-05,0,7,0,2011,1,5
303,1,0,0,192.0,185.0,309.0,127.0,43.0,35.0,1007.0,150.0,130.0,190.0,320.0,3,2011-01-07,0,7,0,2011,1,7
303,1,0,0,30.0,56.0,100.0,44.0,26.0,14.0,623.0,30.0,30.0,50.0,80.0,13,2010-01-01,3,9,1,2010,1,1
303,1,0,0,32.0,60.0,106.0,46.0,28.0,15.0,608.0,40.0,30.0,60.0,90.0,13,2010-01-04,3,9,1,2010,1,4
303,1,0,0,27.0,53.0,94.0,41.0,26.0,13.0,592.0,30.0,30.0,50.0,80.0,13,2010-01-07,3,9,1,2010,1,7
303,1,0,0,47.0,56.0,112.0,44.0,27.0,14.0,623.0,30.0,30.0,50.0,80.0,13,2011-01-01,3,9,1,2011,1,1
303,1,0,0,47.0,60.0,113.0,46.0,28.0,15.0,608.0,40.0,30.0,60.0,90.0,13,2011-01-04,3,9,1,2011,1,4
303,1,0,0,54.0,80.0,134.0,54.0,26.0,15.0,456.0,70.0,60.0,90.0,150.0,5,2010-01-01,1,2,1,2010,1,1
303,1,0,0,88.0,124.0,210.0,86.0,36.0,24.0,499.0,120.0,90.0,150.0,240.0,5,2010-01-05,1,2,1,2010,1,5
303,1,0,0,98.0,136.0,230.0,94.0,38.0,26.0,608.0,140.0,100.0,170.0,270.0,5,2010-01-07,1,2,1,2010,1,7
303,1,0,0,84.0,118.0,199.0,81.0,34.0,22.0,588.0,110.0,90.0,140.0,230.0,5,2010-01-09,1,2,1,2010,1,9
303,1,0,0,79.0,111.0,187.0,76.0,32.0,21.0,580.0,170.0,100.0,180.0,280.0,5,2010-01-10,1,2,1,2010,1,10
303,1,0,0,48.0,73.0,123.0,50.0,25.0,14.0,589.0,70.0,60.0,90.0,150.0,5,2010-01-11,1,2,1,2010,1,11
303,1,0,0,119.0,112.0,201.0,77.0,32.0,21.0,449.0,110.0,80.0,140.0,220.0,5,2011-01-02,1,2,1,2011,1,2
303,1,0,0,137.0,136.0,228.0,94.0,34.0,26.0,562.0,140.0,100.0,170.0,270.0,5,2011-01-06,1,2,1,2011,1,6
303,1,0,0,71.0,73.0,131.0,50.0,25.0,14.0,589.0,70.0,60.0,90.0,150.0,5,2011-01-11,1,2,1,2011,1,11
303,1,0,0,59.0,114.0,189.0,75.0,55.0,24.0,549.0,90.0,80.0,140.0,220.0,6,2010-01-02,1,6,0,2010,1,2
303,1,0,0,44.0,96.0,160.0,64.0,52.0,21.0,593.0,60.0,70.0,110.0,180.0,6,2010-01-05,1,6,0,2010,1,5
303,1,0,0,33.0,81.0,135.0,54.0,48.0,17.0,641.0,50.0,60.0,90.0,150.0,6,2010-01-06,1,6,0,2010,1,6
303,1,0,0,31.0,79.0,131.0,52.0,48.0,17.0,668.0,50.0,60.0,90.0,150.0,6,2010-01-07,1,6,0,2010,1,7
303,1,0,0,39.0,90.0,150.0,60.0,51.0,19.0,656.0,60.0,60.0,110.0,170.0,6,2010-01-09,1,6,0,2010,1,9
303,1,0,0,56.0,110.0,182.0,72.0,54.0,23.0,650.0,130.0,100.0,160.0,260.0,6,2010-01-10,1,6,0,2010,1,10
303,1,0,0,58.0,114.0,189.0,75.0,56.0,24.0,659.0,100.0,90.0,150.0,240.0,6,2010-01-11,1,6,0,2010,1,11
303,1,0,0,71.0,102.0,181.0,68.0,54.0,22.0,559.0,80.0,70.0,130.0,200.0,6,2011-01-04,1,6,0,2011,1,4
303,1,0,0,43.0,79.0,130.0,52.0,45.0,17.0,668.0,50.0,60.0,90.0,150.0,6,2011-01-07,1,6,0,2011,1,7
303,1,0,0,94.0,163.0,325.0,162.0,69.0,45.0,1091.0,100.0,130.0,150.0,280.0,8,2010-01-04,2,3,0,2010,1,4
303,1,0,0,81.0,146.0,291.0,145.0,65.0,40.0,1304.0,80.0,120.0,130.0,250.0,8,2010-01-07,2,3,0,2010,1,7
303,1,0,0,82.0,146.0,291.0,145.0,64.0,40.0,1292.0,80.0,120.0,130.0,250.0,8,2010-01-08,2,3,0,2010,1,8
303,1,0,0,87.0,153.0,306.0,153.0,66.0,42.0,1319.0,80.0,140.0,140.0,280.0,8,2010-01-12,2,3,0,2010,1,12
303,1,0,0,129.0,155.0,330.0,155.0,68.0,43.0,1280.0,90.0,130.0,140.0,270.0,8,2011-01-09,2,3,0,2011,1,9
303,1,0,0,-5.0,71.0,122.0,51.0,76.0,46.0,503.0,30.0,30.0,60.0,90.0,9,2010-01-10,2,10,0,2010,1,10
303,1,0,0,-4.0,73.0,125.0,52.0,77.0,47.0,509.0,10.0,40.0,70.0,110.0,9,2010-01-11,2,10,0,2010,1,11
303,1,0,0,-6.0,73.0,133.0,52.0,77.0,47.0,421.0,20.0,40.0,70.0,110.0,9,2011-01-03,2,10,0,2011,1,3
303,1,0,0,-10.0,63.0,106.0,44.0,65.0,40.0,496.0,10.0,30.0,60.0,90.0,9,2011-01-06,2,10,0,2011,1,6
303,1,0,0,-14.0,56.0,94.0,39.0,61.0,36.0,517.0,0.0,30.0,50.0,80.0,9,2011-01-07,2,10,0,2011,1,7
303,1,0,0,33.0,80.0,140.0,60.0,47.0,19.0,329.0,40.0,50.0,70.0,120.0,10,2010-01-02,2,11,0,2010,1,2
303,1,0,0,20.0,62.0,108.0,46.0,42.0,15.0,415.0,30.0,30.0,60.0,90.0,10,2010-01-08,2,11,0,2010,1,8
303,1,0,0,29.0,73.0,127.0,54.0,44.0,17.0,424.0,30.0,50.0,60.0,110.0,10,2010-01-12,2,11,0,2010,1,12
303,1,0,0,28.0,62.0,107.0,46.0,39.0,15.0,415.0,30.0,30.0,60.0,90.0,10,2011-01-08,2,11,0,2011,1,8
303,1,0,0,13.0,67.0,121.0,54.0,54.0,20.0,337.0,20.0,40.0,60.0,100.0,11,2010-01-04,3,5,1,2010,1,4
303,1,0,0,13.0,66.0,120.0,54.0,53.0,20.0,404.0,30.0,30.0,50.0,80.0,11,2010-01-10,3,5,1,2010,1,10
303,1,0,0,6.0,57.0,103.0,46.0,51.0,17.0,422.0,10.0,30.0,50.0,80.0,11,2010-01-12,3,5,1,2010,1,12
303,1,0,0,9.0,57.0,110.0,46.0,51.0,17.0,422.0,10.0,30.0,50.0,80.0,11,2011-01-12,3,5,1,2011,1,12
303,1,0,0,36.0,76.0,140.0,64.0,40.0,19.0,965.0,40.0,50.0,70.0,120.0,12,2010-01-01,3,8,1,2010,1,1
303,1,0,0,32.0,73.0,135.0,62.0,41.0,19.0,952.0,30.0,50.0,60.0,110.0,12,2010-01-03,3,8,1,2010,1,3
303,1,0,0,27.0,66.0,122.0,56.0,39.0,17.0,992.0,30.0,40.0,60.0,100.0,12,2010-01-05,3,8,1,2010,1,5
303,1,0,0,27.0,64.0,118.0,54.0,37.0,16.0,1037.0,40.0,30.0,50.0,80.0,12,2010-01-10,3,8,1,2010,1,10
303,1,0,0,26.0,63.0,116.0,53.0,37.0,16.0,1054.0,20.0,40.0,50.0,90.0,12,2010-01-12,3,8,1,2010,1,12
303,1,0,0,50.0,75.0,147.0,63.0,41.0,19.0,965.0,40.0,50.0,70.0,120.0,12,2011-01-04,3,8,1,2011,1,4
303,1,0,0,37.0,66.0,121.0,56.0,36.0,17.0,992.0,30.0,40.0,60.0,100.0,12,2011-01-05,3,8,1,2011,1,5
305,3,1,0,73.0,134.0,222.0,88.0,61.0,29.0,653.0,90.0,80.0,130.0,210.0,2,2010-01-04,0,4,1,2010,1,4
305,3,1,0,144.0,172.0,283.0,114.0,63.0,37.0,822.0,120.0,100.0,170.0,270.0,2,2011-01-07,0,4,1,2011,1,7
305,3,1,0,71.0,120.0,206.0,86.0,49.0,26.0,490.0,70.0,80.0,110.0,190.0,3,2010-01-02,0,7,0,2010,1,2
305,3,1,0,16.0,128.0,220.0,92.0,112.0,83.0,541.0,40.0,80.0,130.0,210.0,5,2010-01-02,1,2,1,2010,1,2
305,3,1,0,21.0,145.0,250.0,105.0,124.0,95.0,716.0,30.0,100.0,140.0,240.0,5,2010-01-12,1,2,1,2010,1,12
305,3,1,0,31.0,145.0,266.0,105.0,124.0,95.0,716.0,30.0,100.0,140.0,240.0,5,2011-01-12,1,2,1,2011,1,12
305,3,1,0,78.0,103.0,201.0,77.0,56.0,25.0,432.0,60.0,70.0,100.0,170.0,6,2011-01-01,1,6,0,2011,1,1
305,3,1,0,31.0,58.0,103.0,45.0,27.0,14.0,605.0,30.0,30.0,50.0,80.0,8,2010-01-04,2,3,0,2010,1,4
305,3,1,0,15.0,70.0,127.0,57.0,55.0,21.0,313.0,20.0,40.0,50.0,90.0,9,2010-01-04,2,10,0,2010,1,4
305,3,1,0,17.0,72.0,130.0,58.0,55.0,22.0,338.0,30.0,40.0,60.0,100.0,9,2010-01-05,2,10,0,2010,1,5
305,3,1,0,20.0,77.0,140.0,63.0,57.0,23.0,397.0,30.0,40.0,60.0,100.0,9,2010-01-08,2,10,0,2010,1,8
305,3,1,0,24.0,82.0,149.0,67.0,58.0,25.0,391.0,20.0,50.0,60.0,110.0,9,2010-01-09,2,10,0,2010,1,9
305,3,1,0,36.0,82.0,159.0,67.0,58.0,25.0,391.0,20.0,50.0,60.0,110.0,9,2011-01-09,2,10,0,2011,1,9
305,3,1,0,34.0,80.0,155.0,65.0,57.0,24.0,403.0,20.0,40.0,60.0,100.0,9,2011-01-12,2,10,0,2011,1,12
305,3,1,0,49.0,96.0,177.0,81.0,47.0,25.0,1046.0,40.0,60.0,70.0,130.0,10,2010-01-06,2,11,0,2010,1,6
305,3,1,0,70.0,123.0,226.0,103.0,53.0,31.0,1073.0,70.0,70.0,100.0,170.0,10,2010-01-08,2,11,0,2010,1,8
305,3,1,0,48.0,94.0,174.0,80.0,46.0,24.0,1055.0,40.0,40.0,50.0,90.0,10,2010-01-10,2,11,0,2010,1,10
309,4,0,0,129.0,225.0,387.0,162.0,96.0,53.0,1148.0,140.0,170.0,230.0,400.0,2,2010-01-09,0,4,1,2010,1,9
309,4,0,0,87.0,139.0,234.0,95.0,52.0,30.0,608.0,100.0,100.0,140.0,240.0,3,2010-01-01,0,7,0,2010,1,1
309,4,0,0,116.0,178.0,301.0,123.0,62.0,39.0,611.0,130.0,130.0,180.0,310.0,3,2010-01-04,0,7,0,2010,1,4
309,4,0,0,207.0,222.0,373.0,154.0,67.0,49.0,817.0,170.0,160.0,230.0,390.0,3,2011-01-08,0,7,0,2011,1,8
309,4,0,0,203.0,312.0,546.0,234.0,109.0,77.0,1310.0,260.0,270.0,370.0,640.0,5,2010-01-01,1,2,1,2010,1,1
309,4,0,0,326.0,335.0,626.0,252.0,115.0,83.0,1316.0,280.0,290.0,400.0,690.0,5,2011-01-04,1,2,1,2011,1,4
309,4,0,0,326.0,336.0,628.0,253.0,116.0,83.0,1686.0,280.0,290.0,400.0,690.0,5,2011-01-09,1,2,1,2011,1,9
309,4,0,0,226.0,261.0,516.0,260.0,90.0,72.0,1715.0,210.0,300.0,310.0,610.0,6,2011-01-06,1,6,0,2011,1,6
309,4,0,0,133.0,179.0,302.0,123.0,46.0,34.0,959.0,130.0,110.0,170.0,280.0,8,2010-01-12,2,3,0,2010,1,12
309,4,0,0,133.0,178.0,301.0,123.0,45.0,34.0,947.0,140.0,100.0,160.0,260.0,10,2010-01-06,2,11,0,2010,1,6
309,4,0,0,143.0,191.0,323.0,132.0,48.0,36.0,994.0,140.0,110.0,170.0,280.0,10,2010-01-08,2,11,0,2010,1,8
309,4,0,0,151.0,139.0,249.0,95.0,37.0,26.0,799.0,100.0,80.0,120.0,200.0,10,2011-01-03,2,11,0,2011,1,3
309,4,0,0,79.0,112.0,189.0,77.0,33.0,21.0,449.0,80.0,60.0,100.0,160.0,11,2010-01-02,3,5,1,2010,1,2
309,4,0,0,53.0,79.0,133.0,54.0,26.0,15.0,601.0,50.0,40.0,70.0,110.0,11,2010-01-12,3,5,1,2010,1,12
309,4,0,0,123.0,117.0,211.0,81.0,34.0,22.0,460.0,80.0,60.0,110.0,170.0,11,2011-01-04,3,5,1,2011,1,4
309,4,0,0,46.0,81.0,134.0,54.0,45.0,17.0,641.0,30.0,40.0,70.0,110.0,12,2011-01-06,3,8,1,2011,1,6
309,4,0,0,88.0,114.0,201.0,75.0,55.0,24.0,659.0,50.0,60.0,90.0,150.0,12,2011-01-11,3,8,1,2011,1,11
310,0,3,0,-182.0,-26.0,132.0,144.0,96.0,47.0,862.0,-120.0,180.0,-40.0,140.0,3,2011-01-01,0,7,0,2011,1,1
310,0,3,0,59.0,96.0,159.0,64.0,49.0,21.0,593.0,30.0,40.0,60.0,100.0,13,2011-01-05,3,9,1,2011,1,5
310,0,3,0,317.0,349.0,607.0,263.0,111.0,86.0,1433.0,220.0,250.0,330.0,580.0,6,2011-01-05,1,6,0,2011,1,5
310,0,3,0,160.0,245.0,452.0,207.0,85.0,64.0,965.0,160.0,170.0,220.0,390.0,9,2010-01-01,2,10,0,2010,1,1
310,0,3,0,38.0,68.0,120.0,52.0,30.0,17.0,554.0,40.0,40.0,60.0,100.0,10,2010-01-08,2,11,0,2010,1,8
310,0,3,0,92.0,107.0,188.0,83.0,37.0,27.0,574.0,60.0,70.0,90.0,160.0,10,2011-01-06,2,11,0,2011,1,6
310,0,3,0,111.0,152.0,256.0,104.0,41.0,29.0,821.0,100.0,60.0,110.0,170.0,11,2010-01-05,3,5,1,2010,1,5
310,0,3,0,134.0,179.0,302.0,123.0,45.0,34.0,928.0,100.0,80.0,120.0,200.0,11,2010-01-09,3,5,1,2010,1,9
310,0,3,0,199.0,179.0,322.0,123.0,45.0,34.0,928.0,100.0,80.0,120.0,200.0,11,2011-01-09,3,5,1,2011,1,9
310,0,3,0,105.0,145.0,245.0,100.0,40.0,28.0,598.0,90.0,60.0,100.0,160.0,12,2010-01-08,3,8,1,2010,1,8
310,0,3,0,221.0,239.0,509.0,239.0,90.0,66.0,1417.0,150.0,220.0,230.0,450.0,4,2011-01-03,1,1,1,2011,1,3
310,0,3,0,232.0,249.0,531.0,249.0,93.0,69.0,1775.0,160.0,230.0,240.0,470.0,4,2011-01-09,1,1,1,2011,1,9
312,4,0,0,115.0,206.0,354.0,148.0,91.0,48.0,844.0,140.0,150.0,220.0,370.0,2,2010-01-02,0,4,1,2010,1,2
312,4,0,0,208.0,329.0,567.0,238.0,121.0,78.0,1190.0,230.0,250.0,340.0,590.0,2,2010-01-07,0,4,1,2010,1,7
312,4,0,0,171.0,206.0,377.0,148.0,91.0,48.0,844.0,140.0,150.0,220.0,370.0,2,2011-01-02,0,4,1,2011,1,2
312,4,0,0,230.0,278.0,474.0,200.0,103.0,66.0,1095.0,190.0,210.0,290.0,500.0,2,2011-01-06,0,4,1,2011,1,6
312,4,0,0,288.0,310.0,569.0,224.0,116.0,73.0,1191.0,190.0,220.0,300.0,520.0,2,2011-01-12,0,4,1,2011,1,12
312,4,0,0,172.0,178.0,321.0,123.0,62.0,39.0,611.0,130.0,130.0,180.0,310.0,3,2011-01-04,0,7,0,2011,1,4
312,4,0,0,181.0,185.0,332.0,127.0,63.0,40.0,830.0,130.0,120.0,180.0,300.0,3,2011-01-12,0,7,0,2011,1,12
312,4,0,0,211.0,324.0,567.0,243.0,113.0,80.0,1260.0,260.0,280.0,380.0,660.0,5,2010-01-03,1,2,1,2010,1,3
312,4,0,0,241.0,362.0,634.0,272.0,121.0,89.0,1616.0,300.0,310.0,430.0,740.0,5,2010-01-06,1,2,1,2010,1,6
312,4,0,0,316.0,312.0,611.0,234.0,114.0,77.0,1310.0,260.0,270.0,370.0,640.0,5,2011-01-01,1,2,1,2011,1,1
312,4,0,0,332.0,341.0,637.0,257.0,117.0,84.0,1662.0,420.0,370.0,520.0,890.0,5,2011-01-10,1,2,1,2011,1,10
312,4,0,0,142.0,229.0,457.0,228.0,87.0,63.0,1436.0,180.0,260.0,270.0,530.0,6,2010-01-02,1,6,0,2010,1,2
312,4,0,0,164.0,261.0,521.0,260.0,97.0,72.0,1715.0,210.0,300.0,310.0,610.0,6,2010-01-06,1,6,0,2010,1,6
312,4,0,0,168.0,266.0,532.0,266.0,98.0,74.0,1819.0,220.0,300.0,320.0,620.0,6,2010-01-07,1,6,0,2010,1,7
312,4,0,0,155.0,249.0,498.0,249.0,94.0,69.0,1775.0,210.0,280.0,300.0,580.0,6,2010-01-09,1,6,0,2010,1,9
312,4,0,0,149.0,239.0,478.0,239.0,90.0,66.0,1755.0,300.0,340.0,370.0,710.0,6,2010-01-10,1,6,0,2010,1,10
312,4,0,0,95.0,130.0,219.0,89.0,35.0,24.0,777.0,100.0,70.0,120.0,190.0,8,2010-01-01,2,3,0,2010,1,1
312,4,0,0,111.0,152.0,256.0,104.0,41.0,29.0,952.0,120.0,80.0,140.0,220.0,8,2010-01-07,2,3,0,2010,1,7
312,4,0,0,127.0,172.0,290.0,118.0,45.0,33.0,930.0,110.0,110.0,150.0,260.0,8,2010-01-11,2,3,0,2010,1,11
312,4,0,0,135.0,126.0,227.0,87.0,35.0,24.0,756.0,90.0,70.0,110.0,180.0,8,2011-01-03,2,3,0,2011,1,3
312,4,0,0,197.0,179.0,322.0,123.0,46.0,34.0,928.0,140.0,100.0,160.0,260.0,8,2011-01-09,2,3,0,2011,1,9
312,4,0,0,72.0,112.0,199.0,87.0,40.0,28.0,564.0,70.0,70.0,100.0,170.0,9,2010-01-07,2,10,0,2010,1,7
312,4,0,0,54.0,68.0,119.0,52.0,27.0,17.0,554.0,40.0,40.0,60.0,100.0,9,2011-01-08,2,10,0,2011,1,8
312,4,0,0,64.0,74.0,141.0,58.0,31.0,19.0,548.0,50.0,40.0,70.0,110.0,9,2011-01-09,2,10,0,2011,1,9
312,4,0,0,40.0,51.0,96.0,39.0,24.0,12.0,541.0,40.0,20.0,40.0,60.0,9,2011-01-10,2,10,0,2011,1,10
312,4,0,0,40.0,52.0,98.0,40.0,25.0,13.0,536.0,30.0,30.0,50.0,80.0,9,2011-01-11,2,10,0,2011,1,11
312,4,0,0,43.0,56.0,106.0,43.0,27.0,14.0,531.0,30.0,40.0,50.0,90.0,9,2011-01-12,2,10,0,2011,1,12
312,4,0,0,155.0,152.0,254.0,104.0,37.0,29.0,871.0,120.0,80.0,140.0,220.0,10,2011-01-05,2,11,0,2011,1,5
312,4,0,0,192.0,185.0,309.0,127.0,43.0,35.0,1007.0,150.0,100.0,170.0,270.0,10,2011-01-07,2,11,0,2011,1,7
312,4,0,0,197.0,191.0,320.0,132.0,45.0,36.0,994.0,140.0,110.0,170.0,280.0,10,2011-01-08,2,11,0,2011,1,8
312,4,0,0,131.0,124.0,224.0,86.0,36.0,24.0,1003.0,80.0,80.0,110.0,190.0,10,2011-01-12,2,11,0,2011,1,12
312,4,0,0,99.0,136.0,230.0,94.0,37.0,26.0,562.0,90.0,80.0,120.0,200.0,11,2010-01-06,3,5,1,2010,1,6
312,4,0,0,137.0,136.0,228.0,94.0,34.0,26.0,608.0,90.0,80.0,120.0,200.0,11,2011-01-07,3,5,1,2011,1,7
312,4,0,0,145.0,145.0,243.0,100.0,37.0,28.0,598.0,100.0,80.0,130.0,210.0,11,2011-01-08,3,5,1,2011,1,8
312,4,0,0,33.0,81.0,135.0,54.0,48.0,17.0,641.0,30.0,40.0,70.0,110.0,12,2010-01-06,3,8,1,2010,1,6
312,4,0,0,43.0,79.0,130.0,52.0,45.0,17.0,668.0,30.0,40.0,70.0,110.0,12,2011-01-07,3,8,1,2011,1,7
314,8,0,1,42.0,107.0,193.0,86.0,65.0,32.0,484.0,50.0,90.0,110.0,200.0,2,2010-01-02,0,4,1,2010,1,2
314,8,0,1,25.0,83.0,150.0,67.0,58.0,25.0,599.0,30.0,70.0,80.0,150.0,2,2010-01-09,0,4,1,2010,1,9
314,8,0,1,61.0,105.0,213.0,85.0,69.0,32.0,494.0,40.0,90.0,100.0,190.0,2,2011-01-01,0,4,1,2011,1,1
314,8,0,1,58.0,104.0,201.0,85.0,65.0,32.0,476.0,40.0,90.0,100.0,190.0,2,2011-01-03,0,4,1,2011,1,3
314,8,0,1,43.0,93.0,167.0,76.0,58.0,28.0,613.0,40.0,80.0,90.0,170.0,2,2011-01-07,0,4,1,2011,1,7
314,8,0,1,35.0,77.0,142.0,65.0,42.0,20.0,1042.0,50.0,60.0,80.0,140.0,3,2010-01-06,0,7,0,2010,1,6
314,8,0,1,32.0,72.0,132.0,60.0,40.0,18.0,1070.0,40.0,60.0,70.0,130.0,3,2010-01-07,0,7,0,2010,1,7
314,8,0,1,34.0,74.0,136.0,62.0,40.0,19.0,1059.0,50.0,60.0,80.0,140.0,3,2010-01-09,0,7,0,2010,1,9
314,8,0,1,38.0,81.0,150.0,69.0,43.0,21.0,1060.0,40.0,60.0,80.0,140.0,3,2010-01-11,0,7,0,2010,1,11
314,8,0,1,73.0,92.0,190.0,78.0,47.0,24.0,965.0,50.0,80.0,90.0,170.0,3,2011-01-01,0,7,0,2011,1,1
314,8,0,1,67.0,89.0,174.0,74.0,44.0,22.0,949.0,60.0,70.0,100.0,170.0,3,2011-01-03,0,7,0,2011,1,3
314,8,0,1,44.0,72.0,131.0,60.0,37.0,18.0,1070.0,40.0,60.0,70.0,130.0,3,2011-01-07,0,7,0,2011,1,7
314,8,0,1,-3.0,43.0,77.0,34.0,46.0,12.0,240.0,10.0,10.0,30.0,40.0,13,2010-01-10,3,9,1,2010,1,10
314,8,0,1,-4.0,41.0,74.0,33.0,45.0,12.0,243.0,0.0,20.0,40.0,60.0,13,2010-01-11,3,9,1,2010,1,11
314,8,0,1,-3.0,44.0,84.0,35.0,46.0,13.0,197.0,-10.0,30.0,30.0,60.0,13,2011-01-04,3,9,1,2011,1,4
314,8,0,1,-3.0,45.0,80.0,36.0,44.0,13.0,212.0,0.0,30.0,40.0,70.0,13,2011-01-05,3,9,1,2011,1,5
314,8,0,1,3.0,51.0,97.0,40.0,49.0,15.0,244.0,10.0,30.0,50.0,80.0,13,2011-01-09,3,9,1,2011,1,9
314,8,0,1,-4.0,43.0,82.0,34.0,46.0,12.0,240.0,10.0,10.0,30.0,40.0,13,2011-01-10,3,9,1,2011,1,10
314,8,0,1,-6.0,41.0,79.0,33.0,45.0,12.0,243.0,0.0,20.0,40.0,60.0,13,2011-01-11,3,9,1,2011,1,11
314,8,0,1,29.0,49.0,83.0,34.0,20.0,9.0,890.0,40.0,30.0,60.0,90.0,5,2010-01-08,1,2,1,2010,1,8
314,8,0,1,36.0,59.0,99.0,40.0,23.0,11.0,881.0,90.0,50.0,90.0,140.0,5,2010-01-10,1,2,1,2010,1,10
314,8,0,1,51.0,78.0,132.0,54.0,27.0,15.0,885.0,80.0,60.0,100.0,160.0,5,2010-01-11,1,2,1,2010,1,11
314,8,0,1,48.0,73.0,123.0,50.0,25.0,14.0,898.0,70.0,60.0,90.0,150.0,5,2010-01-12,1,2,1,2010,1,12
314,8,0,1,71.0,73.0,131.0,50.0,25.0,14.0,814.0,70.0,50.0,90.0,140.0,5,2011-01-02,1,2,1,2011,1,2
314,8,0,1,64.0,68.0,123.0,47.0,25.0,13.0,821.0,60.0,50.0,80.0,130.0,5,2011-01-04,1,2,1,2011,1,4
314,8,0,1,46.0,55.0,91.0,37.0,20.0,10.0,876.0,40.0,40.0,60.0,100.0,5,2011-01-06,1,2,1,2011,1,6
314,8,0,1,35.0,57.0,96.0,39.0,22.0,10.0,845.0,50.0,40.0,70.0,110.0,6,2010-01-07,1,6,0,2010,1,7
314,8,0,1,27.0,48.0,81.0,33.0,21.0,9.0,836.0,50.0,40.0,60.0,100.0,6,2010-01-11,1,6,0,2010,1,11
314,8,0,1,27.0,46.0,77.0,31.0,19.0,8.0,844.0,50.0,30.0,60.0,90.0,6,2010-01-12,1,6,0,2010,1,12
314,8,0,1,48.0,57.0,95.0,39.0,20.0,10.0,845.0,50.0,40.0,70.0,110.0,6,2011-01-07,1,6,0,2011,1,7
314,8,0,1,40.0,47.0,84.0,32.0,20.0,8.0,837.0,50.0,30.0,60.0,90.0,6,2011-01-09,1,6,0,2011,1,9
314,8,0,1,-6.0,63.0,107.0,44.0,69.0,40.0,261.0,10.0,30.0,60.0,90.0,8,2010-01-04,2,3,0,2010,1,4
314,8,0,1,2.0,88.0,151.0,63.0,86.0,57.0,332.0,20.0,50.0,80.0,130.0,8,2010-01-08,2,3,0,2010,1,8
314,8,0,1,-11.0,61.0,103.0,43.0,64.0,39.0,282.0,10.0,30.0,60.0,90.0,8,2011-01-05,2,3,0,2011,1,5
314,8,0,1,-10.0,62.0,113.0,44.0,69.0,40.0,325.0,10.0,30.0,60.0,90.0,8,2011-01-09,2,3,0,2011,1,9
314,8,0,1,-12.0,62.0,113.0,44.0,70.0,40.0,325.0,0.0,40.0,50.0,90.0,8,2011-01-11,2,3,0,2011,1,11
314,8,0,1,-7.0,69.0,126.0,49.0,74.0,44.0,335.0,0.0,40.0,60.0,100.0,8,2011-01-12,2,3,0,2011,1,12
314,8,0,1,-39.0,11.0,99.0,88.0,50.0,27.0,525.0,-20.0,70.0,10.0,80.0,9,2010-01-01,2,10,0,2010,1,1
314,8,0,1,-61.0,11.0,111.0,88.0,52.0,27.0,525.0,-20.0,70.0,10.0,80.0,9,2011-01-01,2,10,0,2011,1,1
314,8,0,1,-46.0,25.0,140.0,116.0,54.0,35.0,1142.0,0.0,90.0,30.0,120.0,9,2011-01-06,2,10,0,2011,1,6
314,8,0,1,-13.0,40.0,130.0,82.0,49.0,25.0,1804.0,0.0,70.0,40.0,110.0,9,2011-01-11,2,10,0,2011,1,11
314,8,0,1,9.0,47.0,82.0,35.0,38.0,11.0,196.0,10.0,30.0,40.0,70.0,11,2010-01-01,3,5,1,2010,1,1
314,8,0,1,14.0,53.0,92.0,39.0,39.0,12.0,212.0,20.0,30.0,50.0,80.0,11,2010-01-05,3,5,1,2010,1,5
314,8,0,1,13.0,52.0,91.0,39.0,39.0,12.0,248.0,20.0,30.0,50.0,80.0,11,2010-01-09,3,5,1,2010,1,9
314,8,0,1,16.0,49.0,91.0,36.0,38.0,11.0,187.0,10.0,30.0,40.0,70.0,11,2011-01-03,3,5,1,2011,1,3
314,8,0,1,23.0,59.0,102.0,44.0,39.0,14.0,258.0,30.0,30.0,60.0,90.0,11,2011-01-07,3,5,1,2011,1,7
314,8,0,1,19.0,53.0,98.0,39.0,40.0,12.0,244.0,30.0,20.0,40.0,60.0,11,2011-01-10,3,5,1,2011,1,10
314,8,0,1,16.0,51.0,95.0,38.0,40.0,12.0,256.0,10.0,30.0,40.0,70.0,11,2011-01-12,3,5,1,2011,1,12
314,8,0,1,-7.0,38.0,68.0,30.0,45.0,11.0,165.0,-10.0,20.0,30.0,50.0,12,2010-01-02,3,8,1,2010,1,2
314,8,0,1,-9.0,36.0,65.0,29.0,45.0,11.0,169.0,-10.0,20.0,30.0,50.0,12,2010-01-04,3,8,1,2010,1,4
314,8,0,1,-4.0,42.0,76.0,34.0,46.0,12.0,182.0,0.0,20.0,40.0,60.0,12,2010-01-05,3,8,1,2010,1,5
314,8,0,1,-12.0,30.0,54.0,24.0,42.0,9.0,212.0,-10.0,20.0,20.0,40.0,12,2010-01-09,3,8,1,2010,1,9
314,8,0,1,-12.0,36.0,64.0,29.0,42.0,11.0,215.0,-10.0,20.0,30.0,50.0,12,2011-01-08,3,8,1,2011,1,8
315,12,1,0,247.0,390.0,650.0,260.0,143.0,91.0,2548.0,230.0,210.0,330.0,540.0,2,2010-01-10,0,4,1,2010,1,10
315,12,1,0,402.0,420.0,745.0,279.0,149.0,97.0,2642.0,250.0,250.0,370.0,620.0,2,2011-01-12,0,4,1,2011,1,12
315,12,1,0,98.0,136.0,230.0,94.0,38.0,26.0,608.0,120.0,90.0,150.0,240.0,13,2010-01-07,3,9,1,2010,1,7
315,12,1,0,-172.0,-44.0,61.0,105.0,128.0,95.0,725.0,-170.0,100.0,-50.0,50.0,5,2010-01-01,1,2,1,2010,1,1
315,12,1,0,252.0,386.0,651.0,265.0,134.0,100.0,1613.0,200.0,200.0,300.0,500.0,9,2010-01-05,2,10,0,2010,1,5
315,12,1,0,363.0,398.0,663.0,271.0,126.0,102.0,1727.0,220.0,200.0,320.0,520.0,9,2011-01-06,2,10,0,2011,1,6
315,12,1,0,-131.0,-37.0,198.0,235.0,94.0,72.0,2169.0,-90.0,170.0,-20.0,150.0,10,2010-01-05,2,11,0,2010,1,5
315,12,1,0,-170.0,-75.0,164.0,239.0,95.0,74.0,4360.0,-100.0,130.0,-50.0,80.0,10,2010-01-10,2,11,0,2010,1,10
315,12,1,0,156.0,145.0,261.0,100.0,40.0,28.0,822.0,130.0,100.0,160.0,260.0,11,2011-01-04,3,5,1,2011,1,4
315,12,1,0,91.0,126.0,213.0,87.0,35.0,24.0,756.0,110.0,90.0,140.0,230.0,12,2010-01-03,3,8,1,2010,1,3
315,12,1,0,127.0,172.0,290.0,118.0,45.0,33.0,930.0,130.0,120.0,170.0,290.0,12,2010-01-11,3,8,1,2010,1,11
318,6,2,1,36.0,59.0,99.0,40.0,23.0,11.0,793.0,50.0,50.0,70.0,120.0,2,2010-01-05,0,4,1,2010,1,5
318,6,2,1,36.0,59.0,99.0,40.0,23.0,11.0,843.0,50.0,50.0,70.0,120.0,2,2010-01-07,0,4,1,2010,1,7
318,6,2,1,46.0,71.0,119.0,48.0,25.0,13.0,834.0,60.0,60.0,80.0,140.0,2,2010-01-09,0,4,1,2010,1,9
318,6,2,1,46.0,71.0,120.0,49.0,25.0,13.0,845.0,70.0,50.0,90.0,140.0,2,2010-01-12,0,4,1,2010,1,12
318,6,2,1,50.0,59.0,98.0,40.0,21.0,11.0,793.0,50.0,50.0,70.0,120.0,2,2011-01-05,0,4,1,2011,1,5
318,6,2,1,68.0,71.0,127.0,48.0,25.0,13.0,834.0,60.0,60.0,80.0,140.0,2,2011-01-09,0,4,1,2011,1,9
318,6,2,1,65.0,68.0,123.0,47.0,24.0,13.0,834.0,60.0,50.0,80.0,130.0,2,2011-01-11,0,4,1,2011,1,11
318,6,2,1,47.0,72.0,121.0,49.0,25.0,13.0,767.0,70.0,60.0,90.0,150.0,3,2010-01-03,0,7,0,2010,1,3
318,6,2,1,48.0,72.0,121.0,49.0,24.0,13.0,779.0,70.0,60.0,90.0,150.0,3,2010-01-04,0,7,0,2010,1,4
318,6,2,1,52.0,77.0,130.0,53.0,25.0,14.0,803.0,80.0,60.0,100.0,160.0,3,2010-01-05,0,7,0,2010,1,5
318,6,2,1,58.0,85.0,144.0,59.0,27.0,16.0,842.0,90.0,70.0,110.0,180.0,3,2010-01-06,0,7,0,2010,1,6
318,6,2,1,58.0,85.0,144.0,59.0,27.0,16.0,870.0,90.0,70.0,110.0,180.0,3,2010-01-07,0,7,0,2010,1,7
318,6,2,1,44.0,48.0,91.0,33.0,21.0,9.0,777.0,50.0,40.0,60.0,100.0,3,2011-01-01,0,7,0,2011,1,1
318,6,2,1,63.0,105.0,167.0,62.0,42.0,19.0,346.0,70.0,50.0,90.0,140.0,5,2010-01-03,1,2,1,2010,1,3
318,6,2,1,67.0,84.0,142.0,49.0,39.0,15.0,342.0,50.0,40.0,70.0,110.0,5,2011-01-04,1,2,1,2011,1,4
318,6,2,1,41.0,65.0,103.0,39.0,33.0,12.0,380.0,30.0,30.0,50.0,80.0,5,2011-01-07,1,2,1,2011,1,7
318,6,2,1,57.0,79.0,125.0,47.0,35.0,14.0,366.0,40.0,40.0,60.0,100.0,5,2011-01-08,1,2,1,2011,1,8
318,6,2,1,73.0,88.0,150.0,53.0,39.0,16.0,321.0,30.0,40.0,60.0,100.0,5,2011-01-11,1,2,1,2011,1,11
318,6,2,1,28.0,65.0,110.0,45.0,37.0,14.0,410.0,40.0,30.0,60.0,90.0,6,2010-01-05,1,6,0,2010,1,5
318,6,2,1,23.0,59.0,99.0,40.0,36.0,12.0,443.0,30.0,30.0,50.0,80.0,6,2010-01-06,1,6,0,2010,1,6
318,6,2,1,30.0,67.0,113.0,46.0,37.0,14.0,449.0,40.0,20.0,40.0,60.0,6,2010-01-10,1,6,0,2010,1,10
318,6,2,1,45.0,67.0,120.0,46.0,37.0,14.0,449.0,40.0,20.0,40.0,60.0,6,2011-01-10,1,6,0,2011,1,10
318,6,2,1,40.0,63.0,113.0,43.0,36.0,13.0,466.0,20.0,30.0,50.0,80.0,6,2011-01-12,1,6,0,2011,1,12
318,6,2,1,32.0,60.0,106.0,46.0,28.0,15.0,587.0,40.0,40.0,60.0,100.0,8,2010-01-07,2,3,0,2010,1,7
318,6,2,1,55.0,90.0,159.0,69.0,35.0,22.0,572.0,60.0,60.0,90.0,150.0,8,2010-01-09,2,3,0,2010,1,9
318,6,2,1,55.0,63.0,125.0,49.0,29.0,16.0,623.0,40.0,40.0,60.0,100.0,8,2011-01-01,2,3,0,2011,1,1
318,6,2,1,52.0,63.0,119.0,49.0,28.0,16.0,617.0,40.0,40.0,60.0,100.0,8,2011-01-02,2,3,0,2011,1,2
318,6,2,1,50.0,62.0,117.0,48.0,28.0,15.0,611.0,40.0,40.0,60.0,100.0,8,2011-01-03,2,3,0,2011,1,3
318,6,2,1,129.0,133.0,251.0,103.0,46.0,33.0,564.0,110.0,80.0,130.0,210.0,8,2011-01-10,2,3,0,2011,1,10
318,6,2,1,39.0,104.0,189.0,85.0,65.0,32.0,476.0,40.0,80.0,100.0,180.0,9,2010-01-03,2,10,0,2010,1,3
318,6,2,1,32.0,93.0,169.0,76.0,61.0,28.0,580.0,40.0,70.0,90.0,160.0,9,2010-01-06,2,10,0,2010,1,6
318,6,2,1,31.0,93.0,169.0,76.0,62.0,28.0,613.0,40.0,70.0,90.0,160.0,9,2010-01-07,2,10,0,2010,1,7
318,6,2,1,62.0,105.0,213.0,85.0,68.0,32.0,494.0,40.0,80.0,100.0,180.0,9,2011-01-01,2,10,0,2011,1,1
318,6,2,1,44.0,93.0,167.0,76.0,57.0,28.0,580.0,40.0,70.0,90.0,160.0,9,2011-01-06,2,10,0,2011,1,6
318,6,2,1,39.0,85.0,163.0,68.0,59.0,25.0,619.0,30.0,60.0,80.0,140.0,9,2011-01-12,2,10,0,2011,1,12
318,6,2,1,2.0,90.0,155.0,65.0,88.0,58.0,342.0,10.0,50.0,80.0,130.0,4,2010-01-02,1,1,1,2010,1,2
318,6,2,1,1.0,87.0,150.0,63.0,86.0,57.0,187.0,0.0,50.0,70.0,120.0,4,2010-01-03,1,1,1,2010,1,3
318,6,2,1,-3.0,75.0,128.0,53.0,78.0,48.0,-267.0,10.0,40.0,70.0,110.0,4,2010-01-06,1,1,1,2010,1,6
318,6,2,1,2.0,87.0,149.0,62.0,85.0,56.0,-613.0,0.0,50.0,70.0,120.0,4,2010-01-09,1,1,1,2010,1,9
318,6,2,1,1.0,84.0,144.0,60.0,83.0,54.0,-762.0,10.0,30.0,60.0,90.0,4,2010-01-10,1,1,1,2010,1,10
318,6,2,1,3.0,90.0,165.0,65.0,88.0,58.0,342.0,10.0,50.0,80.0,130.0,4,2011-01-02,1,1,1,2011,1,2
318,6,2,1,3.0,87.0,159.0,62.0,85.0,56.0,-613.0,0.0,50.0,70.0,120.0,4,2011-01-09,1,1,1,2011,1,9
318,6,2,1,1.0,86.0,157.0,61.0,85.0,55.0,-906.0,10.0,40.0,70.0,110.0,4,2011-01-11,1,1,1,2011,1,11
319,5,0,1,11.0,27.0,45.0,18.0,16.0,5.0,821.0,20.0,10.0,30.0,40.0,1,2010-01-01,0,0,1,2010,1,1
319,5,0,1,17.0,36.0,61.0,25.0,19.0,7.0,854.0,30.0,20.0,40.0,60.0,1,2010-01-07,0,0,1,2010,1,7
319,5,0,1,13.0,29.0,48.0,19.0,16.0,5.0,848.0,20.0,20.0,30.0,50.0,1,2010-01-09,0,0,1,2010,1,9
319,5,0,1,15.0,27.0,48.0,18.0,17.0,5.0,818.0,20.0,10.0,30.0,40.0,1,2011-01-02,0,0,1,2011,1,2
319,5,0,1,17.0,29.0,49.0,20.0,16.0,5.0,829.0,20.0,20.0,30.0,50.0,1,2011-01-05,0,0,1,2011,1,5
319,5,0,1,25.0,35.0,57.0,23.0,16.0,6.0,843.0,30.0,20.0,40.0,60.0,1,2011-01-06,0,0,1,2011,1,6
319,5,0,1,26.0,38.0,62.0,25.0,18.0,7.0,851.0,30.0,20.0,40.0,60.0,1,2011-01-08,0,0,1,2011,1,8
319,5,0,1,19.0,29.0,51.0,19.0,16.0,5.0,848.0,20.0,20.0,30.0,50.0,1,2011-01-09,0,0,1,2011,1,9
319,5,0,1,6.0,35.0,63.0,28.0,29.0,8.0,961.0,20.0,20.0,40.0,60.0,2,2010-01-02,0,4,1,2010,1,2
319,5,0,1,7.0,39.0,72.0,33.0,32.0,10.0,1003.0,20.0,30.0,40.0,70.0,2,2010-01-09,0,4,1,2010,1,9
319,5,0,1,4.0,33.0,65.0,28.0,30.0,8.0,964.0,20.0,20.0,40.0,60.0,2,2011-01-04,0,4,1,2011,1,4
319,5,0,1,12.0,41.0,74.0,34.0,30.0,10.0,1010.0,20.0,30.0,40.0,70.0,2,2011-01-07,0,4,1,2011,1,7
319,5,0,1,21.0,49.0,89.0,41.0,32.0,12.0,1007.0,20.0,40.0,50.0,90.0,2,2011-01-08,0,4,1,2011,1,8
319,5,0,1,9.0,28.0,49.0,21.0,19.0,6.0,614.0,20.0,20.0,30.0,50.0,3,2010-01-04,0,7,0,2010,1,4
319,5,0,1,-1.0,14.0,24.0,10.0,15.0,3.0,594.0,10.0,0.0,20.0,20.0,3,2010-01-12,0,7,0,2010,1,12
319,5,0,1,18.0,31.0,58.0,23.0,19.0,7.0,617.0,20.0,20.0,30.0,50.0,3,2011-01-03,0,7,0,2011,1,3
319,5,0,1,4.0,20.0,37.0,15.0,17.0,4.0,600.0,10.0,10.0,20.0,30.0,3,2011-01-09,0,7,0,2011,1,9
319,5,0,1,-4.0,13.0,25.0,10.0,16.0,3.0,596.0,10.0,0.0,20.0,20.0,3,2011-01-11,0,7,0,2011,1,11
319,5,0,1,11.0,28.0,47.0,19.0,17.0,5.0,774.0,20.0,20.0,30.0,50.0,5,2010-01-02,1,2,1,2010,1,2
319,5,0,1,12.0,29.0,49.0,20.0,17.0,5.0,784.0,20.0,20.0,30.0,50.0,5,2010-01-05,1,2,1,2010,1,5
319,5,0,1,18.0,35.0,58.0,23.0,17.0,6.0,800.0,50.0,20.0,50.0,70.0,5,2010-01-10,1,2,1,2010,1,10
319,5,0,1,27.0,35.0,62.0,23.0,17.0,6.0,803.0,30.0,20.0,40.0,60.0,5,2011-01-09,1,2,1,2011,1,9
319,5,0,1,31.0,43.0,43.0,0.0,12.0,0.0,602.0,40.0,0.0,50.0,50.0,6,2010-01-06,1,6,0,2010,1,6
319,5,0,1,32.0,43.0,43.0,0.0,11.0,0.0,473.0,40.0,0.0,50.0,50.0,6,2010-01-09,1,6,0,2010,1,9
319,5,0,1,47.0,43.0,46.0,0.0,11.0,0.0,774.0,40.0,0.0,50.0,50.0,6,2011-01-02,1,6,0,2011,1,2
319,5,0,1,258.0,387.0,678.0,291.0,129.0,96.0,1742.0,240.0,250.0,340.0,590.0,8,2010-01-07,2,3,0,2010,1,7
319,5,0,1,319.0,349.0,607.0,263.0,110.0,86.0,1433.0,220.0,220.0,310.0,530.0,8,2011-01-05,2,3,0,2011,1,5
319,5,0,1,326.0,336.0,628.0,253.0,116.0,83.0,1686.0,210.0,210.0,300.0,510.0,8,2011-01-09,2,3,0,2011,1,9
319,5,0,1,332.0,341.0,637.0,257.0,117.0,84.0,1662.0,210.0,200.0,280.0,480.0,8,2011-01-10,2,3,0,2011,1,10
319,5,0,1,102.0,158.0,267.0,109.0,56.0,34.0,585.0,110.0,90.0,140.0,230.0,9,2010-01-03,2,10,0,2010,1,3
319,5,0,1,115.0,178.0,301.0,123.0,63.0,39.0,611.0,120.0,100.0,160.0,260.0,9,2010-01-04,2,10,0,2010,1,4
319,5,0,1,136.0,204.0,345.0,141.0,68.0,45.0,764.0,140.0,120.0,180.0,300.0,9,2010-01-06,2,10,0,2010,1,6
319,5,0,1,150.0,222.0,376.0,154.0,72.0,49.0,833.0,150.0,130.0,200.0,330.0,9,2010-01-07,2,10,0,2010,1,7
319,5,0,1,123.0,185.0,312.0,127.0,62.0,40.0,830.0,120.0,120.0,170.0,290.0,9,2010-01-12,2,10,0,2010,1,12
319,5,0,1,171.0,178.0,321.0,123.0,63.0,39.0,611.0,120.0,100.0,160.0,260.0,9,2011-01-04,2,10,0,2011,1,4
319,5,0,1,148.0,239.0,478.0,239.0,91.0,66.0,1464.0,140.0,200.0,220.0,420.0,11,2010-01-04,3,5,1,2010,1,4
319,5,0,1,220.0,228.0,510.0,228.0,91.0,63.0,1459.0,140.0,190.0,210.0,400.0,11,2011-01-01,3,5,1,2011,1,1
319,5,0,1,228.0,261.0,516.0,260.0,89.0,72.0,1559.0,150.0,220.0,230.0,450.0,11,2011-01-05,3,5,1,2011,1,5
319,5,0,1,230.0,266.0,527.0,266.0,92.0,74.0,1797.0,150.0,220.0,240.0,460.0,11,2011-01-08,3,5,1,2011,1,8
319,5,0,1,175.0,301.0,546.0,245.0,126.0,93.0,1419.0,160.0,210.0,270.0,480.0,12,2010-01-01,3,8,1,2010,1,1
319,5,0,1,197.0,332.0,602.0,270.0,135.0,102.0,1834.0,170.0,230.0,290.0,520.0,12,2010-01-07,3,8,1,2010,1,7
319,5,0,1,173.0,300.0,545.0,245.0,127.0,93.0,1784.0,130.0,200.0,250.0,450.0,12,2010-01-11,3,8,1,2010,1,11
321,3,1,0,74.0,125.0,214.0,89.0,51.0,27.0,481.0,80.0,80.0,120.0,200.0,3,2010-01-03,0,7,0,2010,1,3
321,3,1,0,100.0,159.0,273.0,114.0,59.0,35.0,555.0,100.0,100.0,150.0,250.0,3,2010-01-05,0,7,0,2010,1,5
321,3,1,0,102.0,161.0,277.0,116.0,59.0,35.0,678.0,100.0,110.0,150.0,260.0,3,2010-01-08,0,7,0,2010,1,8
321,3,1,0,120.0,134.0,245.0,96.0,53.0,29.0,666.0,80.0,90.0,120.0,210.0,3,2011-01-09,0,7,0,2011,1,9
321,3,1,0,72.0,77.0,129.0,53.0,23.0,14.0,803.0,70.0,50.0,90.0,140.0,13,2011-01-05,3,9,1,2011,1,5
321,3,1,0,45.0,51.0,91.0,34.0,21.0,9.0,863.0,40.0,30.0,50.0,80.0,13,2011-01-12,3,9,1,2011,1,12
321,3,1,0,25.0,132.0,242.0,95.0,115.0,86.0,532.0,30.0,90.0,130.0,220.0,5,2011-01-03,1,2,1,2011,1,3
321,3,1,0,63.0,121.0,212.0,91.0,58.0,30.0,533.0,80.0,80.0,120.0,200.0,6,2010-01-06,1,6,0,2010,1,6
321,3,1,0,89.0,116.0,215.0,86.0,56.0,28.0,547.0,90.0,70.0,110.0,180.0,6,2011-01-10,1,6,0,2011,1,10
321,3,1,0,46.0,58.0,110.0,45.0,27.0,14.0,605.0,30.0,30.0,50.0,80.0,8,2011-01-04,2,3,0,2011,1,4
321,3,1,0,61.0,81.0,168.0,69.0,44.0,21.0,965.0,40.0,50.0,60.0,110.0,10,2011-01-01,2,11,0,2011,1,1
321,3,1,0,39.0,45.0,80.0,30.0,19.0,8.0,882.0,30.0,30.0,40.0,70.0,11,2011-01-12,3,5,1,2011,1,12
323,0,3,0,27.0,173.0,298.0,125.0,146.0,113.0,700.0,30.0,120.0,160.0,280.0,5,2010-01-03,1,2,1,2010,1,3
323,0,3,0,40.0,173.0,318.0,125.0,146.0,113.0,700.0,30.0,120.0,160.0,280.0,5,2011-01-03,1,2,1,2011,1,3
323,0,3,0,313.0,324.0,604.0,243.0,113.0,80.0,1260.0,210.0,230.0,310.0,540.0,6,2011-01-03,1,6,0,2011,1,3
323,0,3,0,245.0,253.0,498.0,214.0,88.0,66.0,923.0,170.0,180.0,230.0,410.0,9,2011-01-03,2,10,0,2011,1,3
323,0,3,0,40.0,52.0,98.0,40.0,25.0,13.0,536.0,30.0,30.0,50.0,80.0,10,2011-01-11,2,11,0,2011,1,11
323,0,3,0,43.0,56.0,106.0,43.0,27.0,14.0,531.0,30.0,40.0,50.0,90.0,10,2011-01-12,2,11,0,2011,1,12
323,0,3,0,199.0,179.0,322.0,123.0,45.0,34.0,959.0,110.0,90.0,130.0,220.0,11,2011-01-12,3,5,1,2011,1,12
323,0,3,0,218.0,228.0,510.0,228.0,92.0,63.0,1459.0,150.0,210.0,220.0,430.0,4,2011-01-01,1,1,1,2011,1,1
325,16,2,0,68.0,107.0,190.0,83.0,39.0,27.0,623.0,100.0,100.0,130.0,230.0,3,2010-01-01,0,7,0,2010,1,1
325,16,2,0,71.0,112.0,199.0,87.0,41.0,28.0,564.0,110.0,100.0,140.0,240.0,3,2010-01-07,0,7,0,2010,1,7
325,16,2,0,42.0,74.0,132.0,58.0,32.0,19.0,548.0,70.0,70.0,90.0,160.0,3,2010-01-09,0,7,0,2010,1,9
325,16,2,0,95.0,130.0,219.0,89.0,35.0,24.0,777.0,90.0,70.0,110.0,180.0,5,2010-01-01,1,2,1,2010,1,1
325,16,2,0,96.0,132.0,223.0,91.0,36.0,25.0,777.0,100.0,70.0,120.0,190.0,5,2010-01-04,1,2,1,2010,1,4
325,16,2,0,126.0,118.0,212.0,81.0,33.0,22.0,588.0,90.0,60.0,110.0,170.0,6,2011-01-09,1,6,0,2011,1,9
325,16,2,0,39.0,71.0,131.0,52.0,45.0,17.0,405.0,70.0,30.0,80.0,110.0,8,2011-01-10,2,3,0,2011,1,10
325,16,2,0,42.0,73.0,135.0,54.0,45.0,17.0,424.0,30.0,50.0,60.0,110.0,8,2011-01-12,2,3,0,2011,1,12
325,16,2,0,27.0,64.0,107.0,43.0,37.0,13.0,363.0,30.0,40.0,60.0,100.0,9,2010-01-04,2,10,0,2010,1,4
325,16,2,0,56.0,76.0,136.0,52.0,38.0,16.0,357.0,50.0,40.0,80.0,120.0,9,2011-01-02,2,10,0,2011,1,2
325,16,2,0,54.0,108.0,180.0,72.0,54.0,23.0,189.0,50.0,60.0,90.0,150.0,4,2010-01-03,1,1,1,2010,1,3
330,13,0,0,27.0,71.0,123.0,52.0,44.0,17.0,361.0,40.0,50.0,70.0,120.0,1,2010-01-05,0,0,1,2010,1,5
330,13,0,0,33.0,79.0,138.0,59.0,46.0,19.0,411.0,50.0,50.0,80.0,130.0,1,2010-01-11,0,0,1,2010,1,11
330,13,0,0,53.0,80.0,157.0,60.0,48.0,19.0,336.0,50.0,60.0,80.0,140.0,1,2011-01-01,0,0,1,2011,1,1
330,13,0,0,49.0,80.0,149.0,60.0,47.0,19.0,329.0,50.0,60.0,80.0,140.0,1,2011-01-02,0,0,1,2011,1,2
330,13,0,0,56.0,76.0,136.0,52.0,38.0,16.0,357.0,50.0,50.0,80.0,130.0,2,2011-01-02,0,4,1,2011,1,2
330,13,0,0,52.0,72.0,129.0,49.0,37.0,15.0,351.0,40.0,50.0,70.0,120.0,2,2011-01-03,0,4,1,2011,1,3
330,13,0,0,40.0,64.0,114.0,43.0,37.0,13.0,363.0,40.0,40.0,70.0,110.0,2,2011-01-04,0,4,1,2011,1,4
330,13,0,0,26.0,51.0,84.0,34.0,30.0,10.0,428.0,30.0,30.0,50.0,80.0,2,2011-01-08,0,4,1,2011,1,8
330,13,0,0,36.0,60.0,108.0,41.0,36.0,13.0,435.0,20.0,40.0,50.0,90.0,2,2011-01-12,0,4,1,2011,1,12
330,13,0,0,-9.0,56.0,95.0,39.0,65.0,36.0,517.0,0.0,40.0,50.0,90.0,3,2010-01-07,0,7,0,2010,1,7
330,13,0,0,22.0,71.0,137.0,58.0,56.0,22.0,325.0,40.0,60.0,90.0,150.0,6,2011-01-03,1,6,0,2011,1,3
330,13,0,0,17.0,34.0,56.0,22.0,17.0,6.0,452.0,30.0,10.0,30.0,40.0,8,2010-01-02,2,3,0,2010,1,2
330,13,0,0,16.0,33.0,55.0,22.0,17.0,6.0,865.0,30.0,10.0,30.0,40.0,9,2010-01-08,2,10,0,2010,1,8
330,13,0,0,29.0,49.0,82.0,33.0,20.0,9.0,870.0,30.0,30.0,40.0,70.0,9,2010-01-12,2,10,0,2010,1,12
330,13,0,0,39.0,45.0,80.0,30.0,19.0,8.0,820.0,40.0,20.0,40.0,60.0,9,2011-01-04,2,10,0,2011,1,4
330,13,0,0,62.0,119.0,197.0,78.0,57.0,25.0,798.0,60.0,60.0,100.0,160.0,11,2010-01-11,3,5,1,2010,1,11
330,13,0,0,137.0,167.0,276.0,111.0,63.0,36.0,767.0,90.0,90.0,150.0,240.0,11,2011-01-06,3,5,1,2011,1,6
330,13,0,0,103.0,161.0,277.0,116.0,58.0,35.0,678.0,100.0,90.0,150.0,240.0,12,2010-01-08,3,8,1,2010,1,8
337,6,2,1,34.0,56.0,94.0,38.0,22.0,10.0,772.0,60.0,40.0,70.0,110.0,2,2010-01-02,0,4,1,2010,1,2
337,6,2,1,40.0,64.0,107.0,43.0,24.0,12.0,822.0,60.0,50.0,80.0,130.0,2,2010-01-06,0,4,1,2010,1,6
337,6,2,1,47.0,51.0,95.0,34.0,22.0,9.0,777.0,50.0,40.0,60.0,100.0,2,2011-01-01,0,4,1,2011,1,1
337,6,2,1,43.0,49.0,87.0,33.0,20.0,9.0,768.0,50.0,40.0,60.0,100.0,2,2011-01-03,0,4,1,2011,1,3
337,6,2,1,50.0,59.0,98.0,40.0,21.0,11.0,843.0,50.0,50.0,70.0,120.0,2,2011-01-07,0,4,1,2011,1,7
337,6,2,1,70.0,71.0,127.0,48.0,24.0,13.0,829.0,80.0,70.0,90.0,160.0,2,2011-01-10,0,4,1,2011,1,10
337,6,2,1,72.0,77.0,129.0,53.0,23.0,14.0,803.0,80.0,60.0,100.0,160.0,3,2011-01-05,0,7,0,2011,1,5
337,6,2,1,46.0,51.0,91.0,34.0,20.0,9.0,863.0,50.0,40.0,60.0,100.0,3,2011-01-12,0,7,0,2011,1,12
337,6,2,1,70.0,113.0,180.0,67.0,43.0,20.0,400.0,80.0,50.0,100.0,150.0,5,2010-01-01,1,2,1,2010,1,1
337,6,2,1,41.0,79.0,126.0,47.0,38.0,14.0,366.0,40.0,40.0,60.0,100.0,5,2010-01-08,1,2,1,2010,1,8
337,6,2,1,57.0,78.0,124.0,47.0,34.0,14.0,371.0,40.0,40.0,60.0,100.0,5,2011-01-06,1,2,1,2011,1,6
337,6,2,1,79.0,94.0,161.0,57.0,41.0,17.0,349.0,60.0,40.0,80.0,120.0,5,2011-01-09,1,2,1,2011,1,9
337,6,2,1,48.0,89.0,150.0,61.0,41.0,19.0,390.0,50.0,50.0,70.0,120.0,6,2010-01-01,1,6,0,2010,1,1
337,6,2,1,75.0,89.0,168.0,61.0,43.0,19.0,390.0,50.0,50.0,70.0,120.0,6,2011-01-01,1,6,0,2011,1,1
337,6,2,1,46.0,67.0,120.0,46.0,36.0,14.0,454.0,40.0,30.0,60.0,90.0,6,2011-01-09,1,6,0,2011,1,9
337,6,2,1,50.0,71.0,128.0,49.0,37.0,15.0,454.0,30.0,30.0,60.0,90.0,6,2011-01-11,1,6,0,2011,1,11
337,6,2,1,35.0,63.0,112.0,49.0,28.0,16.0,623.0,40.0,40.0,60.0,100.0,8,2010-01-01,2,3,0,2010,1,1
337,6,2,1,35.0,63.0,112.0,49.0,28.0,16.0,617.0,40.0,40.0,60.0,100.0,8,2010-01-02,2,3,0,2010,1,2
337,6,2,1,34.0,62.0,110.0,48.0,28.0,15.0,611.0,40.0,40.0,60.0,100.0,8,2010-01-03,2,3,0,2010,1,3
337,6,2,1,85.0,130.0,231.0,101.0,45.0,33.0,552.0,80.0,90.0,120.0,210.0,8,2010-01-11,2,3,0,2010,1,11
337,6,2,1,50.0,63.0,110.0,48.0,25.0,15.0,593.0,40.0,40.0,60.0,100.0,8,2011-01-06,2,3,0,2011,1,6
337,6,2,1,44.0,60.0,105.0,46.0,26.0,15.0,587.0,40.0,40.0,60.0,100.0,8,2011-01-07,2,3,0,2011,1,7
337,6,2,1,82.0,90.0,169.0,69.0,35.0,22.0,572.0,60.0,60.0,90.0,150.0,8,2011-01-09,2,3,0,2011,1,9
337,6,2,1,35.0,98.0,178.0,80.0,63.0,30.0,494.0,50.0,70.0,100.0,170.0,9,2010-01-04,2,10,0,2010,1,4
337,6,2,1,33.0,96.0,173.0,77.0,63.0,29.0,529.0,40.0,70.0,90.0,160.0,9,2010-01-05,2,10,0,2010,1,5
337,6,2,1,38.0,102.0,184.0,82.0,64.0,31.0,601.0,40.0,70.0,100.0,170.0,9,2010-01-11,2,10,0,2010,1,11
337,6,2,1,52.0,98.0,190.0,80.0,63.0,30.0,494.0,50.0,70.0,100.0,170.0,9,2011-01-04,2,10,0,2011,1,4
337,6,2,1,46.0,96.0,171.0,77.0,59.0,29.0,529.0,40.0,70.0,90.0,160.0,9,2011-01-05,2,10,0,2011,1,5
337,6,2,1,56.0,102.0,196.0,82.0,64.0,31.0,601.0,40.0,70.0,100.0,170.0,9,2011-01-11,2,10,0,2011,1,11
337,6,2,1,-10.0,61.0,104.0,44.0,63.0,39.0,-508.0,10.0,30.0,60.0,90.0,4,2011-01-08,1,1,1,2011,1,8
339,7,1,0,589.0,451.0,553.0,68.0,54.0,22.0,-348.0,400.0,60.0,430.0,490.0,2,2011-01-04,0,4,1,2011,1,4
339,7,1,0,9.0,26.0,44.0,18.0,17.0,5.0,486.0,20.0,10.0,30.0,40.0,13,2010-01-07,3,9,1,2010,1,7
339,7,1,0,6.0,68.0,105.0,37.0,62.0,33.0,540.0,20.0,30.0,70.0,100.0,5,2010-01-08,1,2,1,2010,1,8
339,7,1,0,-20.0,52.0,99.0,47.0,72.0,42.0,571.0,-10.0,40.0,50.0,90.0,5,2010-01-12,1,2,1,2010,1,12
339,7,1,0,-18.0,65.0,125.0,52.0,77.0,47.0,458.0,10.0,40.0,70.0,110.0,5,2011-01-04,1,2,1,2011,1,4
339,7,1,0,8.0,68.0,104.0,37.0,58.0,33.0,540.0,20.0,30.0,70.0,100.0,5,2011-01-08,1,2,1,2011,1,8
339,7,1,0,-12.0,68.0,128.0,52.0,76.0,47.0,554.0,0.0,50.0,60.0,110.0,5,2011-01-11,1,2,1,2011,1,11
339,7,1,0,17.0,72.0,130.0,58.0,55.0,22.0,338.0,30.0,40.0,60.0,100.0,9,2010-01-01,2,10,0,2010,1,1
339,7,1,0,9.0,60.0,109.0,49.0,51.0,18.0,414.0,20.0,30.0,50.0,80.0,9,2010-01-08,2,10,0,2010,1,8
339,7,1,0,19.0,66.0,128.0,54.0,53.0,20.0,404.0,20.0,30.0,30.0,60.0,9,2011-01-10,2,10,0,2011,1,10
339,7,1,0,23.0,43.0,72.0,29.0,20.0,8.0,862.0,30.0,30.0,40.0,70.0,11,2010-01-09,3,5,1,2010,1,9
339,7,1,0,31.0,52.0,88.0,36.0,21.0,10.0,862.0,40.0,30.0,60.0,90.0,11,2010-01-11,3,5,1,2010,1,11
339,7,1,0,84.0,149.0,298.0,149.0,65.0,41.0,1156.0,100.0,140.0,150.0,290.0,7,2010-01-05,1,12,1,2010,1,5
339,7,1,0,83.0,149.0,298.0,149.0,66.0,41.0,1245.0,100.0,140.0,150.0,290.0,7,2010-01-06,1,12,1,2010,1,6
339,7,1,0,112.0,146.0,288.0,145.0,60.0,40.0,1304.0,100.0,130.0,150.0,280.0,7,2011-01-07,1,12,1,2011,1,7
347,12,1,0,236.0,374.0,623.0,249.0,138.0,87.0,2580.0,230.0,220.0,340.0,560.0,2,2010-01-11,0,4,1,2010,1,11
347,12,1,0,54.0,80.0,134.0,54.0,26.0,15.0,456.0,70.0,50.0,90.0,140.0,13,2010-01-01,3,9,1,2010,1,1
347,12,1,0,117.0,112.0,201.0,77.0,33.0,21.0,449.0,90.0,80.0,120.0,200.0,13,2011-01-02,3,9,1,2011,1,2
347,12,1,0,137.0,136.0,228.0,94.0,34.0,26.0,562.0,120.0,90.0,150.0,240.0,13,2011-01-06,3,9,1,2011,1,6
347,12,1,0,-266.0,-85.0,77.0,162.0,181.0,147.0,2321.0,-240.0,150.0,-80.0,70.0,5,2010-01-07,1,2,1,2010,1,7
347,12,1,0,-202.0,-60.0,61.0,121.0,142.0,109.0,3385.0,-190.0,110.0,-60.0,50.0,5,2010-01-11,1,2,1,2010,1,11
347,12,1,0,-367.0,-85.0,76.0,162.0,168.0,147.0,2321.0,-240.0,150.0,-80.0,70.0,5,2011-01-07,1,2,1,2011,1,7
347,12,1,0,-177.0,-32.0,194.0,214.0,87.0,66.0,1480.0,-80.0,160.0,-20.0,140.0,10,2011-01-03,2,11,0,2011,1,3
347,12,1,0,101.0,139.0,234.0,95.0,38.0,26.0,821.0,120.0,100.0,150.0,250.0,11,2010-01-01,3,5,1,2010,1,1
347,12,1,0,106.0,145.0,245.0,100.0,39.0,28.0,981.0,130.0,100.0,160.0,260.0,11,2010-01-09,3,5,1,2010,1,9
347,12,1,0,148.0,137.0,247.0,95.0,37.0,26.0,809.0,120.0,100.0,150.0,250.0,11,2011-01-02,3,5,1,2011,1,2
347,12,1,0,151.0,139.0,249.0,95.0,37.0,26.0,799.0,120.0,100.0,150.0,250.0,11,2011-01-03,3,5,1,2011,1,3
347,12,1,0,141.0,132.0,238.0,91.0,37.0,25.0,777.0,120.0,90.0,150.0,240.0,12,2011-01-04,3,8,1,2011,1,4
347,12,1,0,167.0,163.0,274.0,113.0,39.0,31.0,897.0,140.0,110.0,180.0,290.0,12,2011-01-06,3,8,1,2011,1,6
347,12,1,0,288.0,284.0,557.0,239.0,90.0,66.0,1260.0,210.0,220.0,290.0,510.0,7,2011-01-03,1,12,1,2011,1,3
351,7,1,0,390.0,443.0,510.0,67.0,53.0,22.0,-3534.0,360.0,60.0,390.0,450.0,2,2010-01-12,0,4,1,2010,1,12
351,7,1,0,599.0,487.0,546.0,64.0,49.0,21.0,-663.0,430.0,60.0,460.0,520.0,2,2011-01-05,0,4,1,2011,1,5
351,7,1,0,579.0,443.0,543.0,67.0,53.0,22.0,-3534.0,360.0,60.0,390.0,450.0,2,2011-01-12,0,4,1,2011,1,12
351,7,1,0,29.0,48.0,80.0,32.0,19.0,8.0,482.0,40.0,30.0,50.0,80.0,13,2010-01-11,3,9,1,2010,1,11
351,7,1,0,14.0,26.0,44.0,18.0,15.0,5.0,478.0,20.0,10.0,30.0,40.0,13,2011-01-06,3,9,1,2011,1,6
351,7,1,0,-3.0,67.0,111.0,44.0,70.0,40.0,543.0,10.0,40.0,60.0,100.0,5,2010-01-06,1,2,1,2010,1,6
351,7,1,0,39.0,45.0,80.0,30.0,19.0,8.0,820.0,40.0,30.0,50.0,80.0,11,2011-01-04,3,5,1,2011,1,4
351,7,1,0,46.0,52.0,94.0,36.0,21.0,10.0,862.0,40.0,30.0,60.0,90.0,11,2011-01-11,3,5,1,2011,1,11
351,7,1,0,94.0,163.0,325.0,162.0,69.0,45.0,1091.0,100.0,150.0,160.0,310.0,7,2010-01-04,1,12,1,2010,1,4
351,7,1,0,87.0,153.0,306.0,153.0,66.0,42.0,1319.0,80.0,150.0,140.0,290.0,7,2010-01-12,1,12,1,2010,1,12
352,3,1,0,128.0,150.0,265.0,99.0,64.0,32.0,798.0,100.0,90.0,140.0,230.0,2,2011-01-09,0,4,1,2011,1,9
352,3,1,0,105.0,120.0,220.0,86.0,49.0,26.0,490.0,70.0,80.0,110.0,190.0,3,2011-01-02,0,7,0,2011,1,2
352,3,1,0,76.0,103.0,192.0,77.0,52.0,25.0,423.0,60.0,70.0,100.0,170.0,6,2011-01-02,1,6,0,2011,1,2
352,3,1,0,52.0,63.0,119.0,49.0,28.0,16.0,611.0,30.0,30.0,50.0,80.0,8,2011-01-03,2,3,0,2011,1,3
352,3,1,0,50.0,65.0,114.0,50.0,27.0,16.0,587.0,30.0,30.0,50.0,80.0,8,2011-01-07,2,3,0,2011,1,7
352,3,1,0,26.0,74.0,132.0,59.0,51.0,22.0,403.0,30.0,40.0,60.0,100.0,9,2011-01-07,2,10,0,2011,1,7
352,3,1,0,62.0,84.0,164.0,70.0,42.0,21.0,957.0,50.0,50.0,70.0,120.0,10,2011-01-02,2,11,0,2011,1,2
352,3,1,0,32.0,53.0,89.0,36.0,21.0,10.0,838.0,40.0,30.0,60.0,90.0,11,2010-01-05,3,5,1,2010,1,5
352,3,1,0,23.0,42.0,70.0,28.0,19.0,7.0,875.0,40.0,20.0,50.0,70.0,11,2010-01-11,3,5,1,2010,1,11
352,3,1,0,34.0,42.0,75.0,28.0,19.0,7.0,875.0,40.0,20.0,50.0,70.0,11,2011-01-11,3,5,1,2011,1,11
360,18,3,1,56.0,99.0,167.0,68.0,43.0,21.0,445.0,80.0,80.0,120.0,200.0,2,2010-01-09,0,4,1,2010,1,9
360,18,3,1,65.0,84.0,151.0,58.0,40.0,18.0,331.0,70.0,70.0,100.0,170.0,2,2011-01-02,0,4,1,2011,1,2
360,18,3,1,83.0,99.0,178.0,68.0,43.0,21.0,438.0,110.0,90.0,140.0,230.0,2,2011-01-10,0,4,1,2011,1,10
360,18,3,1,86.0,104.0,188.0,72.0,46.0,23.0,461.0,80.0,80.0,120.0,200.0,2,2011-01-12,0,4,1,2011,1,12
360,18,3,1,31.0,173.0,297.0,124.0,142.0,112.0,717.0,100.0,150.0,220.0,370.0,3,2010-01-07,0,7,0,2010,1,7
360,18,3,1,16.0,130.0,223.0,93.0,114.0,84.0,692.0,60.0,110.0,160.0,270.0,3,2010-01-09,0,7,0,2010,1,9
360,18,3,1,25.0,132.0,242.0,95.0,115.0,86.0,554.0,70.0,110.0,170.0,280.0,3,2011-01-04,0,7,0,2011,1,4
360,18,3,1,47.0,184.0,314.0,133.0,140.0,120.0,705.0,100.0,160.0,230.0,390.0,3,2011-01-08,0,7,0,2011,1,8
360,18,3,1,8.0,105.0,180.0,75.0,97.0,68.0,522.0,20.0,40.0,80.0,120.0,13,2010-01-01,3,9,1,2010,1,1
360,18,3,1,-3.0,75.0,128.0,53.0,78.0,48.0,597.0,0.0,30.0,50.0,80.0,13,2010-01-06,3,9,1,2010,1,6
360,18,3,1,-3.0,76.0,131.0,55.0,79.0,49.0,627.0,-10.0,40.0,50.0,90.0,13,2010-01-12,3,9,1,2010,1,12
360,18,3,1,0.0,87.0,160.0,63.0,87.0,57.0,506.0,10.0,40.0,60.0,100.0,13,2011-01-03,3,9,1,2011,1,3
360,18,3,1,-7.0,66.0,112.0,47.0,66.0,42.0,622.0,0.0,30.0,40.0,70.0,13,2011-01-07,3,9,1,2011,1,7
360,18,3,1,18.0,66.0,128.0,54.0,54.0,20.0,301.0,20.0,50.0,60.0,110.0,5,2011-01-03,1,2,1,2011,1,3
360,18,3,1,22.0,72.0,129.0,58.0,52.0,22.0,338.0,20.0,50.0,70.0,120.0,5,2011-01-05,1,2,1,2011,1,5
360,18,3,1,25.0,74.0,132.0,59.0,52.0,22.0,377.0,20.0,50.0,70.0,120.0,5,2011-01-06,1,2,1,2011,1,6
360,18,3,1,25.0,74.0,132.0,59.0,52.0,22.0,403.0,20.0,50.0,70.0,120.0,5,2011-01-07,1,2,1,2011,1,7
360,18,3,1,28.0,77.0,139.0,63.0,53.0,23.0,397.0,20.0,60.0,70.0,130.0,5,2011-01-08,1,2,1,2011,1,8
360,18,3,1,34.0,82.0,159.0,67.0,59.0,25.0,391.0,30.0,60.0,80.0,140.0,5,2011-01-09,1,2,1,2011,1,9
360,18,3,1,77.0,103.0,187.0,86.0,44.0,26.0,1081.0,70.0,80.0,100.0,180.0,6,2011-01-07,1,6,0,2011,1,7
360,18,3,1,71.0,94.0,185.0,80.0,46.0,24.0,1055.0,80.0,60.0,90.0,150.0,6,2011-01-10,1,6,0,2011,1,10
360,18,3,1,76.0,96.0,188.0,80.0,45.0,24.0,1079.0,60.0,70.0,100.0,170.0,6,2011-01-12,1,6,0,2011,1,12
360,18,3,1,75.0,135.0,225.0,90.0,60.0,29.0,1139.0,80.0,70.0,120.0,190.0,8,2010-01-08,2,3,0,2010,1,8
360,18,3,1,171.0,186.0,329.0,123.0,71.0,40.0,932.0,120.0,100.0,170.0,270.0,8,2011-01-03,2,3,0,2011,1,3
360,18,3,1,171.0,188.0,334.0,125.0,73.0,41.0,1119.0,130.0,90.0,160.0,250.0,8,2011-01-10,2,3,0,2011,1,10
360,18,3,1,30.0,51.0,85.0,34.0,21.0,9.0,777.0,50.0,20.0,50.0,70.0,9,2010-01-01,2,10,0,2010,1,1
360,18,3,1,29.0,49.0,82.0,33.0,20.0,9.0,768.0,50.0,20.0,50.0,70.0,9,2010-01-03,2,10,0,2010,1,3
360,18,3,1,47.0,71.0,119.0,48.0,24.0,13.0,834.0,50.0,40.0,60.0,100.0,9,2010-01-09,2,10,0,2010,1,9
360,18,3,1,47.0,51.0,95.0,34.0,22.0,9.0,777.0,50.0,20.0,50.0,70.0,9,2011-01-01,2,10,0,2011,1,1
360,18,3,1,45.0,51.0,92.0,35.0,21.0,9.0,776.0,40.0,30.0,40.0,70.0,9,2011-01-04,2,10,0,2011,1,4
360,18,3,1,62.0,70.0,117.0,48.0,23.0,13.0,839.0,50.0,40.0,60.0,100.0,9,2011-01-08,2,10,0,2011,1,8
360,18,3,1,70.0,113.0,180.0,67.0,43.0,20.0,400.0,50.0,40.0,80.0,120.0,11,2010-01-01,3,5,1,2010,1,1
360,18,3,1,66.0,109.0,174.0,65.0,43.0,20.0,372.0,40.0,40.0,70.0,110.0,11,2010-01-02,3,5,1,2010,1,2
360,18,3,1,41.0,78.0,125.0,47.0,37.0,14.0,371.0,30.0,30.0,50.0,80.0,11,2010-01-06,3,5,1,2010,1,6
360,18,3,1,40.0,65.0,103.0,39.0,33.0,12.0,380.0,30.0,20.0,50.0,70.0,11,2011-01-07,3,5,1,2011,1,7
360,18,3,1,27.0,65.0,110.0,45.0,38.0,14.0,410.0,30.0,20.0,50.0,70.0,12,2010-01-05,3,8,1,2010,1,5
360,18,3,1,31.0,67.0,113.0,46.0,36.0,14.0,454.0,30.0,30.0,40.0,70.0,12,2010-01-09,3,8,1,2010,1,9
360,18,3,1,31.0,67.0,113.0,46.0,36.0,14.0,449.0,30.0,20.0,30.0,50.0,12,2010-01-10,3,8,1,2010,1,10
360,18,3,1,35.0,62.0,110.0,48.0,27.0,15.0,617.0,40.0,40.0,60.0,100.0,4,2010-01-02,1,1,1,2010,1,2
360,18,3,1,31.0,43.0,81.0,33.0,22.0,10.0,577.0,30.0,30.0,40.0,70.0,4,2011-01-09,1,1,1,2011,1,9
361,16,2,0,239.0,247.0,486.0,209.0,86.0,64.0,969.0,230.0,260.0,310.0,570.0,2,2011-01-04,0,4,1,2011,1,4
361,16,2,0,106.0,107.0,213.0,83.0,41.0,27.0,623.0,100.0,100.0,130.0,230.0,3,2011-01-01,0,7,0,2011,1,1
361,16,2,0,125.0,117.0,211.0,81.0,33.0,22.0,441.0,90.0,60.0,110.0,170.0,6,2011-01-03,1,6,0,2011,1,3
361,16,2,0,70.0,101.0,179.0,67.0,54.0,22.0,-1239.0,30.0,50.0,70.0,120.0,4,2011-01-12,1,1,1,2011,1,12
386,3,1,0,86.0,150.0,249.0,99.0,64.0,32.0,798.0,100.0,90.0,140.0,230.0,2,2010-01-09,0,4,1,2010,1,9
386,3,1,0,104.0,116.0,224.0,84.0,51.0,26.0,500.0,70.0,80.0,110.0,190.0,3,2011-01-01,0,7,0,2011,1,1
386,3,1,0,32.0,173.0,297.0,124.0,141.0,112.0,717.0,60.0,110.0,180.0,290.0,5,2010-01-07,1,2,1,2010,1,7
386,3,1,0,86.0,112.0,208.0,83.0,54.0,27.0,575.0,70.0,80.0,110.0,190.0,6,2011-01-12,1,6,0,2011,1,12
386,3,1,0,10.0,29.0,51.0,22.0,19.0,7.0,573.0,20.0,0.0,20.0,20.0,8,2010-01-10,2,3,0,2010,1,10
386,3,1,0,38.0,62.0,105.0,43.0,24.0,12.0,864.0,50.0,40.0,70.0,110.0,11,2010-01-06,3,5,1,2010,1,6
386,3,1,0,41.0,65.0,110.0,45.0,24.0,12.0,885.0,50.0,40.0,70.0,110.0,11,2010-01-07,3,5,1,2010,1,7
405,14,2,1,33.0,60.0,106.0,46.0,27.0,15.0,608.0,60.0,50.0,80.0,130.0,2,2010-01-04,0,4,1,2010,1,4
405,14,2,1,53.0,87.0,155.0,68.0,34.0,22.0,587.0,80.0,80.0,110.0,190.0,2,2010-01-08,0,4,1,2010,1,8
405,14,2,1,66.0,104.0,185.0,81.0,38.0,26.0,551.0,100.0,90.0,130.0,220.0,2,2010-01-12,0,4,1,2010,1,12
405,14,2,1,43.0,56.0,107.0,44.0,27.0,14.0,618.0,50.0,50.0,70.0,120.0,2,2011-01-02,0,4,1,2011,1,2
405,14,2,1,43.0,55.0,104.0,43.0,26.0,14.0,613.0,50.0,50.0,70.0,120.0,2,2011-01-03,0,4,1,2011,1,3
405,14,2,1,40.0,56.0,98.0,43.0,25.0,14.0,597.0,50.0,50.0,70.0,120.0,2,2011-01-06,0,4,1,2011,1,6
405,14,2,1,29.0,48.0,80.0,32.0,19.0,8.0,817.0,50.0,40.0,60.0,100.0,3,2010-01-02,0,7,0,2010,1,2
405,14,2,1,27.0,47.0,79.0,32.0,20.0,8.0,813.0,40.0,40.0,50.0,90.0,3,2010-01-03,0,7,0,2010,1,3
405,14,2,1,25.0,45.0,75.0,30.0,20.0,8.0,820.0,50.0,30.0,60.0,90.0,3,2010-01-04,0,7,0,2010,1,4
405,14,2,1,22.0,42.0,71.0,29.0,20.0,8.0,835.0,40.0,30.0,50.0,80.0,3,2010-01-05,0,7,0,2010,1,5
405,14,2,1,19.0,36.0,60.0,24.0,17.0,6.0,856.0,30.0,30.0,40.0,70.0,3,2010-01-06,0,7,0,2010,1,6
405,14,2,1,16.0,34.0,57.0,23.0,18.0,6.0,868.0,40.0,20.0,50.0,70.0,3,2010-01-07,0,7,0,2010,1,7
405,14,2,1,16.0,33.0,55.0,22.0,17.0,6.0,865.0,30.0,20.0,40.0,60.0,3,2010-01-08,0,7,0,2010,1,8
405,14,2,1,40.0,47.0,84.0,32.0,20.0,8.0,813.0,40.0,40.0,50.0,90.0,3,2011-01-03,0,7,0,2011,1,3
405,14,2,1,31.0,39.0,70.0,27.0,18.0,7.0,859.0,60.0,30.0,60.0,90.0,3,2011-01-10,0,7,0,2011,1,10
405,14,2,1,28.0,48.0,80.0,32.0,20.0,8.0,456.0,40.0,20.0,40.0,60.0,5,2010-01-01,1,2,1,2010,1,1
405,14,2,1,13.0,29.0,49.0,20.0,16.0,5.0,464.0,30.0,10.0,30.0,40.0,5,2010-01-05,1,2,1,2010,1,5
405,14,2,1,15.0,32.0,53.0,21.0,17.0,5.0,480.0,30.0,0.0,30.0,30.0,5,2010-01-10,1,2,1,2010,1,10
405,14,2,1,24.0,32.0,56.0,21.0,16.0,5.0,454.0,30.0,10.0,30.0,40.0,5,2011-01-04,1,2,1,2011,1,4
405,14,2,1,67.0,126.0,210.0,84.0,59.0,27.0,651.0,70.0,70.0,110.0,180.0,6,2010-01-01,1,6,0,2010,1,1
405,14,2,1,63.0,120.0,200.0,80.0,57.0,26.0,640.0,70.0,60.0,110.0,170.0,6,2010-01-02,1,6,0,2010,1,2
405,14,2,1,79.0,141.0,235.0,94.0,62.0,31.0,697.0,80.0,80.0,120.0,200.0,6,2010-01-05,1,6,0,2010,1,5
405,14,2,1,103.0,172.0,286.0,114.0,69.0,37.0,810.0,100.0,90.0,150.0,240.0,6,2010-01-08,1,6,0,2010,1,8
405,14,2,1,65.0,123.0,205.0,82.0,58.0,27.0,788.0,60.0,50.0,80.0,130.0,6,2010-01-10,1,6,0,2010,1,10
405,14,2,1,72.0,133.0,221.0,88.0,61.0,29.0,817.0,60.0,60.0,110.0,170.0,6,2010-01-12,1,6,0,2010,1,12
405,14,2,1,104.0,126.0,235.0,84.0,62.0,27.0,651.0,70.0,70.0,110.0,180.0,6,2011-01-01,1,6,0,2011,1,1
405,14,2,1,93.0,120.0,213.0,80.0,57.0,26.0,640.0,70.0,60.0,110.0,170.0,6,2011-01-02,1,6,0,2011,1,2
405,14,2,1,110.0,134.0,237.0,88.0,60.0,29.0,653.0,80.0,70.0,120.0,190.0,6,2011-01-04,1,6,0,2011,1,4
405,14,2,1,142.0,172.0,283.0,114.0,64.0,37.0,822.0,100.0,90.0,150.0,240.0,6,2011-01-07,1,6,0,2011,1,7
405,14,2,1,129.0,150.0,265.0,99.0,63.0,32.0,798.0,80.0,80.0,130.0,210.0,6,2011-01-09,1,6,0,2011,1,9
405,14,2,1,96.0,123.0,218.0,82.0,58.0,27.0,788.0,60.0,50.0,80.0,130.0,6,2011-01-10,1,6,0,2011,1,10
405,14,2,1,19.0,74.0,133.0,59.0,55.0,22.0,403.0,30.0,50.0,80.0,130.0,8,2010-01-07,2,3,0,2010,1,7
405,14,2,1,16.0,70.0,126.0,56.0,54.0,21.0,385.0,50.0,40.0,70.0,110.0,8,2010-01-10,2,3,0,2010,1,10
405,14,2,1,22.0,80.0,145.0,65.0,58.0,24.0,403.0,20.0,60.0,70.0,130.0,8,2010-01-12,2,3,0,2010,1,12
405,14,2,1,23.0,72.0,129.0,58.0,51.0,22.0,338.0,20.0,50.0,70.0,120.0,8,2011-01-05,2,3,0,2011,1,5
405,14,2,1,33.0,80.0,155.0,65.0,58.0,24.0,403.0,20.0,60.0,70.0,130.0,8,2011-01-12,2,3,0,2011,1,12
405,14,2,1,15.0,128.0,220.0,92.0,113.0,83.0,541.0,40.0,80.0,130.0,210.0,9,2010-01-02,2,10,0,2010,1,2
405,14,2,1,17.0,132.0,227.0,95.0,115.0,86.0,532.0,30.0,90.0,130.0,220.0,9,2010-01-03,2,10,0,2010,1,3
405,14,2,1,16.0,132.0,227.0,95.0,116.0,86.0,554.0,30.0,90.0,130.0,220.0,9,2010-01-04,2,10,0,2010,1,4
405,14,2,1,32.0,173.0,297.0,124.0,141.0,112.0,717.0,60.0,110.0,180.0,290.0,9,2010-01-07,2,10,0,2010,1,7
405,14,2,1,17.0,134.0,230.0,96.0,117.0,87.0,683.0,40.0,80.0,120.0,200.0,9,2010-01-10,2,10,0,2010,1,10
405,14,2,1,16.0,111.0,213.0,79.0,106.0,72.0,551.0,30.0,70.0,110.0,180.0,9,2011-01-01,2,10,0,2011,1,1
405,14,2,1,22.0,128.0,234.0,92.0,113.0,83.0,541.0,40.0,80.0,130.0,210.0,9,2011-01-02,2,10,0,2011,1,2
405,14,2,1,44.0,173.0,294.0,124.0,131.0,112.0,717.0,60.0,110.0,180.0,290.0,9,2011-01-07,2,10,0,2011,1,7
405,14,2,1,47.0,184.0,314.0,133.0,140.0,120.0,705.0,60.0,120.0,190.0,310.0,9,2011-01-08,2,10,0,2011,1,8
405,14,2,1,24.0,130.0,238.0,93.0,114.0,84.0,692.0,40.0,80.0,130.0,210.0,9,2011-01-09,2,10,0,2011,1,9
405,14,2,1,22.0,130.0,239.0,94.0,115.0,85.0,694.0,20.0,80.0,120.0,200.0,9,2011-01-11,2,10,0,2011,1,11
405,14,2,1,66.0,116.0,200.0,84.0,50.0,26.0,500.0,70.0,70.0,100.0,170.0,4,2010-01-01,1,1,1,2010,1,1
405,14,2,1,70.0,120.0,206.0,86.0,50.0,26.0,300.0,70.0,70.0,100.0,170.0,4,2010-01-02,1,1,1,2010,1,2
405,14,2,1,74.0,125.0,214.0,89.0,51.0,27.0,94.0,80.0,70.0,110.0,180.0,4,2010-01-03,1,1,1,2010,1,3
405,14,2,1,76.0,127.0,218.0,91.0,51.0,28.0,-1785.0,70.0,50.0,80.0,130.0,4,2010-01-10,1,1,1,2010,1,10
405,14,2,1,103.0,116.0,224.0,84.0,52.0,26.0,500.0,70.0,70.0,100.0,170.0,4,2011-01-01,1,1,1,2011,1,1
405,14,2,1,110.0,125.0,228.0,89.0,51.0,27.0,94.0,80.0,70.0,110.0,180.0,4,2011-01-03,1,1,1,2011,1,3
405,14,2,1,145.0,164.0,279.0,118.0,55.0,36.0,-660.0,100.0,100.0,140.0,240.0,4,2011-01-06,1,1,1,2011,1,6
405,14,2,1,177.0,195.0,333.0,141.0,62.0,43.0,-942.0,110.0,120.0,160.0,280.0,4,2011-01-07,1,1,1,2011,1,7
405,14,2,1,113.0,127.0,232.0,91.0,51.0,28.0,-1785.0,70.0,50.0,80.0,130.0,4,2011-01-10,1,1,1,2011,1,10
405,14,2,1,132.0,143.0,261.0,102.0,54.0,31.0,-2003.0,60.0,80.0,100.0,180.0,4,2011-01-11,1,1,1,2011,1,11
407,3,1,0,64.0,123.0,205.0,82.0,59.0,27.0,788.0,90.0,60.0,110.0,170.0,2,2010-01-10,0,4,1,2010,1,10
407,3,1,0,108.0,133.0,236.0,88.0,60.0,29.0,817.0,80.0,70.0,120.0,190.0,2,2011-01-12,0,4,1,2011,1,12
407,3,1,0,58.0,85.0,144.0,59.0,27.0,16.0,842.0,70.0,60.0,90.0,150.0,13,2010-01-06,3,9,1,2010,1,6
407,3,1,0,51.0,103.0,180.0,77.0,52.0,25.0,423.0,60.0,70.0,100.0,170.0,6,2010-01-02,1,6,0,2010,1,2
407,3,1,0,58.0,112.0,195.0,83.0,54.0,27.0,575.0,70.0,80.0,110.0,190.0,6,2010-01-12,1,6,0,2010,1,12
407,3,1,0,13.0,67.0,121.0,54.0,54.0,20.0,391.0,10.0,40.0,40.0,80.0,9,2010-01-11,2,10,0,2010,1,11
407,3,1,0,53.0,99.0,182.0,83.0,46.0,25.0,1063.0,50.0,60.0,80.0,140.0,10,2010-01-09,2,11,0,2010,1,9
407,3,1,0,74.0,96.0,188.0,80.0,46.0,24.0,1079.0,30.0,60.0,60.0,120.0,10,2011-01-12,2,11,0,2011,1,12
408,0,3,0,-180.0,-27.0,135.0,154.0,94.0,50.0,1288.0,-120.0,190.0,-40.0,150.0,3,2011-01-03,0,7,0,2011,1,3
408,0,3,0,62.0,225.0,384.0,162.0,167.0,147.0,943.0,60.0,150.0,220.0,370.0,5,2011-01-07,1,2,1,2011,1,7
408,0,3,0,106.0,145.0,245.0,100.0,39.0,28.0,822.0,110.0,80.0,130.0,210.0,8,2010-01-04,2,3,0,2010,1,4
408,0,3,0,150.0,139.0,249.0,95.0,38.0,26.0,799.0,100.0,80.0,120.0,200.0,8,2011-01-03,2,3,0,2011,1,3
408,0,3,0,67.0,107.0,190.0,83.0,40.0,27.0,574.0,60.0,70.0,90.0,160.0,10,2010-01-06,2,11,0,2010,1,6
408,0,3,0,101.0,107.0,202.0,83.0,39.0,27.0,613.0,60.0,70.0,90.0,160.0,10,2011-01-02,2,11,0,2011,1,2
408,0,3,0,79.0,79.0,142.0,54.0,26.0,15.0,601.0,50.0,30.0,60.0,90.0,12,2011-01-12,3,8,1,2011,1,12
409,16,2,0,159.0,245.0,452.0,207.0,86.0,64.0,965.0,220.0,260.0,300.0,560.0,2,2010-01-01,0,4,1,2010,1,1
409,16,2,0,279.0,284.0,559.0,241.0,96.0,74.0,1321.0,240.0,280.0,340.0,620.0,2,2011-01-12,0,4,1,2011,1,12
409,16,2,0,127.0,172.0,290.0,118.0,45.0,33.0,930.0,100.0,90.0,130.0,220.0,5,2010-01-11,1,2,1,2010,1,11
409,16,2,0,157.0,144.0,259.0,99.0,38.0,27.0,766.0,100.0,80.0,120.0,200.0,5,2011-01-02,1,2,1,2011,1,2
409,16,2,0,135.0,126.0,227.0,87.0,35.0,24.0,756.0,90.0,70.0,110.0,180.0,5,2011-01-03,1,2,1,2011,1,3
409,16,2,0,84.0,80.0,150.0,54.0,27.0,15.0,456.0,60.0,40.0,70.0,110.0,6,2011-01-01,1,6,0,2011,1,1
409,16,2,0,137.0,136.0,228.0,94.0,34.0,26.0,562.0,90.0,80.0,110.0,190.0,6,2011-01-06,1,6,0,2011,1,6
409,16,2,0,20.0,55.0,93.0,38.0,35.0,12.0,414.0,30.0,30.0,60.0,90.0,9,2010-01-06,2,10,0,2010,1,6
409,16,2,0,28.0,64.0,107.0,43.0,36.0,13.0,419.0,50.0,30.0,60.0,90.0,9,2010-01-10,2,10,0,2010,1,10
409,16,2,0,61.0,96.0,159.0,64.0,48.0,21.0,-161.0,50.0,50.0,80.0,130.0,4,2011-01-05,1,1,1,2011,1,5
413,7,1,0,367.0,422.0,494.0,72.0,55.0,23.0,558.0,360.0,60.0,400.0,460.0,2,2010-01-01,0,4,1,2010,1,1
413,7,1,0,465.0,516.0,576.0,60.0,51.0,19.0,-2572.0,460.0,50.0,490.0,540.0,2,2010-01-09,0,4,1,2010,1,9
413,7,1,0,572.0,422.0,553.0,72.0,58.0,23.0,558.0,360.0,60.0,400.0,460.0,2,2011-01-01,0,4,1,2011,1,1
413,7,1,0,12.0,29.0,49.0,20.0,17.0,5.0,464.0,20.0,20.0,30.0,50.0,13,2010-01-05,3,9,1,2010,1,5
413,7,1,0,10.0,26.0,44.0,18.0,16.0,5.0,478.0,20.0,10.0,30.0,40.0,13,2010-01-06,3,9,1,2010,1,6
413,7,1,0,15.0,32.0,53.0,21.0,17.0,5.0,480.0,30.0,20.0,30.0,50.0,13,2010-01-10,3,9,1,2010,1,10
413,7,1,0,-16.0,61.0,114.0,53.0,77.0,48.0,491.0,0.0,50.0,60.0,110.0,5,2010-01-05,1,2,1,2010,1,5
413,7,1,0,-22.0,61.0,113.0,53.0,72.0,48.0,491.0,0.0,50.0,60.0,110.0,5,2011-01-05,1,2,1,2011,1,5
413,7,1,0,10.0,72.0,110.0,39.0,60.0,36.0,560.0,20.0,30.0,70.0,100.0,5,2011-01-07,1,2,1,2011,1,7
413,7,1,0,17.0,65.0,117.0,53.0,49.0,20.0,361.0,20.0,40.0,50.0,90.0,9,2011-01-05,2,10,0,2011,1,5
413,7,1,0,16.0,34.0,57.0,23.0,18.0,6.0,868.0,30.0,20.0,40.0,60.0,11,2010-01-07,3,5,1,2010,1,7
413,7,1,0,42.0,47.0,84.0,32.0,19.0,8.0,813.0,40.0,30.0,50.0,80.0,11,2011-01-03,3,5,1,2011,1,3
413,7,1,0,22.0,34.0,56.0,23.0,17.0,6.0,868.0,30.0,20.0,40.0,60.0,11,2011-01-07,3,5,1,2011,1,7
413,7,1,0,82.0,146.0,291.0,145.0,64.0,40.0,1292.0,100.0,130.0,150.0,280.0,7,2010-01-08,1,12,1,2010,1,8
413,7,1,0,115.0,149.0,295.0,149.0,61.0,41.0,1245.0,100.0,140.0,150.0,290.0,7,2011-01-06,1,12,1,2011,1,6
414,19,0,1,23.0,82.0,149.0,67.0,59.0,25.0,391.0,30.0,70.0,80.0,150.0,1,2010-01-09,0,0,1,2010,1,9
414,19,0,1,23.0,72.0,129.0,58.0,51.0,22.0,338.0,20.0,60.0,70.0,130.0,1,2011-01-05,0,0,1,2011,1,5
414,19,0,1,29.0,77.0,139.0,63.0,52.0,23.0,397.0,30.0,60.0,80.0,140.0,1,2011-01-08,0,0,1,2011,1,8
414,19,0,1,22.0,70.0,134.0,56.0,55.0,21.0,385.0,50.0,40.0,80.0,120.0,1,2011-01-10,0,0,1,2011,1,10
414,19,0,1,16.0,130.0,223.0,93.0,114.0,84.0,692.0,40.0,90.0,140.0,230.0,2,2010-01-09,0,4,1,2010,1,9
414,19,0,1,27.0,134.0,245.0,96.0,116.0,87.0,683.0,60.0,90.0,140.0,230.0,2,2011-01-10,0,4,1,2011,1,10
414,19,0,1,51.0,103.0,180.0,77.0,52.0,25.0,432.0,60.0,80.0,100.0,180.0,3,2010-01-01,0,7,0,2010,1,1
414,19,0,1,50.0,103.0,180.0,77.0,53.0,25.0,423.0,60.0,80.0,100.0,180.0,3,2010-01-02,0,7,0,2010,1,2
414,19,0,1,55.0,108.0,188.0,80.0,53.0,26.0,415.0,70.0,80.0,110.0,190.0,3,2010-01-03,0,7,0,2010,1,3
414,19,0,1,58.0,112.0,195.0,83.0,54.0,27.0,433.0,80.0,80.0,120.0,200.0,3,2010-01-04,0,7,0,2010,1,4
414,19,0,1,73.0,132.0,231.0,99.0,59.0,32.0,565.0,90.0,100.0,140.0,240.0,3,2010-01-08,0,7,0,2010,1,8
414,19,0,1,79.0,103.0,201.0,77.0,55.0,25.0,432.0,60.0,80.0,100.0,180.0,3,2011-01-01,0,7,0,2011,1,1
414,19,0,1,86.0,114.0,212.0,85.0,56.0,28.0,555.0,70.0,90.0,110.0,200.0,3,2011-01-09,0,7,0,2011,1,9
414,19,0,1,85.0,112.0,208.0,83.0,55.0,27.0,575.0,70.0,80.0,110.0,190.0,3,2011-01-12,0,7,0,2011,1,12
414,19,0,1,38.0,81.0,150.0,69.0,43.0,21.0,965.0,50.0,80.0,90.0,170.0,5,2010-01-01,1,2,1,2010,1,1
414,19,0,1,42.0,84.0,154.0,70.0,42.0,21.0,957.0,60.0,80.0,100.0,180.0,5,2010-01-02,1,2,1,2010,1,2
414,19,0,1,53.0,99.0,182.0,83.0,46.0,25.0,1063.0,80.0,90.0,120.0,210.0,5,2010-01-09,1,2,1,2010,1,9
414,19,0,1,61.0,84.0,165.0,71.0,43.0,22.0,950.0,60.0,80.0,100.0,180.0,5,2011-01-03,1,2,1,2011,1,3
414,19,0,1,47.0,62.0,109.0,48.0,26.0,15.0,593.0,50.0,50.0,70.0,120.0,6,2011-01-06,1,6,0,2011,1,6
414,19,0,1,57.0,99.0,159.0,60.0,42.0,18.0,329.0,80.0,40.0,80.0,120.0,8,2010-01-10,2,3,0,2010,1,10
414,19,0,1,68.0,84.0,142.0,49.0,38.0,15.0,342.0,50.0,40.0,70.0,110.0,8,2011-01-04,2,3,0,2011,1,4
414,19,0,1,55.0,78.0,124.0,47.0,35.0,14.0,371.0,50.0,40.0,70.0,110.0,8,2011-01-06,2,3,0,2011,1,6
414,19,0,1,57.0,79.0,125.0,47.0,35.0,14.0,366.0,50.0,40.0,70.0,110.0,8,2011-01-08,2,3,0,2011,1,8
414,19,0,1,74.0,75.0,134.0,51.0,25.0,14.0,857.0,60.0,40.0,70.0,110.0,9,2011-01-09,2,10,0,2011,1,9
414,19,0,1,38.0,77.0,129.0,52.0,39.0,16.0,376.0,40.0,40.0,70.0,110.0,11,2010-01-03,3,5,1,2010,1,3
414,19,0,1,3.0,90.0,155.0,65.0,87.0,58.0,513.0,10.0,50.0,80.0,130.0,12,2010-01-02,3,8,1,2010,1,2
414,19,0,1,1.0,87.0,150.0,63.0,86.0,57.0,521.0,10.0,50.0,80.0,130.0,12,2010-01-04,3,8,1,2010,1,4
414,19,0,1,-3.0,75.0,127.0,53.0,72.0,48.0,597.0,10.0,40.0,70.0,110.0,12,2011-01-06,3,8,1,2011,1,6
415,0,3,0,245.0,387.0,645.0,258.0,142.0,90.0,2067.0,360.0,320.0,480.0,800.0,2,2010-01-02,0,4,1,2010,1,2
415,0,3,0,-142.0,-31.0,169.0,200.0,111.0,66.0,2393.0,-140.0,250.0,-40.0,210.0,3,2010-01-06,0,7,0,2010,1,6
415,0,3,0,54.0,108.0,180.0,72.0,54.0,23.0,541.0,50.0,40.0,80.0,120.0,13,2010-01-03,3,9,1,2010,1,3
415,0,3,0,48.0,102.0,170.0,68.0,54.0,22.0,559.0,40.0,40.0,70.0,110.0,13,2010-01-04,3,9,1,2010,1,4
415,0,3,0,30.0,79.0,131.0,52.0,49.0,17.0,668.0,20.0,30.0,50.0,80.0,13,2010-01-07,3,9,1,2010,1,7
415,0,3,0,39.0,173.0,318.0,125.0,147.0,113.0,729.0,30.0,120.0,160.0,280.0,5,2011-01-04,1,2,1,2011,1,4
415,0,3,0,326.0,335.0,626.0,252.0,115.0,83.0,1316.0,220.0,240.0,320.0,560.0,6,2011-01-04,1,6,0,2011,1,4
415,0,3,0,334.0,341.0,637.0,257.0,116.0,84.0,1662.0,240.0,230.0,320.0,550.0,6,2011-01-10,1,6,0,2011,1,10
415,0,3,0,157.0,145.0,261.0,100.0,39.0,28.0,822.0,110.0,80.0,130.0,210.0,8,2011-01-04,2,3,0,2011,1,4
415,0,3,0,188.0,284.0,525.0,241.0,96.0,74.0,1321.0,170.0,220.0,260.0,480.0,9,2010-01-12,2,10,0,2010,1,12
415,0,3,0,240.0,247.0,486.0,209.0,85.0,64.0,969.0,170.0,170.0,230.0,400.0,9,2011-01-04,2,10,0,2011,1,4
415,0,3,0,265.0,288.0,527.0,244.0,89.0,75.0,1213.0,190.0,200.0,260.0,460.0,9,2011-01-06,2,10,0,2011,1,6
415,0,3,0,91.0,126.0,213.0,87.0,35.0,24.0,756.0,80.0,50.0,90.0,140.0,11,2010-01-03,3,5,1,2010,1,3
415,0,3,0,98.0,136.0,230.0,94.0,38.0,26.0,562.0,80.0,60.0,90.0,150.0,12,2010-01-06,3,8,1,2010,1,6
415,0,3,0,165.0,261.0,521.0,260.0,96.0,72.0,1559.0,180.0,240.0,260.0,500.0,4,2010-01-05,1,1,1,2010,1,5
415,0,3,0,220.0,239.0,509.0,239.0,91.0,66.0,1464.0,150.0,220.0,230.0,450.0,4,2011-01-04,1,1,1,2011,1,4
417,8,0,1,27.0,88.0,160.0,72.0,61.0,27.0,606.0,40.0,70.0,90.0,160.0,2,2010-01-08,0,4,1,2010,1,8
417,8,0,1,33.0,60.0,109.0,50.0,33.0,15.0,1064.0,30.0,50.0,60.0,110.0,3,2011-01-08,0,7,0,2011,1,8
417,8,0,1,56.0,81.0,160.0,69.0,43.0,21.0,1060.0,40.0,60.0,80.0,140.0,3,2011-01-11,0,7,0,2011,1,11
417,8,0,1,-4.0,42.0,76.0,34.0,46.0,12.0,197.0,0.0,20.0,40.0,60.0,13,2010-01-01,3,9,1,2010,1,1
417,8,0,1,1.0,48.0,86.0,38.0,47.0,14.0,248.0,0.0,30.0,40.0,70.0,13,2010-01-08,3,9,1,2010,1,8
417,8,0,1,0.0,46.0,81.0,36.0,43.0,13.0,252.0,0.0,30.0,40.0,70.0,13,2011-01-07,3,9,1,2011,1,7
417,8,0,1,28.0,48.0,80.0,32.0,20.0,8.0,841.0,50.0,30.0,60.0,90.0,6,2010-01-08,1,6,0,2010,1,8
417,8,0,1,27.0,47.0,79.0,32.0,20.0,8.0,837.0,50.0,30.0,60.0,90.0,6,2010-01-09,1,6,0,2010,1,9
417,8,0,1,42.0,47.0,84.0,32.0,19.0,8.0,833.0,80.0,30.0,80.0,110.0,6,2011-01-10,1,6,0,2011,1,10
417,8,0,1,-8.0,61.0,104.0,43.0,69.0,39.0,282.0,10.0,30.0,60.0,90.0,8,2010-01-05,2,3,0,2010,1,5
417,8,0,1,-5.0,69.0,118.0,49.0,74.0,44.0,335.0,0.0,40.0,60.0,100.0,8,2010-01-12,2,3,0,2010,1,12
417,8,0,1,-9.0,63.0,114.0,44.0,69.0,40.0,251.0,10.0,30.0,60.0,90.0,8,2011-01-03,2,3,0,2011,1,3
417,8,0,1,-9.0,63.0,114.0,44.0,69.0,40.0,261.0,10.0,30.0,60.0,90.0,8,2011-01-04,2,3,0,2011,1,4
417,8,0,1,-32.0,18.0,102.0,84.0,50.0,26.0,625.0,-20.0,70.0,10.0,80.0,9,2010-01-02,2,10,0,2010,1,2
417,8,0,1,-12.0,49.0,169.0,120.0,61.0,37.0,1334.0,0.0,100.0,40.0,140.0,9,2010-01-07,2,10,0,2010,1,7
417,8,0,1,-39.0,23.0,116.0,86.0,49.0,26.0,1698.0,10.0,60.0,20.0,80.0,9,2011-01-10,2,10,0,2011,1,10
417,8,0,1,24.0,68.0,171.0,92.0,52.0,28.0,1898.0,20.0,80.0,60.0,140.0,9,2011-01-12,2,10,0,2011,1,12
417,8,0,1,11.0,49.0,85.0,36.0,38.0,11.0,187.0,10.0,30.0,40.0,70.0,11,2010-01-03,3,5,1,2010,1,3
417,8,0,1,9.0,47.0,82.0,35.0,38.0,11.0,248.0,10.0,20.0,40.0,60.0,11,2010-01-11,3,5,1,2010,1,11
417,8,0,1,13.0,47.0,87.0,35.0,38.0,11.0,191.0,10.0,30.0,40.0,70.0,11,2011-01-02,3,5,1,2011,1,2
417,8,0,1,16.0,51.0,94.0,37.0,40.0,12.0,195.0,10.0,30.0,40.0,70.0,11,2011-01-04,3,5,1,2011,1,4
417,8,0,1,19.0,53.0,91.0,39.0,36.0,12.0,212.0,20.0,30.0,50.0,80.0,11,2011-01-05,3,5,1,2011,1,5
417,8,0,1,-3.0,42.0,75.0,33.0,45.0,12.0,162.0,0.0,20.0,40.0,60.0,12,2010-01-03,3,8,1,2010,1,3
417,8,0,1,-11.0,31.0,56.0,25.0,42.0,9.0,209.0,0.0,10.0,20.0,30.0,12,2010-01-10,3,8,1,2010,1,10
417,8,0,1,-13.0,36.0,69.0,29.0,45.0,11.0,169.0,-10.0,20.0,30.0,50.0,12,2011-01-04,3,8,1,2011,1,4
417,8,0,1,-6.0,42.0,75.0,34.0,43.0,12.0,182.0,0.0,20.0,40.0,60.0,12,2011-01-05,3,8,1,2011,1,5
419,13,0,0,26.0,62.0,107.0,46.0,40.0,15.0,415.0,40.0,40.0,70.0,110.0,1,2011-01-08,0,0,1,2011,1,8
419,13,0,0,29.0,64.0,107.0,43.0,35.0,13.0,424.0,40.0,40.0,70.0,110.0,2,2010-01-09,0,4,1,2010,1,9
419,13,0,0,-6.0,65.0,112.0,47.0,71.0,42.0,521.0,10.0,40.0,70.0,110.0,3,2010-01-12,0,7,0,2010,1,12
419,13,0,0,83.0,149.0,298.0,149.0,66.0,41.0,1245.0,120.0,170.0,180.0,350.0,5,2010-01-06,1,2,1,2010,1,6
419,13,0,0,13.0,67.0,121.0,54.0,54.0,20.0,337.0,30.0,60.0,80.0,140.0,6,2010-01-04,1,6,0,2010,1,4
419,13,0,0,12.0,64.0,115.0,51.0,52.0,19.0,396.0,30.0,50.0,80.0,130.0,6,2010-01-06,1,6,0,2010,1,6
419,13,0,0,16.0,69.0,124.0,55.0,53.0,20.0,410.0,40.0,70.0,80.0,150.0,6,2010-01-11,1,6,0,2010,1,11
419,13,0,0,19.0,67.0,129.0,54.0,54.0,20.0,337.0,30.0,60.0,80.0,140.0,6,2011-01-04,1,6,0,2011,1,4
419,13,0,0,9.0,57.0,109.0,45.0,51.0,17.0,409.0,30.0,50.0,70.0,120.0,6,2011-01-09,1,6,0,2011,1,9
419,13,0,0,18.0,66.0,128.0,54.0,54.0,20.0,404.0,70.0,70.0,100.0,170.0,6,2011-01-10,1,6,0,2011,1,10
419,13,0,0,9.0,57.0,110.0,46.0,51.0,17.0,422.0,40.0,50.0,80.0,130.0,6,2011-01-12,1,6,0,2011,1,12
419,13,0,0,12.0,29.0,49.0,20.0,17.0,5.0,464.0,30.0,10.0,30.0,40.0,8,2010-01-05,2,3,0,2010,1,5
419,13,0,0,25.0,34.0,60.0,22.0,17.0,6.0,452.0,30.0,10.0,30.0,40.0,8,2011-01-02,2,3,0,2011,1,2
419,13,0,0,23.0,43.0,72.0,29.0,20.0,8.0,862.0,40.0,20.0,40.0,60.0,9,2010-01-09,2,10,0,2010,1,9
419,13,0,0,45.0,52.0,94.0,36.0,22.0,10.0,862.0,40.0,30.0,50.0,80.0,9,2011-01-11,2,10,0,2011,1,11
419,13,0,0,96.0,123.0,218.0,82.0,58.0,27.0,788.0,60.0,50.0,90.0,140.0,11,2011-01-10,3,5,1,2011,1,10
419,13,0,0,89.0,143.0,245.0,102.0,54.0,31.0,666.0,70.0,80.0,120.0,200.0,12,2010-01-11,3,8,1,2010,1,11
419,13,0,0,110.0,125.0,228.0,89.0,51.0,27.0,481.0,70.0,70.0,110.0,180.0,12,2011-01-03,3,8,1,2011,1,3
419,13,0,0,177.0,195.0,333.0,141.0,62.0,43.0,692.0,110.0,120.0,170.0,290.0,12,2011-01-07,3,8,1,2011,1,7
419,13,0,0,142.0,161.0,275.0,116.0,54.0,35.0,678.0,100.0,90.0,150.0,240.0,12,2011-01-08,3,8,1,2011,1,8
419,13,0,0,113.0,127.0,232.0,91.0,51.0,28.0,656.0,80.0,50.0,100.0,150.0,12,2011-01-10,3,8,1,2011,1,10
425,18,3,1,66.0,114.0,193.0,79.0,48.0,25.0,425.0,110.0,90.0,150.0,240.0,2,2010-01-06,0,4,1,2010,1,6
425,18,3,1,75.0,125.0,211.0,86.0,50.0,27.0,463.0,120.0,100.0,160.0,260.0,2,2010-01-07,0,4,1,2010,1,7
425,18,3,1,50.0,93.0,156.0,63.0,43.0,20.0,446.0,70.0,70.0,110.0,180.0,2,2010-01-11,0,4,1,2010,1,11
425,18,3,1,105.0,125.0,209.0,86.0,46.0,27.0,454.0,120.0,100.0,160.0,260.0,2,2011-01-08,0,4,1,2011,1,8
425,18,3,1,83.0,99.0,178.0,68.0,43.0,21.0,445.0,80.0,80.0,120.0,200.0,2,2011-01-09,0,4,1,2011,1,9
425,18,3,1,17.0,134.0,230.0,96.0,117.0,87.0,683.0,100.0,140.0,190.0,330.0,3,2010-01-10,0,7,0,2010,1,10
425,18,3,1,2.0,90.0,154.0,64.0,88.0,58.0,551.0,10.0,40.0,60.0,100.0,13,2010-01-05,3,9,1,2010,1,5
425,18,3,1,2.0,87.0,149.0,62.0,85.0,56.0,612.0,10.0,40.0,60.0,100.0,13,2010-01-09,3,9,1,2010,1,9
425,18,3,1,12.0,105.0,201.0,75.0,102.0,68.0,522.0,20.0,40.0,80.0,120.0,13,2011-01-01,3,9,1,2011,1,1
425,18,3,1,4.0,90.0,165.0,65.0,87.0,58.0,513.0,10.0,40.0,60.0,100.0,13,2011-01-02,3,9,1,2011,1,2
425,18,3,1,18.0,74.0,133.0,59.0,56.0,22.0,377.0,20.0,50.0,70.0,120.0,5,2010-01-06,1,2,1,2010,1,6
425,18,3,1,20.0,77.0,140.0,63.0,57.0,23.0,397.0,20.0,60.0,70.0,130.0,5,2010-01-08,1,2,1,2010,1,8
425,18,3,1,13.0,67.0,121.0,54.0,54.0,20.0,391.0,20.0,50.0,60.0,110.0,5,2010-01-11,1,2,1,2010,1,11
425,18,3,1,24.0,70.0,134.0,56.0,54.0,21.0,385.0,50.0,40.0,70.0,110.0,5,2011-01-10,1,2,1,2011,1,10
425,18,3,1,40.0,84.0,155.0,71.0,44.0,22.0,950.0,50.0,60.0,80.0,140.0,6,2010-01-03,1,6,0,2010,1,3
425,18,3,1,61.0,81.0,168.0,69.0,44.0,21.0,965.0,60.0,60.0,80.0,140.0,6,2011-01-01,1,6,0,2011,1,1
425,18,3,1,61.0,84.0,164.0,70.0,43.0,21.0,957.0,60.0,60.0,80.0,140.0,6,2011-01-02,1,6,0,2011,1,2
425,18,3,1,68.0,96.0,175.0,81.0,44.0,25.0,1046.0,60.0,70.0,90.0,160.0,6,2011-01-06,1,6,0,2011,1,6
425,18,3,1,98.0,123.0,224.0,103.0,48.0,31.0,1073.0,90.0,90.0,120.0,210.0,6,2011-01-08,1,6,0,2011,1,8
425,18,3,1,67.0,89.0,175.0,75.0,44.0,23.0,1063.0,40.0,70.0,80.0,150.0,6,2011-01-11,1,6,0,2011,1,11
425,18,3,1,75.0,135.0,225.0,90.0,60.0,29.0,1148.0,80.0,70.0,120.0,190.0,8,2010-01-07,2,3,0,2010,1,7
425,18,3,1,104.0,135.0,223.0,90.0,56.0,29.0,1148.0,80.0,70.0,120.0,190.0,8,2011-01-07,2,3,0,2011,1,7
425,18,3,1,47.0,71.0,119.0,48.0,24.0,13.0,829.0,60.0,30.0,60.0,90.0,9,2010-01-10,2,10,0,2010,1,10
425,18,3,1,46.0,71.0,120.0,49.0,25.0,13.0,845.0,50.0,40.0,70.0,110.0,9,2010-01-12,2,10,0,2010,1,12
425,18,3,1,51.0,59.0,98.0,40.0,20.0,11.0,843.0,50.0,30.0,50.0,80.0,9,2011-01-07,2,10,0,2011,1,7
425,18,3,1,70.0,71.0,127.0,48.0,24.0,13.0,834.0,50.0,40.0,60.0,100.0,9,2011-01-09,2,10,0,2011,1,9
425,18,3,1,68.0,71.0,128.0,49.0,25.0,13.0,845.0,50.0,40.0,70.0,110.0,9,2011-01-12,2,10,0,2011,1,12
425,18,3,1,54.0,94.0,151.0,57.0,40.0,17.0,349.0,40.0,30.0,70.0,100.0,11,2010-01-09,3,5,1,2010,1,9
425,18,3,1,49.0,88.0,141.0,53.0,39.0,16.0,321.0,50.0,30.0,70.0,100.0,11,2010-01-11,3,5,1,2010,1,11
425,18,3,1,92.0,105.0,178.0,62.0,43.0,19.0,346.0,40.0,40.0,70.0,110.0,11,2011-01-03,3,5,1,2011,1,3
425,18,3,1,61.0,82.0,129.0,48.0,35.0,14.0,351.0,30.0,30.0,50.0,80.0,11,2011-01-05,3,5,1,2011,1,5
425,18,3,1,58.0,79.0,125.0,47.0,34.0,14.0,366.0,30.0,30.0,50.0,80.0,11,2011-01-08,3,5,1,2011,1,8
425,18,3,1,85.0,99.0,169.0,60.0,42.0,18.0,329.0,40.0,20.0,50.0,70.0,11,2011-01-10,3,5,1,2011,1,10
425,18,3,1,61.0,81.0,146.0,56.0,40.0,17.0,382.0,40.0,30.0,60.0,90.0,12,2011-01-02,3,8,1,2011,1,2
425,18,3,1,37.0,65.0,109.0,45.0,35.0,14.0,410.0,30.0,20.0,50.0,70.0,12,2011-01-05,3,8,1,2011,1,5
425,18,3,1,35.0,62.0,110.0,48.0,27.0,15.0,623.0,40.0,40.0,60.0,100.0,4,2010-01-01,1,1,1,2010,1,1
425,18,3,1,52.0,63.0,119.0,49.0,28.0,16.0,611.0,40.0,40.0,60.0,100.0,4,2011-01-03,1,1,1,2011,1,3
425,18,3,1,47.0,58.0,110.0,45.0,26.0,14.0,605.0,30.0,40.0,50.0,90.0,4,2011-01-04,1,1,1,2011,1,4
425,18,3,1,23.0,39.0,68.0,30.0,20.0,9.0,581.0,30.0,20.0,40.0,60.0,4,2011-01-08,1,1,1,2011,1,8
425,18,3,1,16.0,30.0,55.0,22.0,19.0,7.0,570.0,20.0,20.0,30.0,50.0,4,2011-01-11,1,1,1,2011,1,11
430,16,2,0,183.0,277.0,512.0,235.0,94.0,72.0,1060.0,270.0,290.0,350.0,640.0,2,2010-01-05,0,4,1,2010,1,5
430,16,2,0,206.0,307.0,567.0,260.0,101.0,80.0,1319.0,290.0,320.0,380.0,700.0,2,2010-01-07,0,4,1,2010,1,7
430,16,2,0,243.0,252.0,496.0,213.0,88.0,66.0,942.0,240.0,260.0,320.0,580.0,2,2011-01-02,0,4,1,2011,1,2
430,16,2,0,101.0,107.0,202.0,83.0,39.0,27.0,613.0,100.0,100.0,130.0,230.0,3,2011-01-02,0,7,0,2011,1,2
430,16,2,0,94.0,107.0,188.0,83.0,36.0,27.0,574.0,100.0,100.0,130.0,230.0,3,2011-01-06,0,7,0,2011,1,6
430,16,2,0,88.0,124.0,210.0,86.0,36.0,24.0,499.0,90.0,70.0,110.0,180.0,6,2010-01-05,1,6,0,2010,1,5
430,16,2,0,77.0,79.0,142.0,54.0,27.0,15.0,601.0,40.0,40.0,60.0,100.0,6,2011-01-12,1,6,0,2011,1,12
430,16,2,0,19.0,62.0,108.0,46.0,43.0,15.0,415.0,30.0,40.0,60.0,100.0,8,2010-01-08,2,3,0,2010,1,8
430,16,2,0,42.0,64.0,114.0,43.0,36.0,13.0,419.0,50.0,30.0,60.0,90.0,9,2011-01-10,2,10,0,2011,1,10
430,16,2,0,36.0,60.0,108.0,41.0,36.0,13.0,435.0,30.0,30.0,60.0,90.0,9,2011-01-12,2,10,0,2011,1,12
430,16,2,0,30.0,79.0,131.0,52.0,49.0,17.0,-587.0,40.0,40.0,70.0,110.0,4,2010-01-08,1,1,1,2010,1,8
432,16,2,0,275.0,281.0,554.0,239.0,96.0,74.0,1246.0,340.0,350.0,420.0,770.0,2,2011-01-10,0,4,1,2011,1,10
432,16,2,0,258.0,265.0,522.0,225.0,91.0,69.0,1272.0,230.0,260.0,320.0,580.0,2,2011-01-11,0,4,1,2011,1,11
432,16,2,0,68.0,107.0,190.0,83.0,39.0,27.0,613.0,100.0,100.0,130.0,230.0,3,2010-01-02,0,7,0,2010,1,2
432,16,2,0,166.0,163.0,274.0,113.0,40.0,31.0,897.0,120.0,90.0,140.0,230.0,5,2011-01-06,1,2,1,2011,1,6
432,16,2,0,116.0,111.0,199.0,76.0,33.0,21.0,580.0,80.0,40.0,80.0,120.0,6,2011-01-10,1,6,0,2011,1,10
432,16,2,0,38.0,76.0,128.0,52.0,38.0,16.0,357.0,50.0,40.0,80.0,120.0,9,2010-01-02,2,10,0,2010,1,2
435,17,3,1,46.0,90.0,165.0,75.0,44.0,23.0,956.0,70.0,90.0,110.0,200.0,1,2010-01-02,0,0,1,2010,1,2
435,17,3,1,45.0,89.0,163.0,74.0,44.0,22.0,949.0,70.0,90.0,110.0,200.0,1,2010-01-03,0,0,1,2010,1,3
435,17,3,1,47.0,91.0,167.0,76.0,44.0,23.0,965.0,70.0,90.0,110.0,200.0,1,2010-01-04,0,0,1,2010,1,4
435,17,3,1,38.0,80.0,148.0,68.0,42.0,21.0,998.0,60.0,80.0,100.0,180.0,1,2010-01-05,0,0,1,2010,1,5
435,17,3,1,36.0,77.0,142.0,65.0,41.0,20.0,1042.0,60.0,80.0,90.0,170.0,1,2010-01-06,0,0,1,2010,1,6
435,17,3,1,32.0,72.0,132.0,60.0,40.0,18.0,1070.0,60.0,70.0,90.0,160.0,1,2010-01-07,0,0,1,2010,1,7
435,17,3,1,36.0,77.0,142.0,65.0,41.0,20.0,1053.0,90.0,90.0,110.0,200.0,1,2010-01-10,0,0,1,2010,1,10
435,17,3,1,36.0,76.0,139.0,63.0,40.0,19.0,1075.0,50.0,70.0,90.0,160.0,1,2010-01-12,0,0,1,2010,1,12
435,17,3,1,67.0,89.0,174.0,74.0,44.0,22.0,949.0,70.0,90.0,110.0,200.0,1,2011-01-03,0,0,1,2011,1,3
435,17,3,1,52.0,80.0,147.0,68.0,39.0,21.0,998.0,60.0,80.0,100.0,180.0,1,2011-01-05,0,0,1,2011,1,5
435,17,3,1,50.0,77.0,141.0,65.0,38.0,20.0,1042.0,60.0,80.0,90.0,170.0,1,2011-01-06,0,0,1,2011,1,6
435,17,3,1,33.0,60.0,109.0,50.0,33.0,15.0,1064.0,40.0,60.0,70.0,130.0,1,2011-01-08,0,0,1,2011,1,8
435,17,3,1,49.0,74.0,145.0,62.0,41.0,19.0,1059.0,70.0,70.0,100.0,170.0,1,2011-01-09,0,0,1,2011,1,9
435,17,3,1,53.0,77.0,151.0,65.0,41.0,20.0,1053.0,90.0,90.0,110.0,200.0,1,2011-01-10,0,0,1,2011,1,10
435,17,3,1,58.0,81.0,160.0,69.0,42.0,21.0,1060.0,50.0,80.0,90.0,170.0,1,2011-01-11,0,0,1,2011,1,11
435,17,3,1,53.0,76.0,148.0,63.0,40.0,19.0,1075.0,50.0,70.0,90.0,160.0,1,2011-01-12,0,0,1,2011,1,12
435,17,3,1,30.0,75.0,130.0,55.0,45.0,18.0,312.0,70.0,60.0,100.0,160.0,2,2010-01-01,0,4,1,2010,1,1
435,17,3,1,30.0,75.0,130.0,55.0,45.0,18.0,305.0,70.0,60.0,100.0,160.0,2,2010-01-02,0,4,1,2010,1,2
435,17,3,1,25.0,68.0,119.0,51.0,43.0,16.0,311.0,50.0,60.0,80.0,140.0,2,2010-01-04,0,4,1,2010,1,4
435,17,3,1,22.0,65.0,113.0,48.0,43.0,15.0,334.0,50.0,60.0,80.0,140.0,2,2010-01-05,0,4,1,2010,1,5
435,17,3,1,15.0,56.0,98.0,42.0,41.0,13.0,384.0,40.0,50.0,70.0,120.0,2,2010-01-08,0,4,1,2010,1,8
435,17,3,1,22.0,65.0,113.0,48.0,43.0,15.0,380.0,50.0,60.0,80.0,140.0,2,2010-01-09,0,4,1,2010,1,9
435,17,3,1,22.0,64.0,111.0,47.0,42.0,15.0,375.0,80.0,50.0,100.0,150.0,2,2010-01-10,0,4,1,2010,1,10
435,17,3,1,27.0,71.0,124.0,53.0,44.0,17.0,380.0,50.0,60.0,80.0,140.0,2,2010-01-11,0,4,1,2010,1,11
435,17,3,1,47.0,75.0,145.0,55.0,47.0,18.0,312.0,70.0,60.0,100.0,160.0,2,2011-01-01,0,4,1,2011,1,1
435,17,3,1,45.0,75.0,139.0,55.0,45.0,18.0,305.0,70.0,60.0,100.0,160.0,2,2011-01-02,0,4,1,2011,1,2
435,17,3,1,37.0,68.0,127.0,51.0,43.0,16.0,311.0,50.0,60.0,80.0,140.0,2,2011-01-04,0,4,1,2011,1,4
435,17,3,1,30.0,65.0,112.0,48.0,40.0,15.0,334.0,50.0,60.0,80.0,140.0,2,2011-01-05,0,4,1,2011,1,5
435,17,3,1,26.0,62.0,107.0,46.0,40.0,15.0,367.0,50.0,50.0,80.0,130.0,2,2011-01-06,0,4,1,2011,1,6
435,17,3,1,22.0,57.0,99.0,43.0,38.0,14.0,388.0,40.0,50.0,70.0,120.0,2,2011-01-07,0,4,1,2011,1,7
435,17,3,1,21.0,56.0,97.0,42.0,38.0,13.0,384.0,40.0,50.0,70.0,120.0,2,2011-01-08,0,4,1,2011,1,8
435,17,3,1,33.0,64.0,118.0,47.0,42.0,15.0,375.0,80.0,50.0,100.0,150.0,2,2011-01-10,0,4,1,2011,1,10
435,17,3,1,40.0,71.0,132.0,53.0,44.0,17.0,380.0,50.0,60.0,80.0,140.0,2,2011-01-11,0,4,1,2011,1,11
435,17,3,1,31.0,65.0,121.0,49.0,44.0,16.0,392.0,50.0,50.0,80.0,130.0,2,2011-01-12,0,4,1,2011,1,12
435,17,3,1,41.0,107.0,193.0,86.0,66.0,32.0,484.0,80.0,100.0,140.0,240.0,3,2010-01-02,0,7,0,2010,1,2
435,17,3,1,38.0,104.0,189.0,85.0,66.0,32.0,476.0,70.0,100.0,130.0,230.0,3,2010-01-03,0,7,0,2010,1,3
435,17,3,1,34.0,98.0,178.0,80.0,64.0,30.0,494.0,70.0,100.0,120.0,220.0,3,2010-01-04,0,7,0,2010,1,4
435,17,3,1,34.0,96.0,173.0,77.0,62.0,29.0,529.0,70.0,90.0,120.0,210.0,3,2010-01-05,0,7,0,2010,1,5
435,17,3,1,32.0,93.0,169.0,76.0,61.0,28.0,580.0,70.0,90.0,120.0,210.0,3,2010-01-06,0,7,0,2010,1,6
435,17,3,1,31.0,93.0,169.0,76.0,62.0,28.0,613.0,70.0,90.0,120.0,210.0,3,2010-01-07,0,7,0,2010,1,7
435,17,3,1,27.0,88.0,160.0,72.0,61.0,27.0,606.0,60.0,90.0,110.0,200.0,3,2010-01-08,0,7,0,2010,1,8
435,17,3,1,34.0,98.0,177.0,79.0,64.0,30.0,593.0,120.0,100.0,160.0,260.0,3,2010-01-10,0,7,0,2010,1,10
435,17,3,1,26.0,85.0,153.0,68.0,59.0,25.0,619.0,50.0,80.0,100.0,180.0,3,2010-01-12,0,7,0,2010,1,12
435,17,3,1,61.0,107.0,206.0,86.0,66.0,32.0,484.0,80.0,100.0,140.0,240.0,3,2011-01-02,0,7,0,2011,1,2
435,17,3,1,56.0,104.0,201.0,85.0,66.0,32.0,476.0,70.0,100.0,130.0,230.0,3,2011-01-03,0,7,0,2011,1,3
435,17,3,1,47.0,96.0,171.0,77.0,58.0,29.0,529.0,70.0,90.0,120.0,210.0,3,2011-01-05,0,7,0,2011,1,5
435,17,3,1,44.0,93.0,167.0,76.0,57.0,28.0,580.0,70.0,90.0,120.0,210.0,3,2011-01-06,0,7,0,2011,1,6
435,17,3,1,43.0,93.0,167.0,76.0,58.0,28.0,613.0,70.0,90.0,120.0,210.0,3,2011-01-07,0,7,0,2011,1,7
435,17,3,1,36.0,83.0,160.0,67.0,59.0,25.0,599.0,50.0,80.0,100.0,180.0,3,2011-01-09,0,7,0,2011,1,9
435,17,3,1,50.0,98.0,189.0,79.0,64.0,30.0,593.0,120.0,100.0,160.0,260.0,3,2011-01-10,0,7,0,2011,1,10
435,17,3,1,56.0,102.0,196.0,82.0,64.0,31.0,601.0,60.0,90.0,120.0,210.0,3,2011-01-11,0,7,0,2011,1,11
435,17,3,1,-9.0,36.0,65.0,29.0,45.0,11.0,169.0,10.0,10.0,30.0,40.0,13,2010-01-01,3,9,1,2010,1,1
435,17,3,1,-6.0,38.0,68.0,30.0,44.0,11.0,165.0,10.0,10.0,30.0,40.0,13,2010-01-02,3,9,1,2010,1,2
435,17,3,1,-4.0,42.0,75.0,33.0,46.0,12.0,162.0,10.0,20.0,30.0,50.0,13,2010-01-03,3,9,1,2010,1,3
435,17,3,1,-8.0,36.0,65.0,29.0,44.0,11.0,169.0,10.0,10.0,30.0,40.0,13,2010-01-04,3,9,1,2010,1,4
435,17,3,1,-3.0,43.0,78.0,35.0,46.0,13.0,204.0,10.0,20.0,30.0,50.0,13,2010-01-06,3,9,1,2010,1,6
435,17,3,1,1.0,49.0,89.0,40.0,48.0,15.0,219.0,20.0,20.0,40.0,60.0,13,2010-01-07,3,9,1,2010,1,7
435,17,3,1,-9.0,36.0,65.0,29.0,45.0,11.0,215.0,10.0,10.0,30.0,40.0,13,2010-01-08,3,9,1,2010,1,8
435,17,3,1,-13.0,30.0,54.0,24.0,43.0,9.0,212.0,0.0,10.0,20.0,30.0,13,2010-01-09,3,9,1,2010,1,9
435,17,3,1,-12.0,31.0,56.0,25.0,43.0,9.0,209.0,10.0,0.0,20.0,20.0,13,2010-01-10,3,9,1,2010,1,10
435,17,3,1,-15.0,25.0,45.0,20.0,40.0,7.0,218.0,0.0,10.0,20.0,30.0,13,2010-01-12,3,9,1,2010,1,12
435,17,3,1,-14.0,36.0,73.0,29.0,47.0,11.0,169.0,10.0,10.0,30.0,40.0,13,2011-01-01,3,9,1,2011,1,1
435,17,3,1,-9.0,38.0,72.0,30.0,44.0,11.0,165.0,10.0,10.0,30.0,40.0,13,2011-01-02,3,9,1,2011,1,2
435,17,3,1,-6.0,42.0,80.0,33.0,46.0,12.0,162.0,10.0,20.0,30.0,50.0,13,2011-01-03,3,9,1,2011,1,3
435,17,3,1,-4.0,43.0,77.0,35.0,43.0,13.0,204.0,10.0,20.0,30.0,50.0,13,2011-01-06,3,9,1,2011,1,6
435,17,3,1,1.0,49.0,88.0,40.0,45.0,15.0,219.0,20.0,20.0,40.0,60.0,13,2011-01-07,3,9,1,2011,1,7
435,17,3,1,-12.0,36.0,64.0,29.0,42.0,11.0,215.0,10.0,10.0,30.0,40.0,13,2011-01-08,3,9,1,2011,1,8
435,17,3,1,-19.0,30.0,58.0,24.0,43.0,9.0,212.0,0.0,10.0,20.0,30.0,13,2011-01-09,3,9,1,2011,1,9
435,17,3,1,-18.0,31.0,60.0,25.0,43.0,9.0,209.0,10.0,0.0,20.0,20.0,13,2011-01-10,3,9,1,2011,1,10
435,17,3,1,-4.0,42.0,81.0,34.0,45.0,12.0,211.0,0.0,20.0,30.0,50.0,13,2011-01-11,3,9,1,2011,1,11
435,17,3,1,-22.0,25.0,48.0,20.0,40.0,7.0,218.0,0.0,10.0,20.0,30.0,13,2011-01-12,3,9,1,2011,1,12
435,17,3,1,34.0,63.0,112.0,49.0,29.0,16.0,623.0,40.0,40.0,60.0,100.0,5,2010-01-01,1,2,1,2010,1,1
435,17,3,1,36.0,63.0,111.0,48.0,27.0,15.0,599.0,40.0,40.0,60.0,100.0,5,2010-01-05,1,2,1,2010,1,5
435,17,3,1,35.0,63.0,111.0,48.0,28.0,15.0,593.0,40.0,40.0,60.0,100.0,5,2010-01-06,1,2,1,2010,1,6
435,17,3,1,56.0,90.0,159.0,69.0,34.0,22.0,572.0,60.0,60.0,90.0,150.0,5,2010-01-09,1,2,1,2010,1,9
435,17,3,1,85.0,130.0,231.0,101.0,45.0,33.0,552.0,90.0,90.0,130.0,220.0,5,2010-01-11,1,2,1,2010,1,11
435,17,3,1,77.0,120.0,214.0,94.0,43.0,31.0,540.0,70.0,90.0,110.0,200.0,5,2010-01-12,1,2,1,2010,1,12
435,17,3,1,53.0,63.0,125.0,49.0,30.0,16.0,623.0,40.0,40.0,60.0,100.0,5,2011-01-01,1,2,1,2011,1,1
435,17,3,1,52.0,63.0,119.0,49.0,28.0,16.0,617.0,40.0,40.0,60.0,100.0,5,2011-01-02,1,2,1,2011,1,2
435,17,3,1,55.0,67.0,127.0,52.0,30.0,17.0,605.0,50.0,40.0,70.0,110.0,5,2011-01-04,1,2,1,2011,1,4
435,17,3,1,50.0,63.0,110.0,48.0,25.0,15.0,599.0,40.0,40.0,60.0,100.0,5,2011-01-05,1,2,1,2011,1,5
435,17,3,1,44.0,60.0,105.0,46.0,26.0,15.0,587.0,40.0,40.0,60.0,100.0,5,2011-01-07,1,2,1,2011,1,7
435,17,3,1,86.0,99.0,174.0,77.0,34.0,25.0,581.0,60.0,70.0,90.0,160.0,5,2011-01-08,1,2,1,2011,1,8
435,17,3,1,129.0,133.0,251.0,103.0,46.0,33.0,564.0,110.0,80.0,130.0,210.0,5,2011-01-10,1,2,1,2011,1,10
435,17,3,1,114.0,120.0,228.0,94.0,43.0,31.0,540.0,70.0,90.0,110.0,200.0,5,2011-01-12,1,2,1,2011,1,12
435,17,3,1,47.0,73.0,123.0,50.0,26.0,14.0,821.0,50.0,40.0,70.0,110.0,6,2010-01-01,1,6,0,2010,1,1
435,17,3,1,48.0,73.0,123.0,50.0,25.0,14.0,814.0,50.0,40.0,70.0,110.0,6,2010-01-02,1,6,0,2010,1,2
435,17,3,1,47.0,72.0,121.0,49.0,25.0,13.0,809.0,50.0,40.0,70.0,110.0,6,2010-01-03,1,6,0,2010,1,3
435,17,3,1,43.0,68.0,115.0,47.0,25.0,13.0,821.0,50.0,40.0,70.0,110.0,6,2010-01-04,1,6,0,2010,1,4
435,17,3,1,42.0,65.0,109.0,44.0,23.0,12.0,844.0,40.0,40.0,60.0,100.0,6,2010-01-05,1,6,0,2010,1,5
435,17,3,1,34.0,55.0,92.0,37.0,21.0,10.0,876.0,40.0,30.0,50.0,80.0,6,2010-01-06,1,6,0,2010,1,6
435,17,3,1,28.0,49.0,83.0,34.0,21.0,9.0,890.0,30.0,30.0,40.0,70.0,6,2010-01-08,1,6,0,2010,1,8
435,17,3,1,40.0,64.0,108.0,44.0,24.0,12.0,886.0,40.0,40.0,60.0,100.0,6,2010-01-09,1,6,0,2010,1,9
435,17,3,1,37.0,59.0,99.0,40.0,22.0,11.0,881.0,60.0,20.0,60.0,80.0,6,2010-01-10,1,6,0,2010,1,10
435,17,3,1,52.0,78.0,132.0,54.0,26.0,15.0,885.0,50.0,50.0,70.0,120.0,6,2010-01-11,1,6,0,2010,1,11
435,17,3,1,47.0,73.0,123.0,50.0,26.0,14.0,898.0,50.0,40.0,70.0,110.0,6,2010-01-12,1,6,0,2010,1,12
435,17,3,1,73.0,73.0,138.0,50.0,27.0,14.0,821.0,50.0,40.0,70.0,110.0,6,2011-01-01,1,6,0,2011,1,1
435,17,3,1,71.0,73.0,131.0,50.0,25.0,14.0,814.0,50.0,40.0,70.0,110.0,6,2011-01-02,1,6,0,2011,1,2
435,17,3,1,70.0,72.0,129.0,49.0,25.0,13.0,809.0,50.0,40.0,70.0,110.0,6,2011-01-03,1,6,0,2011,1,3
435,17,3,1,64.0,68.0,123.0,47.0,25.0,13.0,821.0,50.0,40.0,70.0,110.0,6,2011-01-04,1,6,0,2011,1,4
435,17,3,1,58.0,65.0,108.0,44.0,21.0,12.0,844.0,40.0,40.0,60.0,100.0,6,2011-01-05,1,6,0,2011,1,5
435,17,3,1,47.0,55.0,91.0,37.0,20.0,10.0,876.0,40.0,30.0,50.0,80.0,6,2011-01-06,1,6,0,2011,1,6
435,17,3,1,43.0,52.0,86.0,35.0,20.0,9.0,894.0,40.0,30.0,50.0,80.0,6,2011-01-07,1,6,0,2011,1,7
435,17,3,1,39.0,49.0,82.0,34.0,20.0,9.0,890.0,30.0,30.0,40.0,70.0,6,2011-01-08,1,6,0,2011,1,8
435,17,3,1,59.0,64.0,115.0,44.0,24.0,12.0,886.0,40.0,40.0,60.0,100.0,6,2011-01-09,1,6,0,2011,1,9
435,17,3,1,55.0,59.0,106.0,40.0,22.0,11.0,881.0,60.0,20.0,60.0,80.0,6,2011-01-10,1,6,0,2011,1,10
435,17,3,1,77.0,78.0,141.0,54.0,26.0,15.0,885.0,50.0,50.0,70.0,120.0,6,2011-01-11,1,6,0,2011,1,11
435,17,3,1,70.0,73.0,131.0,50.0,26.0,14.0,898.0,50.0,40.0,70.0,110.0,6,2011-01-12,1,6,0,2011,1,12
435,17,3,1,24.0,60.0,101.0,41.0,36.0,13.0,236.0,30.0,30.0,50.0,80.0,8,2010-01-02,2,3,0,2010,1,2
435,17,3,1,28.0,64.0,107.0,43.0,36.0,13.0,231.0,40.0,30.0,60.0,90.0,8,2010-01-03,2,3,0,2010,1,3
435,17,3,1,34.0,72.0,121.0,49.0,38.0,15.0,241.0,30.0,40.0,60.0,100.0,8,2010-01-04,2,3,0,2010,1,4
435,17,3,1,34.0,74.0,125.0,51.0,40.0,16.0,265.0,40.0,40.0,70.0,110.0,8,2010-01-05,2,3,0,2010,1,5
435,17,3,1,42.0,82.0,138.0,56.0,40.0,17.0,302.0,50.0,40.0,80.0,120.0,8,2010-01-06,2,3,0,2010,1,6
435,17,3,1,48.0,90.0,151.0,61.0,42.0,19.0,329.0,60.0,50.0,80.0,130.0,8,2010-01-07,2,3,0,2010,1,7
435,17,3,1,34.0,71.0,120.0,49.0,37.0,15.0,315.0,40.0,40.0,60.0,100.0,8,2010-01-09,2,3,0,2010,1,9
435,17,3,1,36.0,75.0,127.0,52.0,39.0,16.0,327.0,40.0,40.0,70.0,110.0,8,2010-01-12,2,3,0,2010,1,12
435,17,3,1,33.0,55.0,104.0,38.0,36.0,12.0,241.0,30.0,30.0,50.0,80.0,8,2011-01-01,2,3,0,2011,1,1
435,17,3,1,36.0,60.0,108.0,41.0,36.0,13.0,236.0,30.0,30.0,50.0,80.0,8,2011-01-02,2,3,0,2011,1,2
435,17,3,1,42.0,64.0,114.0,43.0,36.0,13.0,231.0,40.0,30.0,60.0,90.0,8,2011-01-03,2,3,0,2011,1,3
435,17,3,1,47.0,74.0,124.0,51.0,37.0,16.0,265.0,40.0,40.0,70.0,110.0,8,2011-01-05,2,3,0,2011,1,5
435,17,3,1,58.0,82.0,137.0,56.0,37.0,17.0,302.0,50.0,40.0,80.0,120.0,8,2011-01-06,2,3,0,2011,1,6
435,17,3,1,66.0,90.0,150.0,61.0,39.0,19.0,329.0,60.0,50.0,80.0,130.0,8,2011-01-07,2,3,0,2011,1,7
435,17,3,1,68.0,90.0,150.0,61.0,38.0,19.0,322.0,60.0,50.0,80.0,130.0,8,2011-01-08,2,3,0,2011,1,8
435,17,3,1,45.0,67.0,120.0,46.0,37.0,14.0,316.0,30.0,40.0,60.0,100.0,8,2011-01-11,2,3,0,2011,1,11
435,17,3,1,53.0,75.0,135.0,52.0,39.0,16.0,327.0,40.0,40.0,70.0,110.0,8,2011-01-12,2,3,0,2011,1,12
435,17,3,1,25.0,72.0,120.0,48.0,47.0,15.0,372.0,30.0,40.0,60.0,100.0,9,2010-01-01,2,10,0,2010,1,1
435,17,3,1,24.0,69.0,114.0,45.0,45.0,14.0,366.0,40.0,30.0,70.0,100.0,9,2010-01-02,2,10,0,2010,1,2
435,17,3,1,26.0,72.0,119.0,47.0,46.0,15.0,361.0,30.0,40.0,60.0,100.0,9,2010-01-03,2,10,0,2010,1,3
435,17,3,1,28.0,75.0,125.0,50.0,47.0,16.0,372.0,40.0,40.0,70.0,110.0,9,2010-01-04,2,10,0,2010,1,4
435,17,3,1,32.0,80.0,132.0,52.0,48.0,17.0,397.0,40.0,40.0,70.0,110.0,9,2010-01-05,2,10,0,2010,1,5
435,17,3,1,42.0,94.0,156.0,62.0,52.0,20.0,436.0,50.0,50.0,80.0,130.0,9,2010-01-06,2,10,0,2010,1,6
435,17,3,1,44.0,96.0,160.0,64.0,52.0,21.0,467.0,60.0,50.0,90.0,140.0,9,2010-01-07,2,10,0,2010,1,7
435,17,3,1,44.0,96.0,160.0,64.0,52.0,21.0,460.0,60.0,50.0,90.0,140.0,9,2010-01-08,2,10,0,2010,1,8
435,17,3,1,34.0,84.0,139.0,55.0,50.0,18.0,453.0,50.0,40.0,80.0,120.0,9,2010-01-09,2,10,0,2010,1,9
435,17,3,1,23.0,69.0,114.0,45.0,46.0,14.0,447.0,60.0,20.0,70.0,90.0,9,2010-01-10,2,10,0,2010,1,10
435,17,3,1,20.0,66.0,109.0,43.0,46.0,14.0,452.0,30.0,40.0,60.0,100.0,9,2010-01-11,2,10,0,2010,1,11
435,17,3,1,39.0,72.0,134.0,48.0,49.0,15.0,372.0,30.0,40.0,60.0,100.0,9,2011-01-01,2,10,0,2011,1,1
435,17,3,1,36.0,69.0,121.0,45.0,45.0,14.0,366.0,40.0,30.0,70.0,100.0,9,2011-01-02,2,10,0,2011,1,2
435,17,3,1,39.0,72.0,127.0,47.0,46.0,15.0,361.0,30.0,40.0,60.0,100.0,9,2011-01-03,2,10,0,2011,1,3
435,17,3,1,42.0,75.0,133.0,50.0,47.0,16.0,372.0,40.0,40.0,70.0,110.0,9,2011-01-04,2,10,0,2011,1,4
435,17,3,1,44.0,80.0,131.0,52.0,45.0,17.0,397.0,40.0,40.0,70.0,110.0,9,2011-01-05,2,10,0,2011,1,5
435,17,3,1,61.0,96.0,159.0,64.0,48.0,21.0,467.0,60.0,50.0,90.0,140.0,9,2011-01-07,2,10,0,2011,1,7
435,17,3,1,61.0,96.0,159.0,64.0,48.0,21.0,460.0,60.0,50.0,90.0,140.0,9,2011-01-08,2,10,0,2011,1,8
435,17,3,1,50.0,84.0,148.0,55.0,50.0,18.0,453.0,50.0,40.0,80.0,120.0,9,2011-01-09,2,10,0,2011,1,9
435,17,3,1,34.0,69.0,121.0,45.0,46.0,14.0,447.0,60.0,20.0,70.0,90.0,9,2011-01-10,2,10,0,2011,1,10
435,17,3,1,30.0,66.0,116.0,43.0,46.0,14.0,452.0,30.0,40.0,60.0,100.0,9,2011-01-11,2,10,0,2011,1,11
435,17,3,1,42.0,74.0,130.0,48.0,46.0,15.0,462.0,40.0,40.0,70.0,110.0,9,2011-01-12,2,10,0,2011,1,12
435,17,3,1,-40.0,11.0,99.0,88.0,51.0,27.0,525.0,-30.0,70.0,10.0,80.0,10,2010-01-01,2,11,0,2010,1,1
435,17,3,1,-31.0,18.0,102.0,84.0,49.0,26.0,625.0,-30.0,70.0,10.0,80.0,10,2010-01-02,2,11,0,2010,1,2
435,17,3,1,-11.0,40.0,133.0,93.0,51.0,28.0,840.0,0.0,70.0,40.0,110.0,10,2010-01-04,2,11,0,2010,1,4
435,17,3,1,-15.0,38.0,136.0,98.0,53.0,30.0,973.0,-10.0,80.0,30.0,110.0,10,2010-01-05,2,11,0,2010,1,5
435,17,3,1,-33.0,25.0,141.0,116.0,58.0,35.0,1142.0,-10.0,90.0,30.0,120.0,10,2010-01-06,2,11,0,2010,1,6
435,17,3,1,-27.0,23.0,109.0,86.0,50.0,26.0,1698.0,0.0,60.0,20.0,80.0,10,2010-01-10,2,11,0,2010,1,10
435,17,3,1,17.0,68.0,160.0,92.0,51.0,28.0,1898.0,20.0,80.0,60.0,140.0,10,2010-01-12,2,11,0,2010,1,12
435,17,3,1,-62.0,11.0,111.0,88.0,54.0,27.0,525.0,-30.0,70.0,10.0,80.0,10,2011-01-01,2,11,0,2011,1,1
435,17,3,1,-46.0,18.0,109.0,84.0,49.0,26.0,625.0,-30.0,70.0,10.0,80.0,10,2011-01-02,2,11,0,2011,1,2
435,17,3,1,-16.0,40.0,142.0,93.0,51.0,28.0,840.0,0.0,70.0,40.0,110.0,10,2011-01-04,2,11,0,2011,1,4
435,17,3,1,-46.0,25.0,140.0,116.0,54.0,35.0,1142.0,-10.0,90.0,30.0,120.0,10,2011-01-06,2,11,0,2011,1,6
435,17,3,1,-67.0,11.0,123.0,104.0,56.0,32.0,1574.0,-20.0,80.0,20.0,100.0,10,2011-01-09,2,11,0,2011,1,9
435,17,3,1,-40.0,23.0,116.0,86.0,50.0,26.0,1698.0,0.0,60.0,20.0,80.0,10,2011-01-10,2,11,0,2011,1,10
435,17,3,1,-12.0,40.0,130.0,82.0,48.0,25.0,1804.0,0.0,70.0,40.0,110.0,10,2011-01-11,2,11,0,2011,1,11
435,17,3,1,25.0,68.0,171.0,92.0,51.0,28.0,1898.0,20.0,80.0,60.0,140.0,10,2011-01-12,2,11,0,2011,1,12
435,17,3,1,-10.0,53.0,90.0,37.0,63.0,34.0,261.0,0.0,20.0,40.0,60.0,11,2010-01-01,3,5,1,2010,1,1
435,17,3,1,-7.0,61.0,104.0,43.0,68.0,39.0,256.0,10.0,20.0,50.0,70.0,11,2010-01-02,3,5,1,2010,1,2
435,17,3,1,-6.0,63.0,107.0,44.0,69.0,40.0,261.0,10.0,20.0,50.0,70.0,11,2010-01-04,3,5,1,2010,1,4
435,17,3,1,-8.0,61.0,104.0,43.0,69.0,39.0,282.0,10.0,20.0,50.0,70.0,11,2010-01-05,3,5,1,2010,1,5
435,17,3,1,0.0,82.0,141.0,59.0,82.0,53.0,338.0,10.0,30.0,60.0,90.0,11,2010-01-07,3,5,1,2010,1,7
435,17,3,1,-7.0,62.0,106.0,44.0,69.0,40.0,325.0,10.0,20.0,50.0,70.0,11,2010-01-09,3,5,1,2010,1,9
435,17,3,1,-7.0,62.0,106.0,44.0,69.0,40.0,325.0,-10.0,30.0,40.0,70.0,11,2010-01-11,3,5,1,2010,1,11
435,17,3,1,-4.0,69.0,118.0,49.0,73.0,44.0,335.0,0.0,30.0,50.0,80.0,11,2010-01-12,3,5,1,2010,1,12
435,17,3,1,-16.0,53.0,101.0,37.0,66.0,34.0,261.0,0.0,20.0,40.0,60.0,11,2011-01-01,3,5,1,2011,1,1
435,17,3,1,-10.0,63.0,114.0,44.0,70.0,40.0,251.0,10.0,20.0,50.0,70.0,11,2011-01-03,3,5,1,2011,1,3
435,17,3,1,-9.0,63.0,114.0,44.0,69.0,40.0,261.0,10.0,20.0,50.0,70.0,11,2011-01-04,3,5,1,2011,1,4
435,17,3,1,-11.0,61.0,103.0,43.0,64.0,39.0,282.0,10.0,20.0,50.0,70.0,11,2011-01-05,3,5,1,2011,1,5
435,17,3,1,-4.0,73.0,124.0,52.0,71.0,47.0,313.0,0.0,30.0,50.0,80.0,11,2011-01-06,3,5,1,2011,1,6
435,17,3,1,3.0,88.0,150.0,63.0,80.0,57.0,332.0,10.0,40.0,60.0,100.0,11,2011-01-08,3,5,1,2011,1,8
435,17,3,1,-9.0,64.0,116.0,45.0,70.0,41.0,320.0,20.0,10.0,40.0,50.0,11,2011-01-10,3,5,1,2011,1,10
435,17,3,1,-10.0,62.0,113.0,44.0,69.0,40.0,325.0,-10.0,30.0,40.0,70.0,11,2011-01-11,3,5,1,2011,1,11
435,17,3,1,-6.0,69.0,126.0,49.0,73.0,44.0,335.0,0.0,30.0,50.0,80.0,11,2011-01-12,3,5,1,2011,1,12
435,17,3,1,9.0,47.0,82.0,35.0,38.0,11.0,196.0,10.0,20.0,30.0,50.0,12,2010-01-01,3,8,1,2010,1,1
435,17,3,1,9.0,47.0,82.0,35.0,38.0,11.0,191.0,10.0,20.0,30.0,50.0,12,2010-01-02,3,8,1,2010,1,2
435,17,3,1,10.0,49.0,85.0,36.0,39.0,11.0,187.0,10.0,20.0,30.0,50.0,12,2010-01-03,3,8,1,2010,1,3
435,17,3,1,11.0,51.0,88.0,37.0,40.0,12.0,195.0,10.0,20.0,30.0,50.0,12,2010-01-04,3,8,1,2010,1,4
435,17,3,1,14.0,53.0,92.0,39.0,39.0,12.0,212.0,20.0,20.0,40.0,60.0,12,2010-01-05,3,8,1,2010,1,5
435,17,3,1,17.0,59.0,103.0,44.0,42.0,14.0,258.0,30.0,20.0,50.0,70.0,12,2010-01-07,3,8,1,2010,1,7
435,17,3,1,19.0,60.0,105.0,45.0,41.0,14.0,253.0,30.0,20.0,50.0,70.0,12,2010-01-08,3,8,1,2010,1,8
435,17,3,1,14.0,53.0,92.0,39.0,39.0,12.0,244.0,20.0,10.0,30.0,40.0,12,2010-01-10,3,8,1,2010,1,10
435,17,3,1,9.0,47.0,82.0,35.0,38.0,11.0,248.0,10.0,20.0,30.0,50.0,12,2010-01-11,3,8,1,2010,1,11
435,17,3,1,19.0,53.0,91.0,39.0,36.0,12.0,212.0,20.0,20.0,40.0,60.0,12,2011-01-05,3,8,1,2011,1,5
435,17,3,1,19.0,55.0,95.0,41.0,38.0,13.0,239.0,20.0,20.0,40.0,60.0,12,2011-01-06,3,8,1,2011,1,6
435,17,3,1,26.0,60.0,104.0,45.0,38.0,14.0,253.0,30.0,20.0,50.0,70.0,12,2011-01-08,3,8,1,2011,1,8
435,17,3,1,18.0,52.0,97.0,39.0,40.0,12.0,248.0,20.0,20.0,40.0,60.0,12,2011-01-09,3,8,1,2011,1,9
435,17,3,1,21.0,53.0,98.0,39.0,39.0,12.0,244.0,20.0,10.0,30.0,40.0,12,2011-01-10,3,8,1,2011,1,10
435,17,3,1,13.0,47.0,87.0,35.0,38.0,11.0,248.0,10.0,20.0,30.0,50.0,12,2011-01-11,3,8,1,2011,1,11
435,17,3,1,18.0,51.0,95.0,38.0,39.0,12.0,256.0,10.0,20.0,40.0,60.0,12,2011-01-12,3,8,1,2011,1,12
435,17,3,1,44.0,68.0,114.0,46.0,24.0,12.0,777.0,40.0,40.0,60.0,100.0,4,2010-01-01,1,1,1,2010,1,1
435,17,3,1,38.0,61.0,103.0,42.0,23.0,11.0,771.0,30.0,40.0,50.0,90.0,4,2010-01-02,1,1,1,2010,1,2
435,17,3,1,45.0,70.0,118.0,48.0,25.0,13.0,766.0,50.0,40.0,70.0,110.0,4,2010-01-03,1,1,1,2010,1,3
435,17,3,1,43.0,67.0,112.0,45.0,24.0,12.0,777.0,40.0,40.0,60.0,100.0,4,2010-01-04,1,1,1,2010,1,4
435,17,3,1,36.0,58.0,97.0,39.0,22.0,10.0,799.0,50.0,30.0,60.0,90.0,4,2010-01-05,1,1,1,2010,1,5
435,17,3,1,31.0,53.0,89.0,36.0,22.0,10.0,828.0,40.0,30.0,50.0,80.0,4,2010-01-06,1,1,1,2010,1,6
435,17,3,1,27.0,47.0,79.0,32.0,20.0,8.0,837.0,30.0,30.0,40.0,70.0,4,2010-01-09,1,1,1,2010,1,9
435,17,3,1,27.0,48.0,81.0,33.0,21.0,9.0,836.0,30.0,30.0,40.0,70.0,4,2010-01-11,1,1,1,2010,1,11
435,17,3,1,26.0,46.0,77.0,31.0,20.0,8.0,844.0,30.0,30.0,40.0,70.0,4,2010-01-12,1,1,1,2010,1,12
435,17,3,1,69.0,68.0,128.0,46.0,25.0,12.0,777.0,40.0,40.0,60.0,100.0,4,2011-01-01,1,1,1,2011,1,1
435,17,3,1,56.0,61.0,110.0,42.0,23.0,11.0,771.0,30.0,40.0,50.0,90.0,4,2011-01-02,1,1,1,2011,1,2
435,17,3,1,64.0,67.0,119.0,45.0,24.0,12.0,777.0,40.0,40.0,60.0,100.0,4,2011-01-04,1,1,1,2011,1,4
435,17,3,1,50.0,58.0,96.0,39.0,20.0,10.0,799.0,50.0,30.0,60.0,90.0,4,2011-01-05,1,1,1,2011,1,5
435,17,3,1,43.0,53.0,88.0,36.0,20.0,10.0,828.0,40.0,30.0,50.0,80.0,4,2011-01-06,1,1,1,2011,1,6
435,17,3,1,50.0,57.0,95.0,39.0,20.0,10.0,845.0,50.0,30.0,60.0,90.0,4,2011-01-07,1,1,1,2011,1,7
435,17,3,1,39.0,48.0,79.0,32.0,19.0,8.0,841.0,30.0,30.0,40.0,70.0,4,2011-01-08,1,1,1,2011,1,8
435,17,3,1,40.0,47.0,84.0,32.0,20.0,8.0,837.0,30.0,30.0,40.0,70.0,4,2011-01-09,1,1,1,2011,1,9
435,17,3,1,42.0,47.0,84.0,32.0,19.0,8.0,833.0,40.0,20.0,40.0,60.0,4,2011-01-10,1,1,1,2011,1,10
435,17,3,1,40.0,48.0,86.0,33.0,21.0,9.0,836.0,30.0,30.0,40.0,70.0,4,2011-01-11,1,1,1,2011,1,11
435,17,3,1,39.0,46.0,82.0,31.0,20.0,8.0,844.0,30.0,30.0,40.0,70.0,4,2011-01-12,1,1,1,2011,1,12
440,13,0,0,26.0,71.0,123.0,52.0,45.0,17.0,405.0,60.0,40.0,70.0,110.0,1,2010-01-10,0,0,1,2010,1,10
440,13,0,0,-2.0,75.0,128.0,53.0,77.0,48.0,458.0,20.0,50.0,80.0,130.0,3,2010-01-05,0,7,0,2010,1,5
440,13,0,0,-6.0,73.0,133.0,52.0,77.0,47.0,421.0,20.0,50.0,80.0,130.0,3,2011-01-03,0,7,0,2011,1,3
440,13,0,0,107.0,182.0,363.0,181.0,75.0,50.0,1283.0,170.0,230.0,230.0,460.0,5,2010-01-11,1,2,1,2010,1,11
440,13,0,0,115.0,149.0,295.0,149.0,61.0,41.0,1245.0,120.0,170.0,180.0,350.0,5,2011-01-06,1,2,1,2011,1,6
440,13,0,0,129.0,155.0,330.0,155.0,68.0,43.0,1280.0,130.0,170.0,190.0,360.0,5,2011-01-09,1,2,1,2011,1,9
440,13,0,0,43.0,48.0,85.0,32.0,19.0,8.0,482.0,30.0,30.0,40.0,70.0,8,2011-01-11,2,3,0,2011,1,11
440,13,0,0,32.0,42.0,70.0,29.0,18.0,8.0,835.0,40.0,20.0,40.0,60.0,9,2011-01-05,2,10,0,2011,1,5
440,13,0,0,43.0,49.0,87.0,33.0,20.0,9.0,870.0,30.0,30.0,40.0,70.0,9,2011-01-12,2,10,0,2011,1,12
440,13,0,0,87.0,150.0,249.0,99.0,63.0,32.0,798.0,70.0,80.0,130.0,210.0,11,2010-01-09,3,5,1,2010,1,9
469,16,2,0,265.0,288.0,527.0,244.0,89.0,75.0,1213.0,270.0,300.0,360.0,660.0,2,2011-01-06,0,4,1,2011,1,6
469,16,2,0,54.0,68.0,119.0,52.0,27.0,17.0,554.0,70.0,60.0,90.0,150.0,3,2011-01-08,0,7,0,2011,1,8
469,16,2,0,99.0,136.0,230.0,94.0,37.0,26.0,562.0,90.0,80.0,110.0,190.0,6,2010-01-06,1,6,0,2010,1,6
469,16,2,0,145.0,145.0,243.0,100.0,37.0,28.0,598.0,110.0,80.0,130.0,210.0,6,2011-01-08,1,6,0,2011,1,8
469,16,2,0,28.0,73.0,127.0,54.0,45.0,17.0,424.0,30.0,50.0,60.0,110.0,8,2010-01-12,2,3,0,2010,1,12
469,16,2,0,42.0,64.0,114.0,43.0,36.0,13.0,424.0,30.0,40.0,60.0,100.0,9,2011-01-09,2,10,0,2011,1,9
475,2,1,1,115.0,186.0,310.0,124.0,71.0,40.0,961.0,130.0,110.0,180.0,290.0,2,2010-01-01,0,4,1,2010,1,1
475,2,1,1,114.0,186.0,309.0,123.0,72.0,40.0,932.0,130.0,110.0,180.0,290.0,2,2010-01-03,0,4,1,2010,1,3
475,2,1,1,79.0,140.0,232.0,92.0,61.0,30.0,1102.0,100.0,80.0,140.0,220.0,2,2010-01-06,0,4,1,2010,1,6
475,2,1,1,75.0,135.0,225.0,90.0,60.0,29.0,1139.0,90.0,80.0,130.0,210.0,2,2010-01-08,0,4,1,2010,1,8
475,2,1,1,135.0,165.0,273.0,110.0,62.0,36.0,1020.0,110.0,100.0,160.0,260.0,2,2011-01-05,0,4,1,2011,1,5
475,2,1,1,35.0,56.0,94.0,38.0,21.0,10.0,777.0,40.0,40.0,60.0,100.0,13,2010-01-01,3,9,1,2010,1,1
475,2,1,1,21.0,39.0,66.0,27.0,18.0,7.0,772.0,40.0,20.0,50.0,70.0,13,2010-01-02,3,9,1,2010,1,2
475,2,1,1,18.0,37.0,62.0,25.0,19.0,7.0,775.0,30.0,20.0,40.0,60.0,13,2010-01-04,3,9,1,2010,1,4
475,2,1,1,17.0,34.0,57.0,23.0,17.0,6.0,787.0,30.0,20.0,40.0,60.0,13,2010-01-05,3,9,1,2010,1,5
475,2,1,1,55.0,56.0,105.0,38.0,22.0,10.0,777.0,40.0,40.0,60.0,100.0,13,2011-01-01,3,9,1,2011,1,1
475,2,1,1,27.0,37.0,66.0,25.0,19.0,7.0,769.0,30.0,20.0,40.0,60.0,13,2011-01-03,3,9,1,2011,1,3
475,2,1,1,21.0,31.0,51.0,20.0,15.0,5.0,804.0,20.0,20.0,30.0,50.0,13,2011-01-06,3,9,1,2011,1,6
475,2,1,1,3.0,90.0,154.0,64.0,87.0,58.0,551.0,20.0,60.0,90.0,150.0,5,2010-01-05,1,2,1,2010,1,5
475,2,1,1,-2.0,76.0,131.0,55.0,78.0,49.0,627.0,10.0,50.0,70.0,120.0,5,2010-01-12,1,2,1,2010,1,12
475,2,1,1,-7.0,66.0,112.0,47.0,66.0,42.0,622.0,20.0,40.0,70.0,110.0,5,2011-01-07,1,2,1,2011,1,7
475,2,1,1,-11.0,61.0,104.0,44.0,64.0,39.0,617.0,10.0,40.0,60.0,100.0,5,2011-01-08,1,2,1,2011,1,8
475,2,1,1,3.0,86.0,157.0,61.0,84.0,55.0,613.0,10.0,60.0,80.0,140.0,5,2011-01-11,1,2,1,2011,1,11
475,2,1,1,30.0,75.0,130.0,55.0,45.0,18.0,312.0,40.0,50.0,70.0,120.0,6,2010-01-01,1,6,0,2010,1,1
475,2,1,1,24.0,68.0,119.0,51.0,44.0,16.0,311.0,40.0,40.0,70.0,110.0,6,2010-01-04,1,6,0,2010,1,4
475,2,1,1,19.0,62.0,108.0,46.0,43.0,15.0,367.0,30.0,40.0,60.0,100.0,6,2010-01-06,1,6,0,2010,1,6
475,2,1,1,41.0,107.0,193.0,86.0,66.0,32.0,484.0,50.0,60.0,90.0,150.0,9,2010-01-02,2,10,0,2010,1,2
475,2,1,1,27.0,85.0,153.0,68.0,58.0,25.0,619.0,20.0,50.0,60.0,110.0,9,2010-01-12,2,10,0,2010,1,12
475,2,1,1,61.0,107.0,206.0,86.0,66.0,32.0,484.0,50.0,60.0,90.0,150.0,9,2011-01-02,2,10,0,2011,1,2
475,2,1,1,46.0,96.0,171.0,77.0,59.0,29.0,529.0,40.0,50.0,80.0,130.0,9,2011-01-05,2,10,0,2011,1,5
475,2,1,1,56.0,102.0,196.0,82.0,64.0,31.0,601.0,30.0,60.0,70.0,130.0,9,2011-01-11,2,10,0,2011,1,11
475,2,1,1,47.0,92.0,170.0,78.0,45.0,24.0,965.0,50.0,50.0,80.0,130.0,10,2010-01-01,2,11,0,2010,1,1
475,2,1,1,38.0,80.0,148.0,68.0,42.0,21.0,998.0,40.0,50.0,60.0,110.0,10,2010-01-05,2,11,0,2010,1,5
475,2,1,1,36.0,77.0,142.0,65.0,41.0,20.0,1042.0,50.0,40.0,70.0,110.0,10,2010-01-06,2,11,0,2010,1,6
475,2,1,1,33.0,74.0,136.0,62.0,41.0,19.0,1059.0,40.0,40.0,60.0,100.0,10,2010-01-09,2,11,0,2010,1,9
475,2,1,1,38.0,81.0,150.0,69.0,43.0,21.0,1060.0,30.0,50.0,50.0,100.0,10,2010-01-11,2,11,0,2010,1,11
475,2,1,1,36.0,76.0,139.0,63.0,40.0,19.0,1075.0,40.0,40.0,60.0,100.0,10,2010-01-12,2,11,0,2010,1,12
475,2,1,1,68.0,89.0,174.0,74.0,43.0,22.0,949.0,50.0,50.0,70.0,120.0,10,2011-01-03,2,11,0,2011,1,3
475,2,1,1,68.0,91.0,178.0,76.0,45.0,23.0,965.0,60.0,50.0,80.0,130.0,10,2011-01-04,2,11,0,2011,1,4
475,2,1,1,33.0,60.0,109.0,50.0,33.0,15.0,1064.0,30.0,30.0,50.0,80.0,10,2011-01-08,2,11,0,2011,1,8
475,2,1,1,47.0,73.0,123.0,50.0,26.0,14.0,821.0,60.0,50.0,80.0,130.0,11,2010-01-01,3,5,1,2010,1,1
475,2,1,1,48.0,73.0,123.0,50.0,25.0,14.0,814.0,60.0,50.0,80.0,130.0,11,2010-01-02,3,5,1,2010,1,2
475,2,1,1,71.0,73.0,131.0,50.0,25.0,14.0,814.0,60.0,50.0,80.0,130.0,11,2011-01-02,3,5,1,2011,1,2
475,2,1,1,58.0,65.0,108.0,44.0,21.0,12.0,844.0,50.0,40.0,70.0,110.0,11,2011-01-05,3,5,1,2011,1,5
475,2,1,1,53.0,59.0,106.0,40.0,23.0,11.0,881.0,50.0,40.0,60.0,100.0,11,2011-01-10,3,5,1,2011,1,10
503,15,3,1,-3.0,73.0,125.0,52.0,76.0,47.0,421.0,30.0,60.0,90.0,150.0,1,2010-01-03,0,0,1,2010,1,3
503,15,3,1,-2.0,75.0,128.0,53.0,77.0,48.0,458.0,40.0,60.0,100.0,160.0,1,2010-01-05,0,0,1,2010,1,5
503,15,3,1,-7.0,65.0,112.0,47.0,72.0,42.0,521.0,20.0,50.0,80.0,130.0,1,2010-01-12,0,0,1,2010,1,12
503,15,3,1,2.0,87.0,168.0,63.0,90.0,57.0,435.0,40.0,70.0,110.0,180.0,1,2011-01-01,0,0,1,2011,1,1
503,15,3,1,-4.0,73.0,133.0,52.0,76.0,47.0,433.0,30.0,60.0,90.0,150.0,1,2011-01-04,0,0,1,2011,1,4
503,15,3,1,-8.0,63.0,106.0,44.0,64.0,40.0,496.0,30.0,50.0,80.0,130.0,1,2011-01-06,0,0,1,2011,1,6
503,15,3,1,-14.0,56.0,94.0,39.0,61.0,36.0,517.0,20.0,40.0,70.0,110.0,1,2011-01-07,0,0,1,2011,1,7
503,15,3,1,-4.0,74.0,134.0,52.0,77.0,47.0,509.0,30.0,60.0,90.0,150.0,1,2011-01-09,0,0,1,2011,1,9
503,15,3,1,-7.0,71.0,130.0,51.0,76.0,46.0,503.0,50.0,70.0,100.0,170.0,1,2011-01-10,0,0,1,2011,1,10
503,15,3,1,28.0,93.0,160.0,67.0,65.0,22.0,400.0,60.0,80.0,120.0,200.0,2,2010-01-01,0,4,1,2010,1,1
503,15,3,1,25.0,90.0,155.0,65.0,65.0,21.0,392.0,50.0,80.0,110.0,190.0,2,2010-01-02,0,4,1,2010,1,2
503,15,3,1,24.0,87.0,149.0,62.0,63.0,20.0,385.0,60.0,70.0,110.0,180.0,2,2010-01-03,0,4,1,2010,1,3
503,15,3,1,8.0,70.0,119.0,49.0,62.0,16.0,399.0,30.0,60.0,80.0,140.0,2,2010-01-04,0,4,1,2010,1,4
503,15,3,1,1.0,57.0,98.0,41.0,56.0,13.0,482.0,20.0,40.0,70.0,110.0,2,2010-01-12,0,4,1,2010,1,12
503,15,3,1,44.0,93.0,179.0,67.0,68.0,22.0,400.0,60.0,80.0,120.0,200.0,2,2011-01-01,0,4,1,2011,1,1
503,15,3,1,37.0,90.0,165.0,65.0,65.0,21.0,392.0,50.0,80.0,110.0,190.0,2,2011-01-02,0,4,1,2011,1,2
503,15,3,1,6.0,65.0,111.0,47.0,57.0,15.0,456.0,40.0,50.0,90.0,140.0,2,2011-01-06,0,4,1,2011,1,6
503,15,3,1,31.0,84.0,153.0,60.0,63.0,19.0,463.0,90.0,80.0,130.0,210.0,2,2011-01-10,0,4,1,2011,1,10
503,15,3,1,34.0,72.0,121.0,49.0,38.0,15.0,351.0,60.0,60.0,90.0,150.0,3,2010-01-03,0,7,0,2010,1,3
503,15,3,1,28.0,64.0,107.0,43.0,36.0,13.0,363.0,50.0,50.0,80.0,130.0,3,2010-01-04,0,7,0,2010,1,4
503,15,3,1,18.0,51.0,85.0,34.0,33.0,10.0,432.0,40.0,40.0,60.0,100.0,3,2010-01-07,0,7,0,2010,1,7
503,15,3,1,32.0,68.0,114.0,46.0,36.0,14.0,424.0,50.0,50.0,80.0,130.0,3,2010-01-11,0,7,0,2010,1,11
503,15,3,1,25.0,60.0,101.0,41.0,35.0,13.0,435.0,50.0,40.0,80.0,120.0,3,2010-01-12,0,7,0,2010,1,12
503,15,3,1,28.0,55.0,92.0,38.0,33.0,12.0,414.0,40.0,40.0,70.0,110.0,3,2011-01-06,0,7,0,2011,1,6
503,15,3,1,26.0,51.0,84.0,34.0,30.0,10.0,428.0,40.0,40.0,60.0,100.0,3,2011-01-08,0,7,0,2011,1,8
503,15,3,1,42.0,64.0,114.0,43.0,36.0,13.0,424.0,50.0,50.0,80.0,130.0,3,2011-01-09,0,7,0,2011,1,9
503,15,3,1,47.0,68.0,121.0,46.0,36.0,14.0,424.0,50.0,50.0,80.0,130.0,3,2011-01-11,0,7,0,2011,1,11
503,15,3,1,71.0,120.0,206.0,86.0,49.0,26.0,490.0,60.0,50.0,90.0,140.0,13,2010-01-02,3,9,1,2010,1,2
503,15,3,1,105.0,164.0,282.0,118.0,59.0,36.0,636.0,80.0,70.0,120.0,190.0,13,2010-01-06,3,9,1,2010,1,6
503,15,3,1,129.0,195.0,336.0,141.0,66.0,43.0,692.0,90.0,90.0,130.0,220.0,13,2010-01-07,3,9,1,2010,1,7
503,15,3,1,121.0,186.0,320.0,134.0,65.0,41.0,690.0,100.0,90.0,140.0,230.0,13,2010-01-12,3,9,1,2010,1,12
503,15,3,1,145.0,164.0,279.0,118.0,55.0,36.0,636.0,80.0,70.0,120.0,190.0,13,2011-01-06,3,9,1,2011,1,6
503,15,3,1,141.0,161.0,275.0,116.0,55.0,35.0,678.0,70.0,70.0,110.0,180.0,13,2011-01-08,3,9,1,2011,1,8
503,15,3,1,180.0,186.0,341.0,134.0,65.0,41.0,690.0,100.0,90.0,140.0,230.0,13,2011-01-12,3,9,1,2011,1,12
503,15,3,1,33.0,80.0,140.0,60.0,47.0,19.0,336.0,50.0,50.0,80.0,130.0,5,2010-01-01,1,2,1,2010,1,1
503,15,3,1,24.0,68.0,118.0,50.0,44.0,16.0,397.0,40.0,40.0,70.0,110.0,5,2010-01-06,1,2,1,2010,1,6
503,15,3,1,20.0,63.0,110.0,47.0,43.0,15.0,420.0,30.0,40.0,60.0,100.0,5,2010-01-07,1,2,1,2010,1,7
503,15,3,1,19.0,62.0,108.0,46.0,43.0,15.0,415.0,30.0,40.0,60.0,100.0,5,2010-01-08,1,2,1,2010,1,8
503,15,3,1,33.0,79.0,138.0,59.0,46.0,19.0,411.0,50.0,50.0,80.0,130.0,5,2010-01-11,1,2,1,2010,1,11
503,15,3,1,28.0,73.0,127.0,54.0,45.0,17.0,424.0,40.0,50.0,70.0,120.0,5,2010-01-12,1,2,1,2010,1,12
503,15,3,1,51.0,80.0,157.0,60.0,49.0,19.0,336.0,50.0,50.0,80.0,130.0,5,2011-01-01,1,2,1,2011,1,1
503,15,3,1,47.0,77.0,143.0,57.0,45.0,18.0,323.0,40.0,50.0,70.0,120.0,5,2011-01-03,1,2,1,2011,1,3
503,15,3,1,28.0,63.0,109.0,47.0,40.0,15.0,420.0,30.0,40.0,60.0,100.0,5,2011-01-07,1,2,1,2011,1,7
503,15,3,1,42.0,72.0,133.0,53.0,44.0,17.0,410.0,40.0,50.0,70.0,120.0,5,2011-01-09,1,2,1,2011,1,9
503,15,3,1,42.0,73.0,135.0,54.0,45.0,17.0,424.0,40.0,50.0,70.0,120.0,5,2011-01-12,1,2,1,2011,1,12
503,15,3,1,93.0,163.0,325.0,162.0,70.0,45.0,1091.0,100.0,150.0,160.0,310.0,6,2010-01-04,1,6,0,2010,1,4
503,15,3,1,81.0,146.0,291.0,145.0,65.0,40.0,1292.0,90.0,130.0,140.0,270.0,6,2010-01-08,1,6,0,2010,1,8
503,15,3,1,91.0,161.0,322.0,161.0,70.0,45.0,1267.0,110.0,140.0,150.0,290.0,6,2010-01-10,1,6,0,2010,1,10
503,15,3,1,108.0,182.0,363.0,181.0,74.0,50.0,1283.0,120.0,170.0,180.0,350.0,6,2010-01-11,1,6,0,2010,1,11
503,15,3,1,147.0,170.0,362.0,170.0,71.0,47.0,1073.0,100.0,160.0,160.0,320.0,6,2011-01-02,1,6,0,2011,1,2
503,15,3,1,140.0,163.0,346.0,162.0,69.0,45.0,1059.0,100.0,150.0,160.0,310.0,6,2011-01-03,1,6,0,2011,1,3
503,15,3,1,115.0,149.0,295.0,149.0,61.0,41.0,1245.0,90.0,140.0,140.0,280.0,6,2011-01-06,1,6,0,2011,1,6
503,15,3,1,112.0,146.0,288.0,145.0,60.0,40.0,1304.0,90.0,130.0,140.0,270.0,6,2011-01-07,1,6,0,2011,1,7
503,15,3,1,135.0,161.0,343.0,161.0,70.0,45.0,1267.0,110.0,140.0,150.0,290.0,6,2011-01-10,1,6,0,2011,1,10
503,15,3,1,26.0,45.0,75.0,30.0,19.0,8.0,794.0,40.0,20.0,40.0,60.0,8,2010-01-05,2,3,0,2010,1,5
503,15,3,1,24.0,44.0,74.0,30.0,20.0,8.0,829.0,40.0,20.0,40.0,60.0,8,2010-01-07,2,3,0,2010,1,7
503,15,3,1,19.0,38.0,63.0,25.0,19.0,7.0,823.0,20.0,20.0,30.0,50.0,8,2010-01-11,2,3,0,2010,1,11
503,15,3,1,51.0,54.0,101.0,36.0,22.0,10.0,777.0,40.0,30.0,40.0,70.0,8,2011-01-01,2,3,0,2011,1,1
503,15,3,1,42.0,48.0,86.0,33.0,20.0,9.0,772.0,50.0,20.0,50.0,70.0,8,2011-01-02,2,3,0,2011,1,2
503,15,3,1,49.0,55.0,98.0,37.0,22.0,10.0,768.0,50.0,30.0,50.0,80.0,8,2011-01-03,2,3,0,2011,1,3
503,15,3,1,36.0,45.0,74.0,30.0,18.0,8.0,794.0,40.0,20.0,40.0,60.0,8,2011-01-05,2,3,0,2011,1,5
503,15,3,1,33.0,44.0,73.0,30.0,19.0,8.0,829.0,40.0,20.0,40.0,60.0,8,2011-01-07,2,3,0,2011,1,7
503,15,3,1,25.0,36.0,65.0,25.0,19.0,7.0,823.0,30.0,20.0,30.0,50.0,8,2011-01-09,2,3,0,2011,1,9
503,15,3,1,28.0,36.0,64.0,24.0,17.0,6.0,829.0,20.0,20.0,30.0,50.0,8,2011-01-12,2,3,0,2011,1,12
503,15,3,1,29.0,56.0,100.0,44.0,27.0,14.0,623.0,30.0,30.0,50.0,80.0,9,2010-01-01,2,10,0,2010,1,1
503,15,3,1,30.0,56.0,99.0,43.0,26.0,14.0,597.0,30.0,30.0,50.0,80.0,9,2010-01-06,2,10,0,2010,1,6
503,15,3,1,27.0,53.0,94.0,41.0,26.0,13.0,592.0,30.0,30.0,50.0,80.0,9,2010-01-07,2,10,0,2010,1,7
503,15,3,1,45.0,56.0,112.0,44.0,28.0,14.0,623.0,30.0,30.0,50.0,80.0,9,2011-01-01,2,10,0,2011,1,1
503,15,3,1,45.0,56.0,107.0,44.0,26.0,14.0,618.0,30.0,30.0,50.0,80.0,9,2011-01-02,2,10,0,2011,1,2
503,15,3,1,43.0,55.0,104.0,43.0,26.0,14.0,613.0,30.0,30.0,50.0,80.0,9,2011-01-03,2,10,0,2011,1,3
503,15,3,1,41.0,56.0,98.0,43.0,24.0,14.0,597.0,30.0,30.0,50.0,80.0,9,2011-01-06,2,10,0,2011,1,6
503,15,3,1,37.0,53.0,93.0,41.0,24.0,13.0,592.0,30.0,30.0,50.0,80.0,9,2011-01-07,2,10,0,2011,1,7
503,15,3,1,98.0,104.0,197.0,81.0,38.0,26.0,551.0,70.0,70.0,100.0,170.0,9,2011-01-12,2,10,0,2011,1,12
503,15,3,1,15.0,32.0,53.0,21.0,17.0,5.0,454.0,20.0,10.0,20.0,30.0,11,2010-01-04,3,5,1,2010,1,4
503,15,3,1,12.0,29.0,49.0,20.0,17.0,5.0,464.0,20.0,10.0,20.0,30.0,11,2010-01-05,3,5,1,2010,1,5
503,15,3,1,9.0,26.0,44.0,18.0,17.0,5.0,478.0,10.0,10.0,10.0,20.0,11,2010-01-06,3,5,1,2010,1,6
503,15,3,1,9.0,25.0,41.0,16.0,16.0,4.0,484.0,10.0,10.0,10.0,20.0,11,2010-01-08,3,5,1,2010,1,8
503,15,3,1,25.0,34.0,60.0,22.0,17.0,6.0,452.0,20.0,10.0,20.0,30.0,11,2011-01-02,3,5,1,2011,1,2
503,15,3,1,17.0,29.0,49.0,20.0,16.0,5.0,464.0,20.0,10.0,20.0,30.0,11,2011-01-05,3,5,1,2011,1,5
503,15,3,1,12.0,26.0,44.0,18.0,16.0,5.0,486.0,10.0,10.0,10.0,20.0,11,2011-01-07,3,5,1,2011,1,7
503,15,3,1,42.0,48.0,85.0,32.0,20.0,8.0,482.0,30.0,20.0,30.0,50.0,11,2011-01-11,3,5,1,2011,1,11
503,15,3,1,68.0,126.0,210.0,84.0,58.0,27.0,651.0,60.0,50.0,90.0,140.0,12,2010-01-01,3,8,1,2010,1,1
503,15,3,1,68.0,126.0,210.0,84.0,58.0,27.0,632.0,60.0,50.0,90.0,140.0,12,2010-01-03,3,8,1,2010,1,3
503,15,3,1,79.0,141.0,235.0,94.0,62.0,31.0,697.0,50.0,60.0,90.0,150.0,12,2010-01-05,3,8,1,2010,1,5
503,15,3,1,100.0,167.0,278.0,111.0,67.0,36.0,767.0,70.0,70.0,110.0,180.0,12,2010-01-06,3,8,1,2010,1,6
503,15,3,1,104.0,172.0,286.0,114.0,68.0,37.0,822.0,80.0,70.0,120.0,190.0,12,2010-01-07,3,8,1,2010,1,7
503,15,3,1,106.0,126.0,235.0,84.0,61.0,27.0,651.0,60.0,50.0,90.0,140.0,12,2011-01-01,3,8,1,2011,1,1
503,15,3,1,92.0,120.0,213.0,80.0,58.0,26.0,640.0,50.0,50.0,80.0,130.0,12,2011-01-02,3,8,1,2011,1,2
503,15,3,1,108.0,134.0,237.0,88.0,61.0,29.0,653.0,70.0,50.0,100.0,150.0,12,2011-01-04,3,8,1,2011,1,4
503,15,3,1,109.0,141.0,233.0,94.0,58.0,31.0,697.0,50.0,60.0,90.0,150.0,12,2011-01-05,3,8,1,2011,1,5
503,15,3,1,138.0,167.0,276.0,111.0,62.0,36.0,767.0,70.0,70.0,110.0,180.0,12,2011-01-06,3,8,1,2011,1,6
503,15,3,1,129.0,150.0,265.0,99.0,63.0,32.0,798.0,60.0,60.0,100.0,160.0,12,2011-01-09,3,8,1,2011,1,9
503,15,3,1,95.0,123.0,218.0,82.0,59.0,27.0,788.0,50.0,30.0,60.0,90.0,12,2011-01-10,3,8,1,2011,1,10
503,15,3,1,92.0,119.0,210.0,78.0,57.0,25.0,798.0,50.0,50.0,90.0,140.0,12,2011-01-11,3,8,1,2011,1,11
503,15,3,1,16.0,72.0,130.0,58.0,56.0,22.0,338.0,20.0,50.0,70.0,120.0,4,2010-01-01,1,1,1,2010,1,1
503,15,3,1,18.0,73.0,132.0,59.0,55.0,22.0,331.0,20.0,50.0,70.0,120.0,4,2010-01-02,1,1,1,2010,1,2
503,15,3,1,11.0,64.0,115.0,51.0,53.0,19.0,396.0,30.0,40.0,70.0,110.0,4,2010-01-06,1,1,1,2010,1,6
503,15,3,1,6.0,57.0,102.0,45.0,51.0,17.0,409.0,10.0,40.0,50.0,90.0,4,2010-01-09,1,1,1,2010,1,9
503,15,3,1,12.0,66.0,120.0,54.0,54.0,20.0,404.0,40.0,40.0,60.0,100.0,4,2010-01-10,1,1,1,2010,1,10
503,15,3,1,25.0,72.0,145.0,58.0,59.0,22.0,338.0,20.0,50.0,70.0,120.0,4,2011-01-01,1,1,1,2011,1,1
503,15,3,1,22.0,71.0,137.0,58.0,56.0,22.0,325.0,20.0,50.0,70.0,120.0,4,2011-01-03,1,1,1,2011,1,3
503,15,3,1,24.0,69.0,132.0,55.0,53.0,20.0,410.0,30.0,50.0,70.0,120.0,4,2011-01-11,1,1,1,2011,1,11
504,6,2,1,30.0,51.0,86.0,35.0,21.0,9.0,776.0,50.0,40.0,60.0,100.0,2,2010-01-04,0,4,1,2010,1,4
504,6,2,1,46.0,70.0,118.0,48.0,24.0,13.0,839.0,60.0,60.0,80.0,140.0,2,2010-01-08,0,4,1,2010,1,8
504,6,2,1,50.0,56.0,100.0,38.0,22.0,10.0,772.0,60.0,40.0,70.0,110.0,2,2011-01-02,0,4,1,2011,1,2
504,6,2,1,63.0,70.0,117.0,48.0,22.0,13.0,839.0,60.0,60.0,80.0,140.0,2,2011-01-08,0,4,1,2011,1,8
504,6,2,1,44.0,68.0,115.0,47.0,24.0,13.0,772.0,70.0,50.0,90.0,140.0,3,2010-01-02,0,7,0,2010,1,2
504,6,2,1,63.0,91.0,154.0,63.0,28.0,17.0,864.0,100.0,70.0,120.0,190.0,3,2010-01-08,0,7,0,2010,1,8
504,6,2,1,50.0,75.0,126.0,51.0,25.0,14.0,857.0,70.0,60.0,90.0,150.0,3,2010-01-09,0,7,0,2010,1,9
504,6,2,1,28.0,47.0,78.0,31.0,19.0,8.0,856.0,50.0,30.0,60.0,90.0,3,2010-01-11,0,7,0,2010,1,11
504,6,2,1,65.0,68.0,123.0,47.0,24.0,13.0,772.0,70.0,50.0,90.0,140.0,3,2011-01-02,0,7,0,2011,1,2
504,6,2,1,71.0,72.0,129.0,49.0,24.0,13.0,779.0,70.0,60.0,90.0,150.0,3,2011-01-04,0,7,0,2011,1,4
504,6,2,1,80.0,85.0,143.0,59.0,25.0,16.0,870.0,90.0,70.0,110.0,180.0,3,2011-01-07,0,7,0,2011,1,7
504,6,2,1,74.0,75.0,134.0,51.0,25.0,14.0,857.0,70.0,60.0,90.0,150.0,3,2011-01-09,0,7,0,2011,1,9
504,6,2,1,42.0,47.0,83.0,31.0,19.0,8.0,856.0,50.0,30.0,60.0,90.0,3,2011-01-11,0,7,0,2011,1,11
504,6,2,1,65.0,109.0,174.0,65.0,44.0,20.0,372.0,70.0,50.0,90.0,140.0,5,2010-01-02,1,2,1,2010,1,2
504,6,2,1,93.0,105.0,178.0,62.0,42.0,19.0,346.0,70.0,50.0,90.0,140.0,5,2011-01-03,1,2,1,2011,1,3
504,6,2,1,38.0,77.0,129.0,52.0,39.0,16.0,376.0,50.0,40.0,70.0,110.0,6,2010-01-03,1,6,0,2010,1,3
504,6,2,1,21.0,54.0,90.0,36.0,33.0,11.0,458.0,20.0,30.0,40.0,70.0,6,2010-01-08,1,6,0,2010,1,8
504,6,2,1,46.0,68.0,121.0,46.0,37.0,14.0,388.0,40.0,30.0,60.0,90.0,6,2011-01-04,1,6,0,2011,1,4
504,6,2,1,29.0,54.0,89.0,36.0,31.0,11.0,458.0,20.0,30.0,40.0,70.0,6,2011-01-08,1,6,0,2011,1,8
504,6,2,1,61.0,99.0,176.0,77.0,38.0,25.0,581.0,70.0,70.0,100.0,170.0,8,2010-01-08,2,3,0,2010,1,8
504,6,2,1,56.0,67.0,127.0,52.0,29.0,17.0,605.0,50.0,40.0,70.0,110.0,8,2011-01-04,2,3,0,2011,1,4
504,6,2,1,84.0,99.0,174.0,77.0,35.0,25.0,581.0,70.0,70.0,100.0,170.0,8,2011-01-08,2,3,0,2011,1,8
504,6,2,1,40.0,105.0,190.0,85.0,65.0,32.0,494.0,40.0,80.0,100.0,180.0,9,2010-01-01,2,10,0,2010,1,1
504,6,2,1,34.0,98.0,177.0,79.0,64.0,30.0,593.0,60.0,60.0,90.0,150.0,9,2010-01-10,2,10,0,2010,1,10
504,6,2,1,58.0,104.0,201.0,85.0,65.0,32.0,476.0,40.0,80.0,100.0,180.0,9,2011-01-03,2,10,0,2011,1,3
504,6,2,1,8.0,105.0,180.0,75.0,97.0,68.0,522.0,10.0,60.0,90.0,150.0,4,2010-01-01,1,1,1,2010,1,1
504,6,2,1,1.0,86.0,147.0,61.0,85.0,55.0,-906.0,10.0,40.0,70.0,110.0,4,2010-01-11,1,1,1,2010,1,11
504,6,2,1,12.0,105.0,201.0,75.0,102.0,68.0,522.0,10.0,60.0,90.0,150.0,4,2011-01-01,1,1,1,2011,1,1
504,6,2,1,1.0,84.0,153.0,60.0,83.0,54.0,-762.0,10.0,30.0,60.0,90.0,4,2011-01-10,1,1,1,2011,1,10
505,11,2,1,26.0,72.0,120.0,48.0,46.0,15.0,372.0,50.0,60.0,90.0,150.0,2,2010-01-01,0,4,1,2010,1,1
505,11,2,1,24.0,69.0,114.0,45.0,45.0,14.0,366.0,50.0,50.0,90.0,140.0,2,2010-01-02,0,4,1,2010,1,2
505,11,2,1,26.0,72.0,119.0,47.0,46.0,15.0,361.0,50.0,50.0,90.0,140.0,2,2010-01-03,0,4,1,2010,1,3
505,11,2,1,27.0,75.0,125.0,50.0,48.0,16.0,372.0,50.0,60.0,90.0,150.0,2,2010-01-04,0,4,1,2010,1,4
505,11,2,1,31.0,80.0,132.0,52.0,49.0,17.0,397.0,60.0,60.0,100.0,160.0,2,2010-01-05,0,4,1,2010,1,5
505,11,2,1,43.0,94.0,156.0,62.0,51.0,20.0,436.0,80.0,70.0,120.0,190.0,2,2010-01-06,0,4,1,2010,1,6
505,11,2,1,44.0,96.0,160.0,64.0,52.0,21.0,467.0,70.0,80.0,120.0,200.0,2,2010-01-07,0,4,1,2010,1,7
505,11,2,1,44.0,96.0,160.0,64.0,52.0,21.0,460.0,70.0,80.0,120.0,200.0,2,2010-01-08,0,4,1,2010,1,8
505,11,2,1,34.0,84.0,139.0,55.0,50.0,18.0,453.0,70.0,60.0,110.0,170.0,2,2010-01-09,0,4,1,2010,1,9
505,11,2,1,23.0,69.0,114.0,45.0,46.0,14.0,447.0,80.0,50.0,110.0,160.0,2,2010-01-10,0,4,1,2010,1,10
505,11,2,1,20.0,66.0,109.0,43.0,46.0,14.0,452.0,30.0,50.0,70.0,120.0,2,2010-01-11,0,4,1,2010,1,11
505,11,2,1,27.0,74.0,122.0,48.0,47.0,15.0,462.0,50.0,50.0,90.0,140.0,2,2010-01-12,0,4,1,2010,1,12
505,11,2,1,41.0,72.0,134.0,48.0,48.0,15.0,372.0,50.0,60.0,90.0,150.0,2,2011-01-01,0,4,1,2011,1,1
505,11,2,1,36.0,69.0,121.0,45.0,45.0,14.0,366.0,50.0,50.0,90.0,140.0,2,2011-01-02,0,4,1,2011,1,2
505,11,2,1,39.0,72.0,127.0,47.0,46.0,15.0,361.0,50.0,50.0,90.0,140.0,2,2011-01-03,0,4,1,2011,1,3
505,11,2,1,40.0,75.0,133.0,50.0,48.0,16.0,372.0,50.0,60.0,90.0,150.0,2,2011-01-04,0,4,1,2011,1,4
505,11,2,1,43.0,80.0,131.0,52.0,46.0,17.0,397.0,60.0,60.0,100.0,160.0,2,2011-01-05,0,4,1,2011,1,5
505,11,2,1,59.0,94.0,155.0,62.0,47.0,20.0,436.0,80.0,70.0,120.0,190.0,2,2011-01-06,0,4,1,2011,1,6
505,11,2,1,61.0,96.0,159.0,64.0,48.0,21.0,467.0,70.0,80.0,120.0,200.0,2,2011-01-07,0,4,1,2011,1,7
505,11,2,1,61.0,96.0,159.0,64.0,48.0,21.0,460.0,70.0,80.0,120.0,200.0,2,2011-01-08,0,4,1,2011,1,8
505,11,2,1,50.0,84.0,148.0,55.0,50.0,18.0,453.0,70.0,60.0,110.0,170.0,2,2011-01-09,0,4,1,2011,1,9
505,11,2,1,34.0,69.0,121.0,45.0,46.0,14.0,447.0,80.0,50.0,110.0,160.0,2,2011-01-10,0,4,1,2011,1,10
505,11,2,1,30.0,66.0,116.0,43.0,46.0,14.0,452.0,30.0,50.0,70.0,120.0,2,2011-01-11,0,4,1,2011,1,11
505,11,2,1,40.0,74.0,130.0,48.0,47.0,15.0,462.0,50.0,50.0,90.0,140.0,2,2011-01-12,0,4,1,2011,1,12
505,11,2,1,-39.0,11.0,99.0,88.0,50.0,27.0,525.0,-30.0,110.0,10.0,120.0,3,2010-01-01,0,7,0,2010,1,1
505,11,2,1,-31.0,18.0,102.0,84.0,49.0,26.0,625.0,-20.0,100.0,20.0,120.0,3,2010-01-02,0,7,0,2010,1,2
505,11,2,1,-33.0,18.0,106.0,88.0,51.0,27.0,715.0,-20.0,110.0,20.0,130.0,3,2010-01-03,0,7,0,2010,1,3
505,11,2,1,-11.0,40.0,133.0,93.0,51.0,28.0,840.0,10.0,110.0,50.0,160.0,3,2010-01-04,0,7,0,2010,1,4
505,11,2,1,-15.0,38.0,136.0,98.0,53.0,30.0,973.0,10.0,120.0,50.0,170.0,3,2010-01-05,0,7,0,2010,1,5
505,11,2,1,-34.0,25.0,141.0,116.0,59.0,35.0,1142.0,-20.0,140.0,30.0,170.0,3,2010-01-06,0,7,0,2010,1,6
505,11,2,1,-11.0,49.0,169.0,120.0,60.0,37.0,1334.0,10.0,150.0,60.0,210.0,3,2010-01-07,0,7,0,2010,1,7
505,11,2,1,-42.0,19.0,139.0,120.0,61.0,37.0,1439.0,-30.0,150.0,20.0,170.0,3,2010-01-08,0,7,0,2010,1,8
505,11,2,1,-44.0,11.0,115.0,104.0,55.0,32.0,1574.0,-40.0,130.0,10.0,140.0,3,2010-01-09,0,7,0,2010,1,9
505,11,2,1,-26.0,23.0,109.0,86.0,49.0,26.0,1698.0,10.0,110.0,40.0,150.0,3,2010-01-10,0,7,0,2010,1,10
505,11,2,1,-8.0,40.0,122.0,82.0,48.0,25.0,1804.0,10.0,90.0,50.0,140.0,3,2010-01-11,0,7,0,2010,1,11
505,11,2,1,16.0,68.0,160.0,92.0,52.0,28.0,1898.0,40.0,100.0,90.0,190.0,3,2010-01-12,0,7,0,2010,1,12
505,11,2,1,-61.0,11.0,111.0,88.0,52.0,27.0,525.0,-30.0,110.0,10.0,120.0,3,2011-01-01,0,7,0,2011,1,1
505,11,2,1,-46.0,18.0,109.0,84.0,49.0,26.0,625.0,-20.0,100.0,20.0,120.0,3,2011-01-02,0,7,0,2011,1,2
505,11,2,1,-49.0,18.0,113.0,88.0,51.0,27.0,715.0,-20.0,110.0,20.0,130.0,3,2011-01-03,0,7,0,2011,1,3
505,11,2,1,-16.0,40.0,142.0,93.0,51.0,28.0,840.0,10.0,110.0,50.0,160.0,3,2011-01-04,0,7,0,2011,1,4
505,11,2,1,-21.0,38.0,135.0,98.0,49.0,30.0,973.0,10.0,120.0,50.0,170.0,3,2011-01-05,0,7,0,2011,1,5
505,11,2,1,-47.0,25.0,140.0,116.0,55.0,35.0,1142.0,-20.0,140.0,30.0,170.0,3,2011-01-06,0,7,0,2011,1,6
505,11,2,1,-15.0,49.0,167.0,120.0,56.0,37.0,1334.0,10.0,150.0,60.0,210.0,3,2011-01-07,0,7,0,2011,1,7
505,11,2,1,-58.0,19.0,138.0,120.0,57.0,37.0,1439.0,-30.0,150.0,20.0,170.0,3,2011-01-08,0,7,0,2011,1,8
505,11,2,1,-65.0,11.0,123.0,104.0,55.0,32.0,1574.0,-40.0,130.0,10.0,140.0,3,2011-01-09,0,7,0,2011,1,9
505,11,2,1,-39.0,23.0,116.0,86.0,49.0,26.0,1698.0,10.0,110.0,40.0,150.0,3,2011-01-10,0,7,0,2011,1,10
505,11,2,1,-12.0,40.0,130.0,82.0,48.0,25.0,1804.0,10.0,90.0,50.0,140.0,3,2011-01-11,0,7,0,2011,1,11
505,11,2,1,24.0,68.0,171.0,92.0,52.0,28.0,1898.0,40.0,100.0,90.0,190.0,3,2011-01-12,0,7,0,2011,1,12
505,11,2,1,-10.0,53.0,90.0,37.0,63.0,34.0,261.0,-10.0,30.0,40.0,70.0,5,2010-01-01,1,2,1,2010,1,1
505,11,2,1,-7.0,61.0,104.0,43.0,68.0,39.0,256.0,0.0,30.0,50.0,80.0,5,2010-01-02,1,2,1,2010,1,2
505,11,2,1,-7.0,63.0,107.0,44.0,70.0,40.0,251.0,10.0,30.0,60.0,90.0,5,2010-01-03,1,2,1,2010,1,3
505,11,2,1,-6.0,63.0,107.0,44.0,69.0,40.0,261.0,10.0,30.0,60.0,90.0,5,2010-01-04,1,2,1,2010,1,4
505,11,2,1,-7.0,61.0,104.0,43.0,68.0,39.0,282.0,0.0,30.0,50.0,80.0,5,2010-01-05,1,2,1,2010,1,5
505,11,2,1,-3.0,73.0,125.0,52.0,76.0,47.0,313.0,0.0,40.0,60.0,100.0,5,2010-01-06,1,2,1,2010,1,6
505,11,2,1,-1.0,82.0,141.0,59.0,83.0,53.0,338.0,0.0,50.0,70.0,120.0,5,2010-01-07,1,2,1,2010,1,7
505,11,2,1,2.0,88.0,151.0,63.0,86.0,57.0,332.0,0.0,50.0,70.0,120.0,5,2010-01-08,1,2,1,2010,1,8
505,11,2,1,-8.0,62.0,106.0,44.0,70.0,40.0,325.0,10.0,30.0,60.0,90.0,5,2010-01-09,1,2,1,2010,1,9
505,11,2,1,-6.0,64.0,109.0,45.0,70.0,41.0,320.0,10.0,20.0,40.0,60.0,5,2010-01-10,1,2,1,2010,1,10
505,11,2,1,-7.0,62.0,106.0,44.0,69.0,40.0,325.0,0.0,30.0,50.0,80.0,5,2010-01-11,1,2,1,2010,1,11
505,11,2,1,-5.0,69.0,118.0,49.0,74.0,44.0,335.0,10.0,30.0,60.0,90.0,5,2010-01-12,1,2,1,2010,1,12
505,11,2,1,-16.0,53.0,101.0,37.0,66.0,34.0,261.0,-10.0,30.0,40.0,70.0,5,2011-01-01,1,2,1,2011,1,1
505,11,2,1,-10.0,61.0,111.0,43.0,68.0,39.0,256.0,0.0,30.0,50.0,80.0,5,2011-01-02,1,2,1,2011,1,2
505,11,2,1,-10.0,63.0,114.0,44.0,70.0,40.0,251.0,10.0,30.0,60.0,90.0,5,2011-01-03,1,2,1,2011,1,3
505,11,2,1,-9.0,63.0,114.0,44.0,69.0,40.0,261.0,10.0,30.0,60.0,90.0,5,2011-01-04,1,2,1,2011,1,4
505,11,2,1,-10.0,61.0,103.0,43.0,63.0,39.0,282.0,0.0,30.0,50.0,80.0,5,2011-01-05,1,2,1,2011,1,5
505,11,2,1,-4.0,73.0,124.0,52.0,71.0,47.0,313.0,0.0,40.0,60.0,100.0,5,2011-01-06,1,2,1,2011,1,6
505,11,2,1,-1.0,82.0,140.0,59.0,77.0,53.0,338.0,0.0,50.0,70.0,120.0,5,2011-01-07,1,2,1,2011,1,7
505,11,2,1,3.0,88.0,150.0,63.0,80.0,57.0,332.0,0.0,50.0,70.0,120.0,5,2011-01-08,1,2,1,2011,1,8
505,11,2,1,-12.0,62.0,113.0,44.0,70.0,40.0,325.0,10.0,30.0,60.0,90.0,5,2011-01-09,1,2,1,2011,1,9
505,11,2,1,-9.0,64.0,116.0,45.0,70.0,41.0,320.0,10.0,20.0,40.0,60.0,5,2011-01-10,1,2,1,2011,1,10
505,11,2,1,-10.0,62.0,113.0,44.0,69.0,40.0,325.0,0.0,30.0,50.0,80.0,5,2011-01-11,1,2,1,2011,1,11
505,11,2,1,-7.0,69.0,126.0,49.0,74.0,44.0,335.0,10.0,30.0,60.0,90.0,5,2011-01-12,1,2,1,2011,1,12
505,11,2,1,9.0,47.0,82.0,35.0,38.0,11.0,196.0,10.0,30.0,40.0,70.0,6,2010-01-01,1,6,0,2010,1,1
505,11,2,1,8.0,47.0,82.0,35.0,39.0,11.0,191.0,10.0,30.0,40.0,70.0,6,2010-01-02,1,6,0,2010,1,2
505,11,2,1,11.0,49.0,85.0,36.0,38.0,11.0,187.0,10.0,30.0,40.0,70.0,6,2010-01-03,1,6,0,2010,1,3
505,11,2,1,12.0,51.0,88.0,37.0,39.0,12.0,195.0,10.0,30.0,40.0,70.0,6,2010-01-04,1,6,0,2010,1,4
505,11,2,1,14.0,53.0,92.0,39.0,39.0,12.0,212.0,10.0,30.0,40.0,70.0,6,2010-01-05,1,6,0,2010,1,5
505,11,2,1,14.0,55.0,96.0,41.0,41.0,13.0,239.0,20.0,30.0,50.0,80.0,6,2010-01-06,1,6,0,2010,1,6
505,11,2,1,18.0,59.0,103.0,44.0,41.0,14.0,258.0,20.0,30.0,50.0,80.0,6,2010-01-07,1,6,0,2010,1,7
505,11,2,1,18.0,60.0,105.0,45.0,42.0,14.0,253.0,30.0,30.0,60.0,90.0,6,2010-01-08,1,6,0,2010,1,8
505,11,2,1,13.0,52.0,91.0,39.0,39.0,12.0,248.0,10.0,30.0,40.0,70.0,6,2010-01-09,1,6,0,2010,1,9
505,11,2,1,14.0,53.0,92.0,39.0,39.0,12.0,244.0,20.0,20.0,30.0,50.0,6,2010-01-10,1,6,0,2010,1,10
505,11,2,1,8.0,47.0,82.0,35.0,39.0,11.0,248.0,20.0,20.0,40.0,60.0,6,2010-01-11,1,6,0,2010,1,11
505,11,2,1,12.0,51.0,89.0,38.0,39.0,12.0,256.0,0.0,30.0,30.0,60.0,6,2010-01-12,1,6,0,2010,1,12
505,11,2,1,14.0,47.0,92.0,35.0,40.0,11.0,196.0,10.0,30.0,40.0,70.0,6,2011-01-01,1,6,0,2011,1,1
505,11,2,1,12.0,47.0,87.0,35.0,39.0,11.0,191.0,10.0,30.0,40.0,70.0,6,2011-01-02,1,6,0,2011,1,2
505,11,2,1,16.0,49.0,91.0,36.0,38.0,11.0,187.0,10.0,30.0,40.0,70.0,6,2011-01-03,1,6,0,2011,1,3
505,11,2,1,18.0,51.0,94.0,37.0,39.0,12.0,195.0,10.0,30.0,40.0,70.0,6,2011-01-04,1,6,0,2011,1,4
505,11,2,1,19.0,53.0,91.0,39.0,36.0,12.0,212.0,10.0,30.0,40.0,70.0,6,2011-01-05,1,6,0,2011,1,5
505,11,2,1,19.0,55.0,95.0,41.0,38.0,13.0,239.0,20.0,30.0,50.0,80.0,6,2011-01-06,1,6,0,2011,1,6
505,11,2,1,25.0,59.0,102.0,44.0,38.0,14.0,258.0,20.0,30.0,50.0,80.0,6,2011-01-07,1,6,0,2011,1,7
505,11,2,1,25.0,60.0,104.0,45.0,39.0,14.0,253.0,30.0,30.0,60.0,90.0,6,2011-01-08,1,6,0,2011,1,8
505,11,2,1,19.0,52.0,97.0,39.0,39.0,12.0,248.0,10.0,30.0,40.0,70.0,6,2011-01-09,1,6,0,2011,1,9
505,11,2,1,21.0,53.0,98.0,39.0,39.0,12.0,244.0,20.0,20.0,30.0,50.0,6,2011-01-10,1,6,0,2011,1,10
505,11,2,1,12.0,47.0,87.0,35.0,39.0,11.0,248.0,20.0,20.0,40.0,60.0,6,2011-01-11,1,6,0,2011,1,11
505,11,2,1,18.0,51.0,95.0,38.0,39.0,12.0,256.0,0.0,30.0,30.0,60.0,6,2011-01-12,1,6,0,2011,1,12
505,11,2,1,11.0,27.0,45.0,18.0,16.0,5.0,821.0,20.0,10.0,30.0,40.0,8,2010-01-01,2,3,0,2010,1,1
505,11,2,1,10.0,27.0,45.0,18.0,17.0,5.0,818.0,20.0,10.0,30.0,40.0,8,2010-01-02,2,3,0,2010,1,2
505,11,2,1,10.0,27.0,45.0,18.0,17.0,5.0,816.0,20.0,10.0,30.0,40.0,8,2010-01-03,2,3,0,2010,1,3
505,11,2,1,12.0,28.0,47.0,19.0,16.0,5.0,820.0,20.0,10.0,30.0,40.0,8,2010-01-04,2,3,0,2010,1,4
505,11,2,1,12.0,29.0,49.0,20.0,17.0,5.0,829.0,20.0,10.0,30.0,40.0,8,2010-01-05,2,3,0,2010,1,5
505,11,2,1,18.0,35.0,58.0,23.0,17.0,6.0,843.0,20.0,20.0,30.0,50.0,8,2010-01-06,2,3,0,2010,1,6
505,11,2,1,17.0,36.0,61.0,25.0,19.0,7.0,854.0,20.0,20.0,30.0,50.0,8,2010-01-07,2,3,0,2010,1,7
505,11,2,1,19.0,38.0,63.0,25.0,19.0,7.0,851.0,30.0,20.0,40.0,60.0,8,2010-01-08,2,3,0,2010,1,8
505,11,2,1,13.0,29.0,48.0,19.0,16.0,5.0,848.0,20.0,10.0,30.0,40.0,8,2010-01-09,2,3,0,2010,1,9
505,11,2,1,14.0,31.0,52.0,21.0,17.0,5.0,846.0,30.0,10.0,30.0,40.0,8,2010-01-10,2,3,0,2010,1,10
505,11,2,1,9.0,24.0,39.0,15.0,15.0,4.0,848.0,10.0,10.0,20.0,30.0,8,2010-01-11,2,3,0,2010,1,11
505,11,2,1,9.0,25.0,41.0,16.0,16.0,4.0,851.0,10.0,10.0,20.0,30.0,8,2010-01-12,2,3,0,2010,1,12
505,11,2,1,17.0,27.0,50.0,18.0,17.0,5.0,821.0,20.0,10.0,30.0,40.0,8,2011-01-01,2,3,0,2011,1,1
505,11,2,1,15.0,27.0,48.0,18.0,17.0,5.0,818.0,20.0,10.0,30.0,40.0,8,2011-01-02,2,3,0,2011,1,2
505,11,2,1,15.0,27.0,48.0,18.0,17.0,5.0,816.0,20.0,10.0,30.0,40.0,8,2011-01-03,2,3,0,2011,1,3
505,11,2,1,18.0,28.0,50.0,19.0,16.0,5.0,820.0,20.0,10.0,30.0,40.0,8,2011-01-04,2,3,0,2011,1,4
505,11,2,1,17.0,29.0,49.0,20.0,16.0,5.0,829.0,20.0,10.0,30.0,40.0,8,2011-01-05,2,3,0,2011,1,5
505,11,2,1,25.0,35.0,57.0,23.0,16.0,6.0,843.0,20.0,20.0,30.0,50.0,8,2011-01-06,2,3,0,2011,1,6
505,11,2,1,23.0,36.0,60.0,25.0,18.0,7.0,854.0,20.0,20.0,30.0,50.0,8,2011-01-07,2,3,0,2011,1,7
505,11,2,1,26.0,38.0,62.0,25.0,18.0,7.0,851.0,30.0,20.0,40.0,60.0,8,2011-01-08,2,3,0,2011,1,8
505,11,2,1,19.0,29.0,51.0,19.0,16.0,5.0,848.0,20.0,10.0,30.0,40.0,8,2011-01-09,2,3,0,2011,1,9
505,11,2,1,21.0,31.0,55.0,21.0,17.0,5.0,846.0,30.0,10.0,30.0,40.0,8,2011-01-10,2,3,0,2011,1,10
505,11,2,1,13.0,24.0,42.0,15.0,15.0,4.0,848.0,10.0,10.0,20.0,30.0,8,2011-01-11,2,3,0,2011,1,11
505,11,2,1,13.0,25.0,44.0,16.0,16.0,4.0,851.0,10.0,10.0,20.0,30.0,8,2011-01-12,2,3,0,2011,1,12
505,11,2,1,4.0,34.0,62.0,28.0,30.0,8.0,965.0,20.0,20.0,40.0,60.0,9,2010-01-01,2,10,0,2010,1,1
505,11,2,1,5.0,35.0,63.0,28.0,30.0,8.0,961.0,20.0,20.0,40.0,60.0,9,2010-01-02,2,10,0,2010,1,2
505,11,2,1,5.0,35.0,63.0,28.0,30.0,8.0,958.0,20.0,20.0,40.0,60.0,9,2010-01-03,2,10,0,2010,1,3
505,11,2,1,3.0,33.0,61.0,28.0,30.0,8.0,964.0,10.0,20.0,30.0,50.0,9,2010-01-04,2,10,0,2010,1,4
505,11,2,1,7.0,37.0,68.0,31.0,30.0,9.0,976.0,20.0,20.0,40.0,60.0,9,2010-01-05,2,10,0,2010,1,5
505,11,2,1,8.0,38.0,70.0,32.0,30.0,9.0,996.0,10.0,30.0,30.0,60.0,9,2010-01-06,2,10,0,2010,1,6
505,11,2,1,10.0,41.0,75.0,34.0,31.0,10.0,1010.0,20.0,30.0,40.0,70.0,9,2010-01-07,2,10,0,2010,1,7
505,11,2,1,15.0,49.0,90.0,41.0,34.0,12.0,1007.0,20.0,30.0,50.0,80.0,9,2010-01-08,2,10,0,2010,1,8
505,11,2,1,8.0,39.0,72.0,33.0,31.0,10.0,1003.0,20.0,30.0,40.0,70.0,9,2010-01-09,2,10,0,2010,1,9
505,11,2,1,6.0,37.0,68.0,31.0,31.0,9.0,1000.0,30.0,10.0,40.0,50.0,9,2010-01-10,2,10,0,2010,1,10
505,11,2,1,5.0,35.0,64.0,29.0,30.0,8.0,1003.0,10.0,20.0,30.0,50.0,9,2010-01-11,2,10,0,2010,1,11
505,11,2,1,7.0,38.0,69.0,31.0,31.0,9.0,1009.0,20.0,20.0,40.0,60.0,9,2010-01-12,2,10,0,2010,1,12
505,11,2,1,6.0,34.0,69.0,28.0,32.0,8.0,965.0,20.0,20.0,40.0,60.0,9,2011-01-01,2,10,0,2011,1,1
505,11,2,1,7.0,35.0,67.0,28.0,30.0,8.0,961.0,20.0,20.0,40.0,60.0,9,2011-01-02,2,10,0,2011,1,2
505,11,2,1,7.0,35.0,67.0,28.0,30.0,8.0,958.0,20.0,20.0,40.0,60.0,9,2011-01-03,2,10,0,2011,1,3
505,11,2,1,4.0,33.0,65.0,28.0,30.0,8.0,964.0,10.0,20.0,30.0,50.0,9,2011-01-04,2,10,0,2011,1,4
505,11,2,1,10.0,37.0,67.0,31.0,28.0,9.0,976.0,20.0,20.0,40.0,60.0,9,2011-01-05,2,10,0,2011,1,5
505,11,2,1,11.0,38.0,69.0,32.0,28.0,9.0,996.0,10.0,30.0,30.0,60.0,9,2011-01-06,2,10,0,2011,1,6
505,11,2,1,14.0,41.0,74.0,34.0,29.0,10.0,1010.0,20.0,30.0,40.0,70.0,9,2011-01-07,2,10,0,2011,1,7
505,11,2,1,21.0,49.0,89.0,41.0,32.0,12.0,1007.0,20.0,30.0,50.0,80.0,9,2011-01-08,2,10,0,2011,1,8
505,11,2,1,12.0,39.0,77.0,33.0,31.0,10.0,1003.0,20.0,30.0,40.0,70.0,9,2011-01-09,2,10,0,2011,1,9
505,11,2,1,9.0,37.0,72.0,31.0,31.0,9.0,1000.0,30.0,10.0,40.0,50.0,9,2011-01-10,2,10,0,2011,1,10
505,11,2,1,7.0,35.0,68.0,29.0,30.0,8.0,1003.0,10.0,20.0,30.0,50.0,9,2011-01-11,2,10,0,2011,1,11
505,11,2,1,10.0,38.0,74.0,31.0,31.0,9.0,1009.0,20.0,20.0,40.0,60.0,9,2011-01-12,2,10,0,2011,1,12
505,11,2,1,-8.0,36.0,65.0,29.0,44.0,11.0,169.0,0.0,20.0,30.0,50.0,4,2010-01-01,1,1,1,2010,1,1
505,11,2,1,-7.0,38.0,68.0,30.0,45.0,11.0,104.0,0.0,20.0,30.0,50.0,4,2010-01-02,1,1,1,2010,1,2
505,11,2,1,-3.0,42.0,75.0,33.0,45.0,12.0,36.0,10.0,20.0,40.0,60.0,4,2010-01-03,1,1,1,2010,1,3
505,11,2,1,-9.0,36.0,65.0,29.0,45.0,11.0,-39.0,0.0,20.0,30.0,50.0,4,2010-01-04,1,1,1,2010,1,4
505,11,2,1,-4.0,42.0,76.0,34.0,46.0,12.0,-104.0,10.0,20.0,40.0,60.0,4,2010-01-05,1,1,1,2010,1,5
505,11,2,1,-3.0,43.0,78.0,35.0,46.0,13.0,-180.0,0.0,30.0,30.0,60.0,4,2010-01-06,1,1,1,2010,1,6
505,11,2,1,1.0,49.0,89.0,40.0,48.0,15.0,-258.0,10.0,30.0,40.0,70.0,4,2010-01-07,1,1,1,2010,1,7
505,11,2,1,-8.0,36.0,65.0,29.0,44.0,11.0,-347.0,0.0,20.0,30.0,50.0,4,2010-01-08,1,1,1,2010,1,8
505,11,2,1,-12.0,30.0,54.0,24.0,42.0,9.0,-412.0,0.0,20.0,20.0,40.0,4,2010-01-09,1,1,1,2010,1,9
505,11,2,1,-12.0,31.0,56.0,25.0,43.0,9.0,-466.0,10.0,10.0,20.0,30.0,4,2010-01-10,1,1,1,2010,1,10
505,11,2,1,-4.0,42.0,76.0,34.0,46.0,12.0,-522.0,-10.0,20.0,30.0,50.0,4,2010-01-11,1,1,1,2010,1,11
505,11,2,1,-15.0,25.0,45.0,20.0,40.0,7.0,-598.0,-10.0,10.0,20.0,30.0,4,2010-01-12,1,1,1,2010,1,12
505,11,2,1,-12.0,36.0,73.0,29.0,46.0,11.0,169.0,0.0,20.0,30.0,50.0,4,2011-01-01,1,1,1,2011,1,1
505,11,2,1,-10.0,38.0,72.0,30.0,45.0,11.0,104.0,0.0,20.0,30.0,50.0,4,2011-01-02,1,1,1,2011,1,2
505,11,2,1,-4.0,42.0,80.0,33.0,45.0,12.0,36.0,10.0,20.0,40.0,60.0,4,2011-01-03,1,1,1,2011,1,3
505,11,2,1,-13.0,36.0,69.0,29.0,45.0,11.0,-39.0,0.0,20.0,30.0,50.0,4,2011-01-04,1,1,1,2011,1,4
505,11,2,1,-6.0,42.0,75.0,34.0,43.0,12.0,-104.0,10.0,20.0,40.0,60.0,4,2011-01-05,1,1,1,2011,1,5
505,11,2,1,-4.0,43.0,77.0,35.0,43.0,13.0,-180.0,0.0,30.0,30.0,60.0,4,2011-01-06,1,1,1,2011,1,6
505,11,2,1,1.0,49.0,88.0,40.0,45.0,15.0,-258.0,10.0,30.0,40.0,70.0,4,2011-01-07,1,1,1,2011,1,7
505,11,2,1,-11.0,36.0,64.0,29.0,41.0,11.0,-347.0,0.0,20.0,30.0,50.0,4,2011-01-08,1,1,1,2011,1,8
505,11,2,1,-18.0,30.0,58.0,24.0,42.0,9.0,-412.0,0.0,20.0,20.0,40.0,4,2011-01-09,1,1,1,2011,1,9
505,11,2,1,-18.0,31.0,60.0,25.0,43.0,9.0,-466.0,10.0,10.0,20.0,30.0,4,2011-01-10,1,1,1,2011,1,10
505,11,2,1,-6.0,42.0,81.0,34.0,46.0,12.0,-522.0,-10.0,20.0,30.0,50.0,4,2011-01-11,1,1,1,2011,1,11
505,11,2,1,-22.0,25.0,48.0,20.0,40.0,7.0,-598.0,-10.0,10.0,20.0,30.0,4,2011-01-12,1,1,1,2011,1,12
508,7,1,0,564.0,613.0,665.0,52.0,49.0,17.0,-1493.0,560.0,40.0,590.0,630.0,2,2010-01-07,0,4,1,2010,1,7
508,7,1,0,563.0,612.0,664.0,52.0,49.0,17.0,-2033.0,560.0,40.0,590.0,630.0,2,2010-01-08,0,4,1,2010,1,8
508,7,1,0,9.0,25.0,41.0,16.0,16.0,4.0,484.0,20.0,10.0,30.0,40.0,13,2010-01-08,3,9,1,2010,1,8
508,7,1,0,-4.0,74.0,128.0,54.0,78.0,49.0,451.0,10.0,50.0,70.0,120.0,5,2010-01-02,1,2,1,2010,1,2
508,7,1,0,-4.0,73.0,125.0,52.0,77.0,47.0,446.0,20.0,40.0,80.0,120.0,5,2010-01-03,1,2,1,2010,1,3
508,7,1,0,-31.0,46.0,98.0,52.0,77.0,47.0,520.0,-10.0,40.0,50.0,90.0,5,2010-01-09,1,2,1,2010,1,9
508,7,1,0,16.0,71.0,129.0,58.0,55.0,22.0,325.0,30.0,40.0,60.0,100.0,9,2010-01-03,2,10,0,2010,1,3
508,7,1,0,13.0,67.0,121.0,54.0,54.0,20.0,337.0,20.0,40.0,50.0,90.0,9,2010-01-04,2,10,0,2010,1,4
508,7,1,0,7.0,57.0,103.0,46.0,50.0,17.0,422.0,10.0,30.0,40.0,70.0,9,2010-01-12,2,10,0,2010,1,12
508,7,1,0,27.0,73.0,141.0,59.0,55.0,22.0,331.0,30.0,40.0,60.0,100.0,9,2011-01-02,2,10,0,2011,1,2
508,7,1,0,29.0,48.0,80.0,32.0,19.0,8.0,821.0,40.0,30.0,50.0,80.0,11,2010-01-01,3,5,1,2010,1,1
508,7,1,0,16.0,33.0,55.0,22.0,17.0,6.0,865.0,20.0,20.0,30.0,50.0,11,2010-01-08,3,5,1,2010,1,8
508,7,1,0,20.0,39.0,66.0,27.0,19.0,7.0,859.0,50.0,20.0,50.0,70.0,11,2010-01-10,3,5,1,2010,1,10
508,7,1,0,42.0,48.0,85.0,32.0,20.0,8.0,817.0,40.0,30.0,50.0,80.0,11,2011-01-02,3,5,1,2011,1,2
508,7,1,0,22.0,33.0,55.0,22.0,16.0,6.0,865.0,20.0,20.0,30.0,50.0,11,2011-01-08,3,5,1,2011,1,8
508,7,1,0,99.0,170.0,340.0,170.0,71.0,47.0,1073.0,110.0,160.0,170.0,330.0,7,2010-01-02,1,12,1,2010,1,2
508,7,1,0,94.0,163.0,325.0,162.0,69.0,45.0,1059.0,100.0,150.0,160.0,310.0,7,2010-01-03,1,12,1,2010,1,3
508,7,1,0,108.0,182.0,363.0,181.0,74.0,50.0,1283.0,120.0,170.0,180.0,350.0,7,2010-01-11,1,12,1,2010,1,11
508,7,1,0,140.0,163.0,346.0,162.0,69.0,45.0,1091.0,100.0,150.0,160.0,310.0,7,2011-01-04,1,12,1,2011,1,4
508,7,1,0,137.0,161.0,343.0,161.0,69.0,45.0,1267.0,120.0,140.0,160.0,300.0,7,2011-01-10,1,12,1,2011,1,10
509,18,3,1,44.0,84.0,142.0,58.0,40.0,18.0,331.0,70.0,70.0,100.0,170.0,2,2010-01-02,0,4,1,2010,1,2
509,18,3,1,54.0,100.0,169.0,69.0,46.0,22.0,340.0,90.0,80.0,130.0,210.0,2,2010-01-04,0,4,1,2010,1,4
509,18,3,1,76.0,125.0,211.0,86.0,49.0,27.0,454.0,120.0,100.0,160.0,260.0,2,2010-01-08,0,4,1,2010,1,8
509,18,3,1,71.0,89.0,160.0,61.0,41.0,19.0,325.0,80.0,70.0,110.0,180.0,2,2011-01-03,0,4,1,2011,1,3
509,18,3,1,9.0,111.0,190.0,79.0,102.0,72.0,551.0,60.0,90.0,140.0,230.0,3,2010-01-01,0,7,0,2010,1,1
509,18,3,1,20.0,145.0,250.0,105.0,125.0,95.0,716.0,50.0,120.0,170.0,290.0,3,2010-01-12,0,7,0,2010,1,12
509,18,3,1,14.0,111.0,213.0,79.0,107.0,72.0,551.0,60.0,90.0,140.0,230.0,3,2011-01-01,0,7,0,2011,1,1
509,18,3,1,24.0,130.0,239.0,94.0,114.0,85.0,694.0,40.0,110.0,150.0,260.0,3,2011-01-11,0,7,0,2011,1,11
509,18,3,1,-4.0,75.0,127.0,53.0,73.0,48.0,597.0,0.0,30.0,50.0,80.0,13,2011-01-06,3,9,1,2011,1,6
509,18,3,1,1.0,86.0,157.0,61.0,85.0,55.0,613.0,0.0,40.0,60.0,100.0,13,2011-01-11,3,9,1,2011,1,11
509,18,3,1,-4.0,76.0,140.0,55.0,79.0,49.0,627.0,-10.0,40.0,50.0,90.0,13,2011-01-12,3,9,1,2011,1,12
509,18,3,1,23.0,80.0,145.0,65.0,57.0,24.0,403.0,30.0,60.0,80.0,140.0,5,2010-01-12,1,2,1,2010,1,12
509,18,3,1,34.0,80.0,155.0,65.0,57.0,24.0,403.0,30.0,60.0,80.0,140.0,5,2011-01-12,1,2,1,2011,1,12
509,18,3,1,41.0,84.0,154.0,70.0,43.0,21.0,957.0,60.0,60.0,80.0,140.0,6,2010-01-02,1,6,0,2010,1,2
509,18,3,1,105.0,174.0,289.0,115.0,69.0,37.0,1166.0,110.0,100.0,160.0,260.0,8,2010-01-12,2,3,0,2010,1,12
509,18,3,1,179.0,186.0,347.0,124.0,75.0,40.0,961.0,120.0,100.0,170.0,270.0,8,2011-01-01,2,3,0,2011,1,1
509,18,3,1,135.0,165.0,273.0,110.0,62.0,36.0,1020.0,100.0,90.0,150.0,240.0,8,2011-01-05,2,3,0,2011,1,5
509,18,3,1,135.0,155.0,275.0,103.0,64.0,33.0,1130.0,100.0,80.0,140.0,220.0,8,2011-01-09,2,3,0,2011,1,9
509,18,3,1,34.0,56.0,94.0,38.0,22.0,10.0,772.0,50.0,30.0,50.0,80.0,9,2010-01-02,2,10,0,2010,1,2
509,18,3,1,30.0,51.0,86.0,35.0,21.0,9.0,776.0,40.0,30.0,40.0,70.0,9,2010-01-04,2,10,0,2010,1,4
509,18,3,1,40.0,64.0,107.0,43.0,24.0,12.0,822.0,50.0,30.0,60.0,90.0,9,2010-01-06,2,10,0,2010,1,6
509,18,3,1,37.0,59.0,99.0,40.0,22.0,11.0,843.0,50.0,30.0,50.0,80.0,9,2010-01-07,2,10,0,2010,1,7
509,18,3,1,44.0,68.0,115.0,47.0,24.0,13.0,834.0,40.0,40.0,60.0,100.0,9,2010-01-11,2,10,0,2010,1,11
509,18,3,1,50.0,56.0,100.0,38.0,22.0,10.0,772.0,50.0,30.0,50.0,80.0,9,2011-01-02,2,10,0,2011,1,2
509,18,3,1,43.0,49.0,87.0,33.0,20.0,9.0,768.0,50.0,20.0,50.0,70.0,9,2011-01-03,2,10,0,2011,1,3
509,18,3,1,70.0,71.0,127.0,48.0,24.0,13.0,829.0,60.0,30.0,60.0,90.0,9,2011-01-10,2,10,0,2011,1,10
509,18,3,1,44.0,82.0,130.0,48.0,38.0,14.0,351.0,30.0,30.0,50.0,80.0,11,2010-01-05,3,5,1,2010,1,5
509,18,3,1,29.0,65.0,104.0,39.0,36.0,12.0,380.0,30.0,20.0,50.0,70.0,11,2010-01-07,3,5,1,2010,1,7
509,18,3,1,30.0,66.0,107.0,41.0,36.0,12.0,320.0,20.0,30.0,40.0,70.0,11,2010-01-12,3,5,1,2010,1,12
509,18,3,1,73.0,88.0,150.0,53.0,39.0,16.0,321.0,50.0,30.0,70.0,100.0,11,2011-01-11,3,5,1,2011,1,11
509,18,3,1,20.0,54.0,90.0,36.0,34.0,11.0,462.0,30.0,20.0,40.0,60.0,12,2010-01-07,3,8,1,2010,1,7
509,18,3,1,28.0,63.0,106.0,43.0,35.0,13.0,466.0,20.0,30.0,40.0,70.0,12,2010-01-12,3,8,1,2010,1,12
509,18,3,1,28.0,54.0,89.0,36.0,32.0,11.0,462.0,30.0,20.0,40.0,60.0,12,2011-01-07,3,8,1,2011,1,7
509,18,3,1,46.0,67.0,120.0,46.0,36.0,14.0,454.0,30.0,30.0,40.0,70.0,12,2011-01-09,3,8,1,2011,1,9
509,18,3,1,46.0,67.0,120.0,46.0,36.0,14.0,449.0,30.0,20.0,30.0,50.0,12,2011-01-10,3,8,1,2011,1,10
509,18,3,1,47.0,62.0,109.0,48.0,26.0,15.0,593.0,40.0,40.0,60.0,100.0,4,2011-01-06,1,1,1,2011,1,6
510,0,3,0,83.0,110.0,194.0,72.0,54.0,23.0,650.0,50.0,20.0,60.0,80.0,13,2011-01-10,3,9,1,2011,1,10
510,0,3,0,70.0,101.0,179.0,67.0,54.0,22.0,677.0,50.0,40.0,80.0,120.0,13,2011-01-12,3,9,1,2011,1,12
510,0,3,0,102.0,139.0,234.0,95.0,37.0,26.0,821.0,100.0,80.0,120.0,200.0,8,2010-01-01,2,3,0,2010,1,1
510,0,3,0,258.0,265.0,522.0,225.0,91.0,69.0,1272.0,160.0,210.0,240.0,450.0,9,2011-01-11,2,10,0,2011,1,11
510,0,3,0,135.0,126.0,227.0,87.0,35.0,24.0,756.0,80.0,50.0,90.0,140.0,11,2011-01-03,3,5,1,2011,1,3
510,0,3,0,228.0,261.0,516.0,260.0,89.0,72.0,1715.0,180.0,240.0,260.0,500.0,4,2011-01-06,1,1,1,2011,1,6
512,16,2,0,148.0,130.0,245.0,89.0,37.0,24.0,777.0,90.0,70.0,110.0,180.0,5,2011-01-01,1,2,1,2011,1,1
512,16,2,0,105.0,145.0,245.0,100.0,40.0,28.0,598.0,110.0,80.0,130.0,210.0,6,2010-01-08,1,6,0,2010,1,8
512,16,2,0,42.0,74.0,137.0,55.0,46.0,18.0,336.0,40.0,50.0,70.0,120.0,8,2011-01-04,2,3,0,2011,1,4
512,16,2,0,25.0,61.0,103.0,42.0,36.0,13.0,384.0,30.0,40.0,60.0,100.0,9,2010-01-05,2,10,0,2010,1,5
512,16,2,0,58.0,114.0,189.0,75.0,56.0,24.0,378.0,60.0,60.0,100.0,160.0,4,2010-01-02,1,1,1,2010,1,2
512,16,2,0,47.0,101.0,168.0,67.0,54.0,22.0,-1239.0,30.0,50.0,70.0,120.0,4,2010-01-12,1,1,1,2010,1,12
513,13,0,0,24.0,68.0,118.0,50.0,44.0,16.0,397.0,40.0,50.0,70.0,120.0,1,2010-01-06,0,0,1,2010,1,6
513,13,0,0,29.0,73.0,127.0,54.0,44.0,17.0,424.0,40.0,50.0,70.0,120.0,1,2010-01-12,0,0,1,2010,1,12
513,13,0,0,33.0,68.0,117.0,50.0,41.0,16.0,397.0,40.0,50.0,70.0,120.0,1,2011-01-06,0,0,1,2011,1,6
513,13,0,0,28.0,63.0,109.0,47.0,40.0,15.0,420.0,40.0,40.0,70.0,110.0,1,2011-01-07,0,0,1,2011,1,7
513,13,0,0,38.0,76.0,128.0,52.0,38.0,16.0,357.0,50.0,50.0,80.0,130.0,2,2010-01-02,0,4,1,2010,1,2
513,13,0,0,27.0,64.0,107.0,43.0,37.0,13.0,363.0,40.0,40.0,70.0,110.0,2,2010-01-04,0,4,1,2010,1,4
513,13,0,0,24.0,61.0,103.0,42.0,37.0,13.0,384.0,30.0,40.0,60.0,100.0,2,2010-01-05,0,4,1,2010,1,5
513,13,0,0,18.0,51.0,85.0,34.0,33.0,10.0,432.0,30.0,30.0,50.0,80.0,2,2010-01-07,0,4,1,2010,1,7
513,13,0,0,-4.0,73.0,125.0,52.0,77.0,47.0,421.0,20.0,50.0,80.0,130.0,3,2010-01-03,0,7,0,2010,1,3
513,13,0,0,-3.0,73.0,125.0,52.0,76.0,47.0,433.0,20.0,50.0,80.0,130.0,3,2010-01-04,0,7,0,2010,1,4
513,13,0,0,0.0,87.0,168.0,63.0,91.0,57.0,435.0,20.0,60.0,90.0,150.0,3,2011-01-01,0,7,0,2011,1,1
513,13,0,0,-4.0,75.0,137.0,54.0,78.0,49.0,427.0,20.0,50.0,80.0,130.0,3,2011-01-02,0,7,0,2011,1,2
513,13,0,0,-4.0,73.0,133.0,52.0,76.0,47.0,433.0,20.0,50.0,80.0,130.0,3,2011-01-04,0,7,0,2011,1,4
513,13,0,0,-15.0,52.0,88.0,37.0,59.0,33.0,513.0,10.0,30.0,60.0,90.0,3,2011-01-08,0,7,0,2011,1,8
513,13,0,0,-9.0,65.0,119.0,47.0,71.0,42.0,521.0,10.0,40.0,70.0,110.0,3,2011-01-12,0,7,0,2011,1,12
513,13,0,0,94.0,163.0,325.0,162.0,69.0,45.0,1059.0,130.0,180.0,200.0,380.0,5,2010-01-03,1,2,1,2010,1,3
513,13,0,0,81.0,146.0,291.0,145.0,65.0,40.0,1292.0,120.0,160.0,180.0,340.0,5,2010-01-08,1,2,1,2010,1,8
513,13,0,0,87.0,155.0,310.0,155.0,68.0,43.0,1280.0,130.0,170.0,190.0,360.0,5,2010-01-09,1,2,1,2010,1,9
513,13,0,0,145.0,170.0,362.0,170.0,72.0,47.0,1073.0,140.0,190.0,210.0,400.0,5,2011-01-02,1,2,1,2011,1,2
513,13,0,0,112.0,146.0,288.0,145.0,60.0,40.0,1292.0,120.0,160.0,180.0,340.0,5,2011-01-08,1,2,1,2011,1,8
513,13,0,0,137.0,161.0,343.0,161.0,69.0,45.0,1267.0,190.0,230.0,240.0,470.0,5,2011-01-10,1,2,1,2011,1,10
513,13,0,0,11.0,64.0,115.0,51.0,53.0,19.0,419.0,30.0,50.0,80.0,130.0,6,2010-01-07,1,6,0,2010,1,7
513,13,0,0,27.0,73.0,141.0,59.0,55.0,22.0,331.0,40.0,60.0,90.0,150.0,6,2011-01-02,1,6,0,2011,1,2
513,13,0,0,12.0,26.0,44.0,18.0,16.0,5.0,486.0,20.0,10.0,20.0,30.0,8,2011-01-07,2,3,0,2011,1,7
513,13,0,0,12.0,25.0,41.0,16.0,15.0,4.0,484.0,20.0,10.0,20.0,30.0,8,2011-01-08,2,3,0,2011,1,8
513,13,0,0,21.0,30.0,53.0,20.0,16.0,5.0,482.0,30.0,10.0,30.0,40.0,8,2011-01-09,2,3,0,2011,1,9
513,13,0,0,18.0,36.0,60.0,24.0,18.0,6.0,856.0,30.0,20.0,30.0,50.0,9,2010-01-06,2,10,0,2010,1,6
513,13,0,0,20.0,39.0,66.0,27.0,19.0,7.0,859.0,30.0,10.0,30.0,40.0,9,2010-01-10,2,10,0,2010,1,10
513,13,0,0,42.0,48.0,85.0,32.0,20.0,8.0,817.0,50.0,20.0,50.0,70.0,9,2011-01-02,2,10,0,2011,1,2
513,13,0,0,42.0,47.0,84.0,32.0,19.0,8.0,813.0,40.0,20.0,40.0,60.0,9,2011-01-03,2,10,0,2011,1,3
513,13,0,0,25.0,36.0,59.0,24.0,17.0,6.0,856.0,30.0,20.0,30.0,50.0,9,2011-01-06,2,10,0,2011,1,6
513,13,0,0,22.0,33.0,55.0,22.0,16.0,6.0,865.0,30.0,10.0,30.0,40.0,9,2011-01-08,2,10,0,2011,1,8
513,13,0,0,68.0,126.0,210.0,84.0,58.0,27.0,632.0,60.0,70.0,110.0,180.0,11,2010-01-03,3,5,1,2010,1,3
513,13,0,0,99.0,167.0,278.0,111.0,68.0,36.0,767.0,90.0,90.0,150.0,240.0,11,2010-01-06,3,5,1,2010,1,6
513,13,0,0,72.0,133.0,221.0,88.0,61.0,29.0,817.0,70.0,70.0,110.0,180.0,11,2010-01-12,3,5,1,2010,1,12
513,13,0,0,106.0,126.0,235.0,84.0,61.0,27.0,651.0,60.0,70.0,110.0,180.0,11,2011-01-01,3,5,1,2011,1,1
513,13,0,0,101.0,126.0,224.0,84.0,58.0,27.0,632.0,60.0,70.0,110.0,180.0,11,2011-01-03,3,5,1,2011,1,3
513,13,0,0,109.0,141.0,233.0,94.0,58.0,31.0,697.0,70.0,80.0,120.0,200.0,11,2011-01-05,3,5,1,2011,1,5
513,13,0,0,107.0,133.0,236.0,88.0,61.0,29.0,817.0,70.0,70.0,110.0,180.0,11,2011-01-12,3,5,1,2011,1,12
513,13,0,0,71.0,120.0,206.0,86.0,49.0,26.0,490.0,70.0,70.0,110.0,180.0,12,2010-01-02,3,8,1,2010,1,2
513,13,0,0,74.0,125.0,214.0,89.0,51.0,27.0,481.0,70.0,70.0,110.0,180.0,12,2010-01-03,3,8,1,2010,1,3
513,13,0,0,101.0,159.0,273.0,114.0,58.0,35.0,555.0,100.0,90.0,150.0,240.0,12,2010-01-05,3,8,1,2010,1,5
513,13,0,0,128.0,195.0,336.0,141.0,67.0,43.0,692.0,110.0,120.0,170.0,290.0,12,2010-01-07,3,8,1,2010,1,7
513,13,0,0,81.0,134.0,230.0,96.0,53.0,29.0,666.0,80.0,80.0,120.0,200.0,12,2010-01-09,3,8,1,2010,1,9
513,13,0,0,139.0,159.0,271.0,114.0,54.0,35.0,555.0,100.0,90.0,150.0,240.0,12,2011-01-05,3,8,1,2011,1,5
513,13,0,0,180.0,186.0,341.0,134.0,65.0,41.0,690.0,90.0,110.0,150.0,260.0,12,2011-01-12,3,8,1,2011,1,12
515,5,0,1,11.0,28.0,47.0,19.0,17.0,5.0,820.0,10.0,20.0,20.0,40.0,1,2010-01-04,0,0,1,2010,1,4
515,5,0,1,16.0,28.0,50.0,19.0,17.0,5.0,820.0,10.0,20.0,20.0,40.0,1,2011-01-04,0,0,1,2011,1,4
515,5,0,1,22.0,31.0,55.0,21.0,16.0,5.0,846.0,30.0,10.0,30.0,40.0,1,2011-01-10,0,0,1,2011,1,10
515,5,0,1,3.0,33.0,61.0,28.0,30.0,8.0,964.0,20.0,20.0,40.0,60.0,2,2010-01-04,0,4,1,2010,1,4
515,5,0,1,7.0,37.0,68.0,31.0,30.0,9.0,976.0,20.0,30.0,40.0,70.0,2,2010-01-05,0,4,1,2010,1,5
515,5,0,1,7.0,37.0,68.0,31.0,30.0,9.0,1000.0,30.0,20.0,40.0,60.0,2,2010-01-10,0,4,1,2010,1,10
515,5,0,1,9.0,35.0,67.0,28.0,29.0,8.0,958.0,20.0,20.0,40.0,60.0,2,2011-01-03,0,4,1,2011,1,3
515,5,0,1,10.0,39.0,77.0,33.0,32.0,10.0,1003.0,20.0,30.0,40.0,70.0,2,2011-01-09,0,4,1,2011,1,9
515,5,0,1,10.0,37.0,72.0,31.0,30.0,9.0,1000.0,30.0,20.0,40.0,60.0,2,2011-01-10,0,4,1,2011,1,10
515,5,0,1,7.0,35.0,68.0,29.0,30.0,8.0,1003.0,20.0,20.0,40.0,60.0,2,2011-01-11,0,4,1,2011,1,11
515,5,0,1,11.0,30.0,52.0,22.0,19.0,7.0,611.0,20.0,20.0,30.0,50.0,3,2010-01-05,0,7,0,2010,1,5
515,5,0,1,19.0,31.0,60.0,23.0,20.0,7.0,623.0,20.0,20.0,30.0,50.0,3,2011-01-01,0,7,0,2011,1,1
515,5,0,1,15.0,30.0,52.0,22.0,18.0,7.0,611.0,20.0,20.0,30.0,50.0,3,2011-01-05,0,7,0,2011,1,5
515,5,0,1,15.0,30.0,52.0,22.0,18.0,7.0,608.0,20.0,20.0,30.0,50.0,3,2011-01-06,0,7,0,2011,1,6
515,5,0,1,15.0,32.0,53.0,21.0,17.0,5.0,798.0,30.0,20.0,40.0,60.0,5,2010-01-06,1,2,1,2010,1,6
515,5,0,1,18.0,35.0,58.0,23.0,17.0,6.0,803.0,30.0,20.0,40.0,60.0,5,2010-01-09,1,2,1,2010,1,9
515,5,0,1,16.0,34.0,56.0,22.0,18.0,6.0,802.0,40.0,20.0,50.0,70.0,5,2010-01-11,1,2,1,2010,1,11
515,5,0,1,17.0,35.0,58.0,23.0,18.0,6.0,807.0,40.0,20.0,50.0,70.0,5,2010-01-12,1,2,1,2010,1,12
515,5,0,1,13.0,25.0,44.0,16.0,16.0,4.0,772.0,20.0,10.0,30.0,40.0,5,2011-01-03,1,2,1,2011,1,3
515,5,0,1,15.0,26.0,46.0,17.0,16.0,4.0,776.0,30.0,10.0,40.0,50.0,5,2011-01-04,1,2,1,2011,1,4
515,5,0,1,17.0,29.0,49.0,20.0,16.0,5.0,784.0,20.0,20.0,30.0,50.0,5,2011-01-05,1,2,1,2011,1,5
515,5,0,1,24.0,34.0,60.0,22.0,18.0,6.0,802.0,40.0,20.0,50.0,70.0,5,2011-01-11,1,2,1,2011,1,11
515,5,0,1,25.0,35.0,62.0,23.0,18.0,6.0,807.0,40.0,20.0,50.0,70.0,5,2011-01-12,1,2,1,2011,1,12
515,5,0,1,31.0,43.0,43.0,0.0,12.0,0.0,645.0,40.0,0.0,50.0,50.0,6,2010-01-05,1,6,0,2010,1,5
515,5,0,1,31.0,43.0,43.0,0.0,12.0,0.0,516.0,40.0,0.0,50.0,50.0,6,2010-01-08,1,6,0,2010,1,8
515,5,0,1,16.0,26.0,48.0,17.0,17.0,4.0,777.0,30.0,10.0,40.0,50.0,6,2011-01-01,1,6,0,2011,1,1
515,5,0,1,46.0,43.0,46.0,0.0,12.0,0.0,387.0,40.0,0.0,50.0,50.0,6,2011-01-11,1,6,0,2011,1,11
515,5,0,1,362.0,392.0,681.0,295.0,121.0,97.0,1714.0,250.0,250.0,350.0,600.0,8,2011-01-08,2,3,0,2011,1,8
515,5,0,1,321.0,329.0,614.0,247.0,113.0,81.0,1744.0,200.0,230.0,300.0,530.0,8,2011-01-12,2,3,0,2011,1,12
515,5,0,1,122.0,185.0,312.0,127.0,63.0,40.0,671.0,130.0,100.0,170.0,270.0,9,2010-01-05,2,10,0,2010,1,5
515,5,0,1,208.0,222.0,373.0,154.0,66.0,49.0,817.0,150.0,130.0,200.0,330.0,9,2011-01-08,2,10,0,2011,1,8
515,5,0,1,171.0,176.0,318.0,122.0,61.0,39.0,801.0,120.0,100.0,160.0,260.0,9,2011-01-09,2,10,0,2011,1,9
515,5,0,1,169.0,176.0,318.0,122.0,62.0,39.0,789.0,130.0,90.0,150.0,240.0,9,2011-01-10,2,10,0,2011,1,10
515,5,0,1,183.0,185.0,332.0,127.0,62.0,40.0,830.0,120.0,120.0,170.0,290.0,9,2011-01-12,2,10,0,2011,1,12
515,5,0,1,148.0,239.0,478.0,239.0,91.0,66.0,1417.0,140.0,200.0,220.0,420.0,11,2010-01-03,3,5,1,2010,1,3
515,5,0,1,167.0,266.0,532.0,266.0,99.0,74.0,1819.0,150.0,220.0,240.0,460.0,11,2010-01-07,3,5,1,2010,1,7
515,5,0,1,167.0,266.0,532.0,266.0,99.0,74.0,1797.0,150.0,220.0,240.0,460.0,11,2010-01-08,3,5,1,2010,1,8
515,5,0,1,221.0,239.0,509.0,239.0,90.0,66.0,1755.0,110.0,170.0,170.0,340.0,11,2011-01-10,3,5,1,2011,1,10
515,5,0,1,169.0,294.0,534.0,240.0,125.0,91.0,1391.0,150.0,200.0,260.0,460.0,12,2010-01-02,3,8,1,2010,1,2
515,5,0,1,175.0,301.0,546.0,245.0,126.0,93.0,1369.0,160.0,210.0,270.0,480.0,12,2010-01-03,3,8,1,2010,1,3
515,5,0,1,186.0,318.0,578.0,260.0,132.0,98.0,1423.0,160.0,220.0,280.0,500.0,12,2010-01-04,3,8,1,2010,1,4
515,5,0,1,207.0,348.0,632.0,284.0,141.0,107.0,1809.0,180.0,240.0,310.0,550.0,12,2010-01-08,3,8,1,2010,1,8
515,5,0,1,262.0,324.0,584.0,265.0,125.0,100.0,1538.0,170.0,220.0,290.0,510.0,12,2011-01-05,3,8,1,2011,1,5
515,5,0,1,272.0,332.0,598.0,271.0,126.0,102.0,1714.0,180.0,230.0,300.0,530.0,12,2011-01-06,3,8,1,2011,1,6
515,5,0,1,272.0,332.0,597.0,270.0,126.0,102.0,1834.0,170.0,230.0,290.0,520.0,12,2011-01-07,3,8,1,2011,1,7
515,5,0,1,286.0,348.0,626.0,284.0,131.0,107.0,1809.0,180.0,240.0,310.0,550.0,12,2011-01-08,3,8,1,2011,1,8
515,5,0,1,272.0,312.0,604.0,255.0,129.0,96.0,1756.0,130.0,170.0,230.0,400.0,12,2011-01-10,3,8,1,2011,1,10
516,12,1,0,463.0,474.0,842.0,316.0,162.0,110.0,2580.0,320.0,300.0,450.0,750.0,2,2011-01-09,0,4,1,2011,1,9
516,12,1,0,89.0,124.0,210.0,86.0,35.0,24.0,499.0,100.0,90.0,130.0,220.0,13,2010-01-05,3,9,1,2010,1,5
516,12,1,0,-268.0,-44.0,68.0,105.0,134.0,95.0,725.0,-170.0,100.0,-50.0,50.0,5,2011-01-01,1,2,1,2011,1,1
516,12,1,0,141.0,268.0,513.0,245.0,127.0,93.0,1471.0,130.0,180.0,220.0,400.0,9,2010-01-03,2,10,0,2010,1,3
516,12,1,0,388.0,523.0,793.0,270.0,135.0,102.0,1781.0,310.0,200.0,410.0,610.0,9,2010-01-07,2,10,0,2010,1,7
516,12,1,0,173.0,238.0,540.0,245.0,133.0,93.0,1419.0,100.0,180.0,190.0,370.0,9,2011-01-01,2,10,0,2011,1,1
516,12,1,0,536.0,523.0,786.0,270.0,126.0,102.0,1781.0,310.0,200.0,410.0,610.0,9,2011-01-07,2,10,0,2011,1,7
516,12,1,0,-176.0,-27.0,201.0,207.0,90.0,64.0,965.0,-70.0,150.0,-10.0,140.0,10,2011-01-01,2,11,0,2011,1,1
516,12,1,0,133.0,178.0,301.0,123.0,45.0,34.0,947.0,150.0,130.0,190.0,320.0,11,2010-01-06,3,5,1,2010,1,6
516,12,1,0,115.0,157.0,265.0,108.0,42.0,30.0,971.0,140.0,110.0,170.0,280.0,11,2010-01-10,3,5,1,2010,1,10
516,12,1,0,155.0,152.0,254.0,104.0,37.0,29.0,871.0,120.0,110.0,160.0,270.0,11,2011-01-05,3,5,1,2011,1,5
516,12,1,0,125.0,117.0,211.0,81.0,33.0,22.0,984.0,90.0,80.0,120.0,200.0,11,2011-01-11,3,5,1,2011,1,11
516,12,1,0,235.0,325.0,564.0,239.0,90.0,66.0,1262.0,250.0,220.0,330.0,550.0,7,2010-01-04,1,12,1,2010,1,4
516,12,1,0,273.0,262.0,548.0,228.0,91.0,63.0,1459.0,200.0,210.0,270.0,480.0,7,2011-01-01,1,12,1,2011,1,1
516,12,1,0,258.0,283.0,538.0,260.0,89.0,72.0,1271.0,210.0,240.0,290.0,530.0,7,2011-01-05,1,12,1,2011,1,5
516,12,1,0,332.0,318.0,604.0,249.0,94.0,69.0,1286.0,240.0,230.0,320.0,550.0,7,2011-01-09,1,12,1,2011,1,9
518,12,1,0,408.0,407.0,759.0,271.0,152.0,94.0,2101.0,260.0,260.0,380.0,640.0,2,2011-01-01,0,4,1,2011,1,1
518,12,1,0,410.0,428.0,759.0,284.0,152.0,99.0,2108.0,280.0,270.0,400.0,670.0,2,2011-01-04,0,4,1,2011,1,4
518,12,1,0,83.0,117.0,198.0,81.0,34.0,22.0,441.0,100.0,80.0,130.0,210.0,13,2010-01-03,3,9,1,2010,1,3
518,12,1,0,78.0,111.0,187.0,76.0,33.0,21.0,580.0,100.0,80.0,120.0,200.0,13,2010-01-10,3,9,1,2010,1,10
518,12,1,0,52.0,79.0,133.0,54.0,27.0,15.0,601.0,60.0,50.0,80.0,130.0,13,2010-01-12,3,9,1,2010,1,12
518,12,1,0,123.0,117.0,211.0,81.0,34.0,22.0,460.0,100.0,80.0,130.0,210.0,13,2011-01-04,3,9,1,2011,1,4
518,12,1,0,-284.0,-95.0,78.0,173.0,189.0,156.0,2615.0,-260.0,160.0,-90.0,70.0,5,2010-01-08,1,2,1,2010,1,8
518,12,1,0,-292.0,-53.0,72.0,121.0,144.0,110.0,2932.0,-180.0,110.0,-50.0,60.0,5,2011-01-09,1,2,1,2011,1,9
518,12,1,0,131.0,255.0,495.0,240.0,124.0,91.0,1454.0,110.0,180.0,200.0,380.0,9,2010-01-02,2,10,0,2010,1,2
518,12,1,0,194.0,255.0,528.0,240.0,124.0,91.0,1454.0,110.0,180.0,200.0,380.0,9,2011-01-02,2,10,0,2011,1,2
518,12,1,0,348.0,386.0,645.0,265.0,125.0,100.0,1613.0,200.0,200.0,300.0,500.0,9,2011-01-05,2,10,0,2011,1,5
518,12,1,0,-232.0,-65.0,171.0,225.0,91.0,69.0,4742.0,-120.0,160.0,-50.0,110.0,10,2011-01-11,2,11,0,2011,1,11
518,12,1,0,112.0,152.0,256.0,104.0,40.0,29.0,871.0,120.0,110.0,160.0,270.0,11,2010-01-05,3,5,1,2010,1,5
518,12,1,0,84.0,117.0,198.0,81.0,33.0,22.0,984.0,90.0,80.0,120.0,200.0,11,2010-01-11,3,5,1,2010,1,11
518,12,1,0,105.0,144.0,243.0,99.0,39.0,27.0,766.0,130.0,100.0,160.0,260.0,12,2010-01-02,3,8,1,2010,1,2
518,12,1,0,111.0,152.0,256.0,104.0,41.0,29.0,952.0,120.0,110.0,160.0,270.0,12,2010-01-07,3,8,1,2010,1,7
518,12,1,0,133.0,179.0,302.0,123.0,46.0,34.0,928.0,150.0,130.0,190.0,320.0,12,2010-01-09,3,8,1,2010,1,9
518,12,1,0,197.0,179.0,322.0,123.0,46.0,34.0,928.0,150.0,130.0,190.0,320.0,12,2011-01-09,3,8,1,2011,1,9
518,12,1,0,197.0,179.0,322.0,123.0,46.0,34.0,959.0,150.0,120.0,190.0,310.0,12,2011-01-12,3,8,1,2011,1,12
518,12,1,0,463.0,407.0,700.0,250.0,95.0,70.0,723.0,320.0,240.0,400.0,640.0,7,2011-01-12,1,12,1,2011,1,12
530,0,3,0,493.0,534.0,882.0,356.0,165.0,124.0,2476.0,500.0,440.0,670.0,1110.0,2,2011-01-06,0,4,1,2011,1,6
530,0,3,0,402.0,420.0,745.0,279.0,149.0,97.0,2642.0,350.0,330.0,500.0,830.0,2,2011-01-12,0,4,1,2011,1,12
530,0,3,0,-189.0,-30.0,165.0,196.0,100.0,64.0,3139.0,-140.0,240.0,-40.0,200.0,3,2011-01-08,0,7,0,2011,1,8
530,0,3,0,86.0,114.0,201.0,75.0,56.0,24.0,549.0,50.0,40.0,80.0,120.0,13,2011-01-02,3,9,1,2011,1,2
530,0,3,0,58.0,90.0,160.0,60.0,51.0,19.0,656.0,40.0,30.0,70.0,100.0,13,2011-01-09,3,9,1,2011,1,9
530,0,3,0,50.0,239.0,412.0,173.0,189.0,156.0,927.0,60.0,160.0,230.0,390.0,5,2010-01-08,1,2,1,2010,1,8
530,0,3,0,31.0,187.0,322.0,135.0,156.0,122.0,940.0,40.0,130.0,180.0,310.0,5,2010-01-12,1,2,1,2010,1,12
530,0,3,0,26.0,145.0,280.0,105.0,134.0,95.0,725.0,20.0,100.0,140.0,240.0,5,2011-01-01,1,2,1,2011,1,1
530,0,3,0,46.0,187.0,343.0,135.0,156.0,122.0,940.0,40.0,130.0,180.0,310.0,5,2011-01-12,1,2,1,2011,1,12
530,0,3,0,326.0,336.0,628.0,253.0,116.0,83.0,1686.0,220.0,240.0,320.0,560.0,6,2011-01-09,1,6,0,2011,1,9
530,0,3,0,249.0,245.0,506.0,207.0,89.0,64.0,965.0,160.0,170.0,220.0,390.0,9,2011-01-01,2,10,0,2011,1,1
530,0,3,0,68.0,107.0,190.0,83.0,39.0,27.0,613.0,60.0,70.0,90.0,160.0,10,2010-01-02,2,11,0,2010,1,2
530,0,3,0,92.0,107.0,188.0,83.0,37.0,27.0,584.0,60.0,70.0,90.0,160.0,10,2011-01-05,2,11,0,2011,1,5
530,0,3,0,39.0,51.0,96.0,39.0,25.0,12.0,541.0,40.0,20.0,40.0,60.0,10,2011-01-10,2,11,0,2011,1,10
530,0,3,0,153.0,152.0,254.0,104.0,38.0,29.0,821.0,100.0,60.0,110.0,170.0,11,2011-01-05,3,5,1,2011,1,5
530,0,3,0,83.0,117.0,198.0,81.0,34.0,22.0,460.0,70.0,50.0,80.0,130.0,12,2010-01-04,3,8,1,2010,1,4
530,0,3,0,89.0,124.0,210.0,86.0,35.0,24.0,499.0,80.0,50.0,90.0,140.0,12,2010-01-05,3,8,1,2010,1,5
541,15,3,1,1.0,87.0,150.0,63.0,86.0,57.0,435.0,40.0,70.0,110.0,180.0,1,2010-01-01,0,0,1,2010,1,1
541,15,3,1,-6.0,63.0,107.0,44.0,69.0,40.0,496.0,30.0,50.0,80.0,130.0,1,2010-01-06,0,0,1,2010,1,6
541,15,3,1,-11.0,52.0,89.0,37.0,63.0,33.0,513.0,20.0,40.0,70.0,110.0,1,2010-01-08,0,0,1,2010,1,8
541,15,3,1,-3.0,74.0,126.0,52.0,77.0,47.0,509.0,30.0,60.0,90.0,150.0,1,2010-01-09,0,0,1,2010,1,9
541,15,3,1,-4.0,73.0,125.0,52.0,77.0,47.0,509.0,10.0,60.0,80.0,140.0,1,2010-01-11,0,0,1,2010,1,11
541,15,3,1,-6.0,75.0,137.0,54.0,79.0,49.0,427.0,40.0,60.0,100.0,160.0,1,2011-01-02,0,0,1,2011,1,2
541,15,3,1,-10.0,65.0,119.0,47.0,72.0,42.0,521.0,20.0,50.0,80.0,130.0,1,2011-01-12,0,0,1,2011,1,12
541,15,3,1,18.0,80.0,137.0,57.0,62.0,18.0,469.0,50.0,70.0,100.0,170.0,2,2010-01-09,0,4,1,2010,1,9
541,15,3,1,12.0,70.0,127.0,49.0,62.0,16.0,399.0,30.0,60.0,80.0,140.0,2,2011-01-04,0,4,1,2011,1,4
541,15,3,1,0.0,55.0,93.0,39.0,51.0,12.0,478.0,20.0,40.0,70.0,110.0,2,2011-01-07,0,4,1,2011,1,7
541,15,3,1,27.0,80.0,146.0,57.0,62.0,18.0,469.0,50.0,70.0,100.0,170.0,2,2011-01-09,0,4,1,2011,1,9
541,15,3,1,21.0,75.0,136.0,53.0,61.0,17.0,470.0,40.0,60.0,90.0,150.0,2,2011-01-11,0,4,1,2011,1,11
541,15,3,1,1.0,57.0,104.0,41.0,56.0,13.0,482.0,20.0,40.0,70.0,110.0,2,2011-01-12,0,4,1,2011,1,12
541,15,3,1,20.0,55.0,93.0,38.0,35.0,12.0,414.0,40.0,40.0,70.0,110.0,3,2010-01-06,0,7,0,2010,1,6
541,15,3,1,19.0,51.0,85.0,34.0,32.0,10.0,428.0,40.0,40.0,60.0,100.0,3,2010-01-08,0,7,0,2010,1,8
541,15,3,1,42.0,64.0,114.0,43.0,36.0,13.0,363.0,50.0,50.0,80.0,130.0,3,2011-01-04,0,7,0,2011,1,4
541,15,3,1,25.0,51.0,84.0,34.0,31.0,10.0,432.0,40.0,40.0,60.0,100.0,3,2011-01-07,0,7,0,2011,1,7
541,15,3,1,37.0,60.0,108.0,41.0,35.0,13.0,435.0,50.0,40.0,80.0,120.0,3,2011-01-12,0,7,0,2011,1,12
541,15,3,1,67.0,116.0,200.0,84.0,49.0,26.0,500.0,50.0,50.0,80.0,130.0,13,2010-01-01,3,9,1,2010,1,1
541,15,3,1,74.0,125.0,214.0,89.0,51.0,27.0,481.0,60.0,50.0,90.0,140.0,13,2010-01-03,3,9,1,2010,1,3
541,15,3,1,102.0,161.0,277.0,116.0,59.0,35.0,678.0,70.0,70.0,110.0,180.0,13,2010-01-08,3,9,1,2010,1,8
541,15,3,1,81.0,134.0,230.0,96.0,53.0,29.0,666.0,60.0,60.0,90.0,150.0,13,2010-01-09,3,9,1,2010,1,9
541,15,3,1,104.0,116.0,224.0,84.0,51.0,26.0,500.0,50.0,50.0,80.0,130.0,13,2011-01-01,3,9,1,2011,1,1
541,15,3,1,139.0,159.0,271.0,114.0,54.0,35.0,555.0,70.0,70.0,110.0,180.0,13,2011-01-05,3,9,1,2011,1,5
541,15,3,1,178.0,195.0,333.0,141.0,61.0,43.0,692.0,90.0,90.0,130.0,220.0,13,2011-01-07,3,9,1,2011,1,7
541,15,3,1,113.0,127.0,232.0,91.0,51.0,28.0,656.0,50.0,40.0,60.0,100.0,13,2011-01-10,3,9,1,2011,1,10
541,15,3,1,33.0,80.0,140.0,60.0,47.0,19.0,329.0,50.0,50.0,80.0,130.0,5,2010-01-02,1,2,1,2010,1,2
541,15,3,1,27.0,71.0,123.0,52.0,44.0,17.0,361.0,40.0,40.0,70.0,110.0,5,2010-01-05,1,2,1,2010,1,5
541,15,3,1,28.0,72.0,125.0,53.0,44.0,17.0,410.0,40.0,50.0,70.0,120.0,5,2010-01-09,1,2,1,2010,1,9
541,15,3,1,49.0,80.0,149.0,60.0,47.0,19.0,329.0,50.0,50.0,80.0,130.0,5,2011-01-02,1,2,1,2011,1,2
541,15,3,1,33.0,68.0,117.0,50.0,41.0,16.0,397.0,40.0,40.0,70.0,110.0,5,2011-01-06,1,2,1,2011,1,6
541,15,3,1,40.0,71.0,131.0,52.0,44.0,17.0,405.0,60.0,30.0,70.0,100.0,5,2011-01-10,1,2,1,2011,1,10
541,15,3,1,49.0,79.0,147.0,59.0,46.0,19.0,411.0,50.0,50.0,80.0,130.0,5,2011-01-11,1,2,1,2011,1,11
541,15,3,1,83.0,149.0,298.0,149.0,66.0,41.0,1156.0,90.0,140.0,140.0,280.0,6,2010-01-05,1,6,0,2010,1,5
541,15,3,1,83.0,149.0,298.0,149.0,66.0,41.0,1245.0,90.0,140.0,140.0,280.0,6,2010-01-06,1,6,0,2010,1,6
541,15,3,1,81.0,146.0,291.0,145.0,65.0,40.0,1304.0,90.0,130.0,140.0,270.0,6,2010-01-07,1,6,0,2010,1,7
541,15,3,1,87.0,155.0,310.0,155.0,68.0,43.0,1280.0,90.0,140.0,150.0,290.0,6,2010-01-09,1,6,0,2010,1,9
541,15,3,1,115.0,149.0,295.0,149.0,61.0,41.0,1156.0,90.0,140.0,140.0,280.0,6,2011-01-05,1,6,0,2011,1,5
541,15,3,1,112.0,146.0,288.0,145.0,60.0,40.0,1292.0,90.0,130.0,140.0,270.0,6,2011-01-08,1,6,0,2011,1,8
541,15,3,1,33.0,55.0,92.0,37.0,22.0,10.0,768.0,50.0,30.0,50.0,80.0,8,2010-01-03,2,3,0,2010,1,3
541,15,3,1,17.0,36.0,61.0,25.0,19.0,7.0,823.0,30.0,20.0,30.0,50.0,8,2010-01-09,2,3,0,2010,1,9
541,15,3,1,19.0,36.0,60.0,24.0,17.0,6.0,829.0,20.0,20.0,30.0,50.0,8,2010-01-12,2,3,0,2010,1,12
541,15,3,1,30.0,41.0,68.0,28.0,18.0,7.0,816.0,40.0,20.0,40.0,60.0,8,2011-01-06,2,3,0,2011,1,6
541,15,3,1,28.0,38.0,67.0,25.0,19.0,7.0,823.0,20.0,20.0,30.0,50.0,8,2011-01-11,2,3,0,2011,1,11
541,15,3,1,30.0,56.0,100.0,44.0,26.0,14.0,618.0,30.0,30.0,50.0,80.0,9,2010-01-02,2,10,0,2010,1,2
541,15,3,1,53.0,87.0,155.0,68.0,34.0,22.0,587.0,60.0,50.0,80.0,130.0,9,2010-01-08,2,10,0,2010,1,8
541,15,3,1,66.0,104.0,185.0,81.0,38.0,26.0,551.0,70.0,70.0,100.0,170.0,9,2010-01-12,2,10,0,2010,1,12
541,15,3,1,47.0,60.0,113.0,46.0,28.0,15.0,608.0,40.0,30.0,60.0,90.0,9,2011-01-04,2,10,0,2011,1,4
541,15,3,1,41.0,56.0,98.0,43.0,24.0,14.0,602.0,30.0,30.0,50.0,80.0,9,2011-01-05,2,10,0,2011,1,5
541,15,3,1,73.0,87.0,154.0,68.0,32.0,22.0,587.0,60.0,50.0,80.0,130.0,9,2011-01-08,2,10,0,2011,1,8
541,15,3,1,70.0,79.0,149.0,61.0,32.0,20.0,579.0,50.0,50.0,70.0,120.0,9,2011-01-09,2,10,0,2011,1,9
541,15,3,1,108.0,115.0,218.0,90.0,42.0,29.0,572.0,90.0,60.0,100.0,160.0,9,2011-01-10,2,10,0,2011,1,10
541,15,3,1,104.0,112.0,213.0,88.0,42.0,29.0,561.0,70.0,80.0,100.0,180.0,9,2011-01-11,2,10,0,2011,1,11
541,15,3,1,17.0,34.0,56.0,22.0,17.0,6.0,452.0,20.0,10.0,20.0,30.0,11,2010-01-02,3,5,1,2010,1,2
541,15,3,1,9.0,26.0,44.0,18.0,17.0,5.0,486.0,10.0,10.0,10.0,20.0,11,2010-01-07,3,5,1,2010,1,7
541,15,3,1,13.0,30.0,50.0,20.0,17.0,5.0,482.0,20.0,10.0,20.0,30.0,11,2010-01-09,3,5,1,2010,1,9
541,15,3,1,16.0,32.0,53.0,21.0,16.0,5.0,480.0,20.0,0.0,20.0,20.0,11,2010-01-10,3,5,1,2010,1,10
541,15,3,1,28.0,48.0,80.0,32.0,20.0,8.0,482.0,30.0,20.0,30.0,50.0,11,2010-01-11,3,5,1,2010,1,11
541,15,3,1,44.0,48.0,90.0,32.0,21.0,8.0,456.0,30.0,20.0,30.0,50.0,11,2011-01-01,3,5,1,2011,1,1
541,15,3,1,24.0,32.0,56.0,21.0,16.0,5.0,449.0,20.0,10.0,20.0,30.0,11,2011-01-03,3,5,1,2011,1,3
541,15,3,1,22.0,32.0,56.0,21.0,17.0,5.0,454.0,20.0,10.0,20.0,30.0,11,2011-01-04,3,5,1,2011,1,4
541,15,3,1,12.0,25.0,41.0,16.0,15.0,4.0,484.0,10.0,10.0,10.0,20.0,11,2011-01-08,3,5,1,2011,1,8
541,15,3,1,19.0,30.0,53.0,20.0,17.0,5.0,482.0,20.0,10.0,20.0,30.0,11,2011-01-09,3,5,1,2011,1,9
541,15,3,1,37.0,44.0,78.0,29.0,19.0,8.0,490.0,30.0,20.0,30.0,50.0,11,2011-01-12,3,5,1,2011,1,12
541,15,3,1,73.0,134.0,222.0,88.0,61.0,29.0,653.0,70.0,50.0,100.0,150.0,12,2010-01-04,3,8,1,2010,1,4
541,15,3,1,87.0,150.0,249.0,99.0,63.0,32.0,798.0,60.0,60.0,100.0,160.0,12,2010-01-09,3,8,1,2010,1,9
541,15,3,1,144.0,172.0,283.0,114.0,63.0,37.0,822.0,80.0,70.0,120.0,190.0,12,2011-01-07,3,8,1,2011,1,7
541,15,3,1,144.0,172.0,283.0,114.0,63.0,37.0,810.0,80.0,70.0,120.0,190.0,12,2011-01-08,3,8,1,2011,1,8
541,15,3,1,15.0,71.0,129.0,58.0,56.0,22.0,325.0,20.0,50.0,70.0,120.0,4,2010-01-03,1,1,1,2010,1,3
541,15,3,1,13.0,67.0,121.0,54.0,54.0,20.0,337.0,20.0,50.0,60.0,110.0,4,2010-01-04,1,1,1,2010,1,4
541,15,3,1,11.0,65.0,118.0,53.0,54.0,20.0,361.0,20.0,50.0,60.0,110.0,4,2010-01-05,1,1,1,2010,1,5
541,15,3,1,16.0,69.0,124.0,55.0,53.0,20.0,410.0,30.0,50.0,70.0,120.0,4,2010-01-11,1,1,1,2010,1,11
541,15,3,1,27.0,73.0,141.0,59.0,55.0,22.0,331.0,20.0,50.0,70.0,120.0,4,2011-01-02,1,1,1,2011,1,2
541,15,3,1,15.0,65.0,117.0,53.0,50.0,20.0,361.0,20.0,50.0,60.0,110.0,4,2011-01-05,1,1,1,2011,1,5
541,15,3,1,12.0,60.0,108.0,49.0,47.0,18.0,414.0,20.0,40.0,60.0,100.0,4,2011-01-08,1,1,1,2011,1,8
559,0,3,0,262.0,407.0,678.0,271.0,145.0,94.0,2101.0,370.0,340.0,500.0,840.0,2,2010-01-01,0,4,1,2010,1,1
559,0,3,0,243.0,252.0,496.0,213.0,88.0,66.0,942.0,160.0,180.0,220.0,400.0,9,2011-01-02,2,10,0,2011,1,2
559,0,3,0,253.0,277.0,507.0,235.0,87.0,72.0,1060.0,180.0,200.0,250.0,450.0,9,2011-01-05,2,10,0,2011,1,5
559,0,3,0,129.0,212.0,423.0,211.0,83.0,59.0,1778.0,140.0,200.0,210.0,410.0,4,2010-01-11,1,1,1,2010,1,11
561,3,1,0,67.0,126.0,210.0,84.0,59.0,27.0,632.0,70.0,80.0,110.0,190.0,2,2010-01-03,0,4,1,2010,1,3
561,3,1,0,93.0,120.0,213.0,80.0,57.0,26.0,640.0,80.0,70.0,120.0,190.0,2,2011-01-02,0,4,1,2011,1,2
561,3,1,0,98.0,155.0,267.0,112.0,57.0,34.0,502.0,100.0,100.0,150.0,250.0,3,2010-01-04,0,7,0,2010,1,4
561,3,1,0,76.0,127.0,218.0,91.0,51.0,28.0,656.0,90.0,70.0,110.0,180.0,3,2010-01-10,0,7,0,2010,1,10
561,3,1,0,141.0,161.0,275.0,116.0,55.0,35.0,678.0,100.0,110.0,150.0,260.0,3,2011-01-08,0,7,0,2011,1,8
561,3,1,0,28.0,47.0,78.0,31.0,19.0,8.0,856.0,40.0,30.0,50.0,80.0,13,2010-01-11,3,9,1,2010,1,11
561,3,1,0,51.0,103.0,180.0,77.0,52.0,25.0,557.0,60.0,70.0,100.0,170.0,6,2010-01-11,1,6,0,2010,1,11
561,3,1,0,21.0,43.0,76.0,33.0,22.0,10.0,577.0,20.0,20.0,30.0,50.0,8,2010-01-09,2,3,0,2010,1,9
561,3,1,0,11.0,30.0,52.0,22.0,19.0,7.0,570.0,10.0,10.0,20.0,30.0,8,2010-01-11,2,3,0,2010,1,11
561,3,1,0,19.0,67.0,129.0,54.0,54.0,20.0,391.0,10.0,40.0,40.0,80.0,9,2011-01-11,2,10,0,2011,1,11
561,3,1,0,50.0,96.0,176.0,80.0,46.0,24.0,1079.0,30.0,60.0,60.0,120.0,10,2010-01-12,2,11,0,2010,1,12
561,3,1,0,65.0,89.0,175.0,75.0,45.0,23.0,1063.0,30.0,50.0,60.0,110.0,10,2011-01-11,2,11,0,2011,1,11
561,3,1,0,47.0,52.0,93.0,35.0,20.0,9.0,875.0,50.0,30.0,60.0,90.0,11,2011-01-09,3,5,1,2011,1,9
561,3,1,0,52.0,56.0,100.0,38.0,21.0,10.0,871.0,50.0,40.0,60.0,100.0,11,2011-01-10,3,5,1,2011,1,10
562,0,3,0,-139.0,-67.0,87.0,154.0,72.0,49.0,2105.0,-150.0,190.0,-90.0,100.0,1,2010-01-08,0,0,1,2010,1,8
562,0,3,0,-113.0,-13.0,117.0,123.0,63.0,39.0,964.0,-70.0,150.0,-20.0,130.0,1,2011-01-04,0,0,1,2011,1,4
562,0,3,0,465.0,474.0,842.0,316.0,161.0,110.0,2580.0,450.0,390.0,590.0,980.0,2,2011-01-09,0,4,1,2011,1,9
562,0,3,0,56.0,110.0,182.0,72.0,54.0,23.0,650.0,50.0,20.0,60.0,80.0,13,2010-01-10,3,9,1,2010,1,10
562,0,3,0,45.0,225.0,387.0,162.0,180.0,147.0,943.0,60.0,150.0,220.0,370.0,5,2010-01-07,1,2,1,2010,1,7
562,0,3,0,27.0,173.0,298.0,125.0,146.0,113.0,898.0,50.0,110.0,160.0,270.0,5,2010-01-10,1,2,1,2010,1,10
562,0,3,0,240.0,362.0,634.0,272.0,122.0,89.0,1616.0,230.0,260.0,340.0,600.0,6,2010-01-06,1,6,0,2010,1,6
562,0,3,0,357.0,387.0,672.0,291.0,119.0,96.0,1742.0,260.0,270.0,380.0,650.0,6,2011-01-07,1,6,0,2011,1,7
562,0,3,0,101.0,139.0,234.0,95.0,38.0,26.0,799.0,100.0,80.0,120.0,200.0,8,2010-01-03,2,3,0,2010,1,3
562,0,3,0,156.0,145.0,261.0,100.0,40.0,28.0,981.0,110.0,80.0,130.0,210.0,8,2011-01-09,2,3,0,2011,1,9
562,0,3,0,186.0,281.0,520.0,239.0,95.0,74.0,1246.0,170.0,190.0,220.0,410.0,9,2010-01-10,2,10,0,2010,1,10
562,0,3,0,69.0,109.0,193.0,84.0,40.0,27.0,603.0,60.0,70.0,90.0,160.0,10,2010-01-03,2,11,0,2010,1,3
562,0,3,0,92.0,100.0,190.0,78.0,38.0,25.0,593.0,60.0,60.0,90.0,150.0,10,2011-01-04,2,11,0,2011,1,4
562,0,3,0,112.0,152.0,256.0,104.0,40.0,29.0,952.0,100.0,60.0,110.0,170.0,11,2010-01-07,3,5,1,2010,1,7
562,0,3,0,134.0,179.0,302.0,123.0,45.0,34.0,915.0,80.0,50.0,90.0,140.0,11,2010-01-10,3,5,1,2010,1,10
562,0,3,0,146.0,130.0,245.0,89.0,38.0,24.0,777.0,80.0,50.0,90.0,140.0,11,2011-01-01,3,5,1,2011,1,1
562,0,3,0,123.0,124.0,208.0,86.0,33.0,24.0,499.0,80.0,50.0,90.0,140.0,12,2011-01-05,3,8,1,2011,1,5
562,0,3,0,149.0,239.0,478.0,239.0,90.0,66.0,1755.0,160.0,210.0,220.0,430.0,4,2010-01-10,1,1,1,2010,1,10
563,5,0,1,15.0,31.0,52.0,21.0,16.0,5.0,846.0,30.0,10.0,30.0,40.0,1,2010-01-10,0,0,1,2010,1,10
563,5,0,1,8.0,24.0,39.0,15.0,16.0,4.0,848.0,10.0,10.0,20.0,30.0,1,2010-01-11,0,0,1,2010,1,11
563,5,0,1,17.0,27.0,50.0,18.0,17.0,5.0,821.0,20.0,10.0,30.0,40.0,1,2011-01-01,0,0,1,2011,1,1
563,5,0,1,15.0,25.0,44.0,16.0,15.0,4.0,851.0,20.0,10.0,30.0,40.0,1,2011-01-12,0,0,1,2011,1,12
563,5,0,1,8.0,38.0,70.0,32.0,30.0,9.0,996.0,20.0,30.0,40.0,70.0,2,2010-01-06,0,4,1,2010,1,6
563,5,0,1,15.0,49.0,90.0,41.0,34.0,12.0,1007.0,20.0,40.0,50.0,90.0,2,2010-01-08,0,4,1,2010,1,8
563,5,0,1,5.0,35.0,64.0,29.0,30.0,8.0,1003.0,20.0,20.0,40.0,60.0,2,2010-01-11,0,4,1,2010,1,11
563,5,0,1,8.0,38.0,69.0,31.0,30.0,9.0,1009.0,10.0,30.0,30.0,60.0,2,2010-01-12,0,4,1,2010,1,12
563,5,0,1,12.0,31.0,54.0,23.0,19.0,7.0,617.0,20.0,20.0,30.0,50.0,3,2010-01-03,0,7,0,2010,1,3
563,5,0,1,3.0,20.0,35.0,15.0,17.0,4.0,600.0,10.0,10.0,20.0,30.0,3,2010-01-09,0,7,0,2010,1,9
563,5,0,1,11.0,26.0,43.0,17.0,15.0,4.0,777.0,30.0,10.0,40.0,50.0,5,2010-01-01,1,2,1,2010,1,1
563,5,0,1,10.0,26.0,43.0,17.0,16.0,4.0,776.0,30.0,10.0,40.0,50.0,5,2010-01-04,1,2,1,2010,1,4
563,5,0,1,17.0,26.0,48.0,17.0,16.0,4.0,777.0,30.0,10.0,40.0,50.0,5,2011-01-01,1,2,1,2011,1,1
563,5,0,1,21.0,32.0,53.0,21.0,16.0,5.0,798.0,30.0,20.0,40.0,60.0,5,2011-01-06,1,2,1,2011,1,6
563,5,0,1,25.0,35.0,57.0,23.0,16.0,6.0,806.0,30.0,20.0,40.0,60.0,5,2011-01-08,1,2,1,2011,1,8
563,5,0,1,10.0,26.0,43.0,17.0,16.0,4.0,777.0,30.0,10.0,40.0,50.0,6,2010-01-01,1,6,0,2010,1,1
563,5,0,1,32.0,43.0,43.0,0.0,11.0,0.0,731.0,40.0,0.0,50.0,50.0,6,2010-01-03,1,6,0,2010,1,3
563,5,0,1,43.0,43.0,43.0,0.0,11.0,0.0,645.0,40.0,0.0,50.0,50.0,6,2011-01-05,1,6,0,2011,1,5
563,5,0,1,43.0,43.0,43.0,0.0,11.0,0.0,602.0,40.0,0.0,50.0,50.0,6,2011-01-06,1,6,0,2011,1,6
563,5,0,1,43.0,43.0,43.0,0.0,11.0,0.0,559.0,40.0,0.0,50.0,50.0,6,2011-01-07,1,6,0,2011,1,7
563,5,0,1,43.0,43.0,43.0,0.0,11.0,0.0,516.0,40.0,0.0,50.0,50.0,6,2011-01-08,1,6,0,2011,1,8
563,5,0,1,46.0,43.0,46.0,0.0,12.0,0.0,430.0,60.0,0.0,60.0,60.0,6,2011-01-10,1,6,0,2011,1,10
563,5,0,1,47.0,43.0,46.0,0.0,11.0,0.0,344.0,40.0,0.0,50.0,50.0,6,2011-01-12,1,6,0,2011,1,12
563,5,0,1,201.0,311.0,545.0,234.0,110.0,77.0,1282.0,190.0,200.0,270.0,470.0,8,2010-01-02,2,3,0,2010,1,2
563,5,0,1,220.0,335.0,587.0,252.0,115.0,83.0,1316.0,210.0,210.0,300.0,510.0,8,2010-01-04,2,3,0,2010,1,4
563,5,0,1,231.0,349.0,612.0,263.0,118.0,86.0,1433.0,220.0,220.0,310.0,530.0,8,2010-01-05,2,3,0,2010,1,5
563,5,0,1,298.0,311.0,581.0,234.0,110.0,77.0,1282.0,190.0,200.0,270.0,470.0,8,2011-01-02,2,3,0,2011,1,2
563,5,0,1,315.0,324.0,604.0,243.0,112.0,80.0,1260.0,210.0,200.0,290.0,490.0,8,2011-01-03,2,3,0,2011,1,3
563,5,0,1,326.0,335.0,626.0,252.0,115.0,83.0,1316.0,210.0,210.0,300.0,510.0,8,2011-01-04,2,3,0,2011,1,4
563,5,0,1,333.0,362.0,628.0,272.0,113.0,89.0,1616.0,230.0,230.0,320.0,550.0,8,2011-01-06,2,3,0,2011,1,6
563,5,0,1,86.0,139.0,234.0,95.0,53.0,30.0,608.0,90.0,80.0,120.0,200.0,9,2010-01-01,2,10,0,2010,1,1
563,5,0,1,95.0,150.0,254.0,104.0,55.0,33.0,596.0,110.0,80.0,140.0,220.0,9,2010-01-02,2,10,0,2010,1,2
563,5,0,1,115.0,176.0,298.0,122.0,61.0,39.0,801.0,120.0,100.0,160.0,260.0,9,2010-01-09,2,10,0,2010,1,9
563,5,0,1,168.0,185.0,309.0,127.0,59.0,40.0,671.0,130.0,100.0,170.0,270.0,9,2011-01-05,2,10,0,2011,1,5
563,5,0,1,207.0,222.0,373.0,154.0,67.0,49.0,833.0,150.0,130.0,200.0,330.0,9,2011-01-07,2,10,0,2011,1,7
563,5,0,1,141.0,229.0,457.0,228.0,88.0,63.0,1436.0,140.0,190.0,210.0,400.0,11,2010-01-02,3,5,1,2010,1,2
563,5,0,1,149.0,239.0,478.0,239.0,90.0,66.0,1755.0,110.0,170.0,170.0,340.0,11,2010-01-10,3,5,1,2010,1,10
563,5,0,1,226.0,261.0,516.0,260.0,90.0,72.0,1715.0,150.0,220.0,230.0,450.0,11,2011-01-06,3,5,1,2011,1,6
563,5,0,1,230.0,266.0,527.0,266.0,92.0,74.0,1819.0,150.0,220.0,240.0,460.0,11,2011-01-07,3,5,1,2011,1,7
563,5,0,1,230.0,249.0,531.0,249.0,94.0,69.0,1775.0,140.0,210.0,220.0,430.0,11,2011-01-09,3,5,1,2011,1,9
563,5,0,1,191.0,212.0,451.0,211.0,83.0,59.0,1778.0,110.0,170.0,180.0,350.0,11,2011-01-11,3,5,1,2011,1,11
563,5,0,1,190.0,324.0,589.0,265.0,134.0,100.0,1538.0,170.0,220.0,290.0,510.0,12,2010-01-05,3,8,1,2010,1,5
563,5,0,1,197.0,332.0,603.0,271.0,135.0,102.0,1714.0,180.0,230.0,300.0,530.0,12,2010-01-06,3,8,1,2010,1,6
563,5,0,1,183.0,312.0,567.0,255.0,129.0,96.0,1756.0,130.0,170.0,230.0,400.0,12,2010-01-10,3,8,1,2010,1,10
563,5,0,1,260.0,301.0,582.0,245.0,126.0,93.0,1369.0,160.0,210.0,270.0,480.0,12,2011-01-03,3,8,1,2011,1,3
563,5,0,1,276.0,318.0,616.0,260.0,132.0,98.0,1423.0,160.0,220.0,280.0,500.0,12,2011-01-04,3,8,1,2011,1,4
563,5,0,1,321.0,360.0,697.0,294.0,144.0,111.0,1838.0,170.0,240.0,300.0,540.0,12,2011-01-12,3,8,1,2011,1,12
567,13,0,0,42.0,74.0,137.0,55.0,46.0,18.0,336.0,50.0,50.0,80.0,130.0,1,2011-01-04,0,0,1,2011,1,4
567,13,0,0,-3.0,73.0,125.0,52.0,76.0,47.0,509.0,10.0,50.0,70.0,120.0,3,2010-01-11,0,7,0,2010,1,11
567,13,0,0,-12.0,56.0,94.0,39.0,60.0,36.0,517.0,0.0,40.0,50.0,90.0,3,2011-01-07,0,7,0,2011,1,7
567,13,0,0,93.0,163.0,325.0,162.0,70.0,45.0,1091.0,130.0,180.0,200.0,380.0,5,2010-01-04,1,2,1,2010,1,4
567,13,0,0,92.0,161.0,322.0,161.0,69.0,45.0,1267.0,190.0,230.0,240.0,470.0,5,2010-01-10,1,2,1,2010,1,10
567,13,0,0,6.0,57.0,102.0,45.0,51.0,17.0,409.0,30.0,50.0,70.0,120.0,6,2010-01-09,1,6,0,2010,1,9
567,13,0,0,9.0,25.0,41.0,16.0,16.0,4.0,484.0,20.0,10.0,20.0,30.0,8,2010-01-08,2,3,0,2010,1,8
567,13,0,0,45.0,48.0,90.0,32.0,20.0,8.0,456.0,50.0,20.0,50.0,70.0,8,2011-01-01,2,3,0,2011,1,1
567,13,0,0,23.0,42.0,71.0,29.0,19.0,8.0,835.0,40.0,20.0,40.0,60.0,9,2010-01-05,2,10,0,2010,1,5
567,13,0,0,68.0,126.0,210.0,84.0,58.0,27.0,651.0,60.0,70.0,110.0,180.0,11,2010-01-01,3,5,1,2010,1,1
567,13,0,0,104.0,116.0,224.0,84.0,51.0,26.0,500.0,60.0,70.0,100.0,170.0,12,2011-01-01,3,8,1,2011,1,1
567,13,0,0,145.0,164.0,279.0,118.0,55.0,36.0,636.0,90.0,100.0,140.0,240.0,12,2011-01-06,3,8,1,2011,1,6
573,8,0,1,39.0,104.0,189.0,85.0,65.0,32.0,476.0,40.0,90.0,100.0,190.0,2,2010-01-03,0,4,1,2010,1,3
573,8,0,1,35.0,98.0,178.0,80.0,63.0,30.0,494.0,50.0,80.0,100.0,180.0,2,2010-01-04,0,4,1,2010,1,4
573,8,0,1,33.0,96.0,173.0,77.0,63.0,29.0,529.0,50.0,80.0,100.0,180.0,2,2010-01-05,0,4,1,2010,1,5
573,8,0,1,31.0,93.0,169.0,76.0,62.0,28.0,580.0,40.0,80.0,90.0,170.0,2,2010-01-06,0,4,1,2010,1,6
573,8,0,1,38.0,102.0,184.0,82.0,64.0,31.0,601.0,40.0,80.0,100.0,180.0,2,2010-01-11,0,4,1,2010,1,11
573,8,0,1,26.0,85.0,153.0,68.0,59.0,25.0,619.0,40.0,60.0,90.0,150.0,2,2010-01-12,0,4,1,2010,1,12
573,8,0,1,62.0,107.0,206.0,86.0,65.0,32.0,484.0,50.0,90.0,110.0,200.0,2,2011-01-02,0,4,1,2011,1,2
573,8,0,1,52.0,98.0,190.0,80.0,63.0,30.0,494.0,50.0,80.0,100.0,180.0,2,2011-01-04,0,4,1,2011,1,4
573,8,0,1,46.0,96.0,171.0,77.0,59.0,29.0,529.0,50.0,80.0,100.0,180.0,2,2011-01-05,0,4,1,2011,1,5
573,8,0,1,43.0,93.0,167.0,76.0,58.0,28.0,580.0,40.0,80.0,90.0,170.0,2,2011-01-06,0,4,1,2011,1,6
573,8,0,1,37.0,83.0,160.0,67.0,58.0,25.0,599.0,30.0,70.0,80.0,150.0,2,2011-01-09,0,4,1,2011,1,9
573,8,0,1,52.0,98.0,189.0,79.0,63.0,30.0,593.0,70.0,70.0,100.0,170.0,2,2011-01-10,0,4,1,2011,1,10
573,8,0,1,56.0,102.0,196.0,82.0,64.0,31.0,601.0,40.0,80.0,100.0,180.0,2,2011-01-11,0,4,1,2011,1,11
573,8,0,1,39.0,85.0,163.0,68.0,59.0,25.0,619.0,40.0,60.0,90.0,150.0,2,2011-01-12,0,4,1,2011,1,12
573,8,0,1,47.0,92.0,170.0,78.0,45.0,24.0,965.0,50.0,80.0,90.0,170.0,3,2010-01-01,0,7,0,2010,1,1
573,8,0,1,45.0,89.0,163.0,74.0,44.0,22.0,949.0,60.0,70.0,100.0,170.0,3,2010-01-03,0,7,0,2010,1,3
573,8,0,1,70.0,91.0,178.0,76.0,44.0,23.0,965.0,50.0,80.0,90.0,170.0,3,2011-01-04,0,7,0,2011,1,4
573,8,0,1,-4.0,41.0,74.0,33.0,45.0,12.0,193.0,0.0,20.0,40.0,60.0,13,2010-01-02,3,9,1,2010,1,2
573,8,0,1,-4.0,42.0,75.0,33.0,46.0,12.0,190.0,0.0,20.0,40.0,60.0,13,2010-01-03,3,9,1,2010,1,3
573,8,0,1,-2.0,44.0,79.0,35.0,46.0,13.0,197.0,-10.0,30.0,30.0,60.0,13,2010-01-04,3,9,1,2010,1,4
573,8,0,1,-2.0,45.0,81.0,36.0,47.0,13.0,212.0,0.0,30.0,40.0,70.0,13,2010-01-05,3,9,1,2010,1,5
573,8,0,1,0.0,46.0,82.0,36.0,46.0,13.0,236.0,0.0,30.0,40.0,70.0,13,2010-01-06,3,9,1,2010,1,6
573,8,0,1,2.0,51.0,91.0,40.0,49.0,15.0,244.0,10.0,30.0,50.0,80.0,13,2010-01-09,3,9,1,2010,1,9
573,8,0,1,-6.0,41.0,79.0,33.0,45.0,12.0,193.0,0.0,20.0,40.0,60.0,13,2011-01-02,3,9,1,2011,1,2
573,8,0,1,1.0,48.0,85.0,38.0,44.0,14.0,248.0,0.0,30.0,40.0,70.0,13,2011-01-08,3,9,1,2011,1,8
573,8,0,1,48.0,73.0,123.0,50.0,25.0,14.0,821.0,70.0,50.0,90.0,140.0,5,2010-01-01,1,2,1,2010,1,1
573,8,0,1,48.0,73.0,123.0,50.0,25.0,14.0,814.0,70.0,50.0,90.0,140.0,5,2010-01-02,1,2,1,2010,1,2
573,8,0,1,47.0,72.0,121.0,49.0,25.0,13.0,809.0,70.0,50.0,90.0,140.0,5,2010-01-03,1,2,1,2010,1,3
573,8,0,1,32.0,52.0,87.0,35.0,20.0,9.0,894.0,40.0,40.0,60.0,100.0,5,2010-01-07,1,2,1,2010,1,7
573,8,0,1,75.0,73.0,138.0,50.0,26.0,14.0,821.0,70.0,50.0,90.0,140.0,5,2011-01-01,1,2,1,2011,1,1
573,8,0,1,70.0,72.0,129.0,49.0,25.0,13.0,809.0,70.0,50.0,90.0,140.0,5,2011-01-03,1,2,1,2011,1,3
573,8,0,1,61.0,64.0,115.0,44.0,23.0,12.0,886.0,50.0,50.0,70.0,120.0,5,2011-01-09,1,2,1,2011,1,9
573,8,0,1,53.0,59.0,106.0,40.0,23.0,11.0,881.0,90.0,50.0,90.0,140.0,5,2011-01-10,1,2,1,2011,1,10
573,8,0,1,76.0,78.0,141.0,54.0,27.0,15.0,885.0,80.0,60.0,100.0,160.0,5,2011-01-11,1,2,1,2011,1,11
573,8,0,1,71.0,73.0,131.0,50.0,25.0,14.0,898.0,70.0,60.0,90.0,150.0,5,2011-01-12,1,2,1,2011,1,12
573,8,0,1,38.0,61.0,103.0,42.0,23.0,11.0,771.0,60.0,40.0,80.0,120.0,6,2010-01-02,1,6,0,2010,1,2
573,8,0,1,44.0,67.0,112.0,45.0,23.0,12.0,777.0,60.0,50.0,80.0,130.0,6,2010-01-04,1,6,0,2010,1,4
573,8,0,1,31.0,53.0,89.0,36.0,22.0,10.0,828.0,40.0,40.0,60.0,100.0,6,2010-01-06,1,6,0,2010,1,6
573,8,0,1,70.0,68.0,128.0,46.0,24.0,12.0,777.0,60.0,50.0,80.0,130.0,6,2011-01-01,1,6,0,2011,1,1
573,8,0,1,67.0,70.0,126.0,48.0,25.0,13.0,766.0,60.0,50.0,80.0,130.0,6,2011-01-03,1,6,0,2011,1,3
573,8,0,1,65.0,67.0,119.0,45.0,23.0,12.0,777.0,60.0,50.0,80.0,130.0,6,2011-01-04,1,6,0,2011,1,4
573,8,0,1,39.0,48.0,79.0,32.0,19.0,8.0,841.0,50.0,30.0,60.0,90.0,6,2011-01-08,1,6,0,2011,1,8
573,8,0,1,-11.0,53.0,90.0,37.0,64.0,34.0,261.0,0.0,30.0,40.0,70.0,8,2010-01-01,2,3,0,2010,1,1
573,8,0,1,-6.0,64.0,109.0,45.0,70.0,41.0,320.0,30.0,20.0,60.0,80.0,8,2010-01-10,2,3,0,2010,1,10
573,8,0,1,-8.0,62.0,106.0,44.0,70.0,40.0,325.0,0.0,40.0,50.0,90.0,8,2010-01-11,2,3,0,2010,1,11
573,8,0,1,-17.0,53.0,101.0,37.0,67.0,34.0,261.0,0.0,30.0,40.0,70.0,8,2011-01-01,2,3,0,2011,1,1
573,8,0,1,-12.0,61.0,111.0,43.0,69.0,39.0,256.0,10.0,30.0,60.0,90.0,8,2011-01-02,2,3,0,2011,1,2
573,8,0,1,-9.0,64.0,116.0,45.0,70.0,41.0,320.0,30.0,20.0,60.0,80.0,8,2011-01-10,2,3,0,2011,1,10
573,8,0,1,-41.0,19.0,139.0,120.0,60.0,37.0,1439.0,-20.0,100.0,20.0,120.0,9,2010-01-08,2,10,0,2010,1,8
573,8,0,1,-26.0,23.0,109.0,86.0,49.0,26.0,1698.0,10.0,60.0,20.0,80.0,9,2010-01-10,2,10,0,2010,1,10
573,8,0,1,-9.0,40.0,122.0,82.0,49.0,25.0,1804.0,0.0,70.0,40.0,110.0,9,2010-01-11,2,10,0,2010,1,11
573,8,0,1,16.0,68.0,160.0,92.0,52.0,28.0,1898.0,20.0,80.0,60.0,140.0,9,2010-01-12,2,10,0,2010,1,12
573,8,0,1,-47.0,18.0,109.0,84.0,50.0,26.0,625.0,-20.0,70.0,10.0,80.0,9,2011-01-02,2,10,0,2011,1,2
573,8,0,1,-65.0,11.0,123.0,104.0,55.0,32.0,1574.0,-10.0,80.0,20.0,100.0,9,2011-01-09,2,10,0,2011,1,9
573,8,0,1,11.0,51.0,89.0,38.0,40.0,12.0,256.0,10.0,30.0,40.0,70.0,11,2010-01-12,3,5,1,2010,1,12
573,8,0,1,14.0,47.0,92.0,35.0,40.0,11.0,196.0,10.0,30.0,40.0,70.0,11,2011-01-01,3,5,1,2011,1,1
573,8,0,1,26.0,60.0,104.0,45.0,38.0,14.0,253.0,30.0,30.0,60.0,90.0,11,2011-01-08,3,5,1,2011,1,8
573,8,0,1,19.0,52.0,97.0,39.0,39.0,12.0,248.0,20.0,30.0,50.0,80.0,11,2011-01-09,3,5,1,2011,1,9
573,8,0,1,-9.0,36.0,65.0,29.0,45.0,11.0,169.0,-10.0,20.0,30.0,50.0,12,2010-01-01,3,8,1,2010,1,1
573,8,0,1,-3.0,43.0,78.0,35.0,46.0,13.0,204.0,-10.0,30.0,30.0,60.0,12,2010-01-06,3,8,1,2010,1,6
573,8,0,1,-16.0,25.0,45.0,20.0,41.0,7.0,218.0,-10.0,10.0,20.0,30.0,12,2010-01-12,3,8,1,2010,1,12
573,8,0,1,-10.0,38.0,72.0,30.0,45.0,11.0,165.0,-10.0,20.0,30.0,50.0,12,2011-01-02,3,8,1,2011,1,2
573,8,0,1,-16.0,31.0,60.0,25.0,42.0,9.0,209.0,0.0,10.0,20.0,30.0,12,2011-01-10,3,8,1,2011,1,10
573,8,0,1,-4.0,42.0,81.0,34.0,45.0,12.0,211.0,0.0,20.0,40.0,60.0,12,2011-01-11,3,8,1,2011,1,11
580,14,2,1,29.0,56.0,100.0,44.0,27.0,14.0,623.0,50.0,50.0,70.0,120.0,2,2010-01-01,0,4,1,2010,1,1
580,14,2,1,30.0,56.0,99.0,43.0,26.0,14.0,602.0,50.0,50.0,70.0,120.0,2,2010-01-05,0,4,1,2010,1,5
580,14,2,1,28.0,53.0,94.0,41.0,25.0,13.0,592.0,40.0,50.0,60.0,110.0,2,2010-01-07,0,4,1,2010,1,7
580,14,2,1,47.0,79.0,140.0,61.0,32.0,20.0,579.0,80.0,70.0,100.0,170.0,2,2010-01-09,0,4,1,2010,1,9
580,14,2,1,45.0,56.0,112.0,44.0,28.0,14.0,623.0,50.0,50.0,70.0,120.0,2,2011-01-01,0,4,1,2011,1,1
580,14,2,1,39.0,53.0,93.0,41.0,23.0,13.0,592.0,40.0,50.0,60.0,110.0,2,2011-01-07,0,4,1,2011,1,7
580,14,2,1,73.0,87.0,154.0,68.0,32.0,22.0,587.0,80.0,80.0,110.0,190.0,2,2011-01-08,0,4,1,2011,1,8
580,14,2,1,70.0,79.0,149.0,61.0,32.0,20.0,579.0,80.0,70.0,100.0,170.0,2,2011-01-09,0,4,1,2011,1,9
580,14,2,1,98.0,104.0,197.0,81.0,38.0,26.0,551.0,100.0,90.0,130.0,220.0,2,2011-01-12,0,4,1,2011,1,12
580,14,2,1,28.0,48.0,80.0,32.0,20.0,8.0,821.0,50.0,40.0,60.0,100.0,3,2010-01-01,0,7,0,2010,1,1
580,14,2,1,23.0,43.0,72.0,29.0,20.0,8.0,862.0,50.0,30.0,60.0,90.0,3,2010-01-09,0,7,0,2010,1,9
580,14,2,1,30.0,52.0,88.0,36.0,22.0,10.0,862.0,40.0,40.0,60.0,100.0,3,2010-01-11,0,7,0,2010,1,11
580,14,2,1,28.0,49.0,82.0,33.0,21.0,9.0,870.0,50.0,30.0,60.0,90.0,3,2010-01-12,0,7,0,2010,1,12
580,14,2,1,43.0,48.0,85.0,32.0,19.0,8.0,817.0,50.0,40.0,60.0,100.0,3,2011-01-02,0,7,0,2011,1,2
580,14,2,1,37.0,45.0,80.0,30.0,20.0,8.0,820.0,50.0,30.0,60.0,90.0,3,2011-01-04,0,7,0,2011,1,4
580,14,2,1,34.0,43.0,77.0,29.0,20.0,8.0,862.0,50.0,30.0,60.0,90.0,3,2011-01-09,0,7,0,2011,1,9
580,14,2,1,45.0,52.0,94.0,36.0,22.0,10.0,862.0,40.0,40.0,60.0,100.0,3,2011-01-11,0,7,0,2011,1,11
580,14,2,1,16.0,32.0,53.0,21.0,16.0,5.0,454.0,30.0,10.0,30.0,40.0,5,2010-01-04,1,2,1,2010,1,4
580,14,2,1,13.0,30.0,50.0,20.0,17.0,5.0,482.0,30.0,10.0,30.0,40.0,5,2010-01-09,1,2,1,2010,1,9
580,14,2,1,24.0,44.0,73.0,29.0,20.0,8.0,490.0,20.0,20.0,30.0,50.0,5,2010-01-12,1,2,1,2010,1,12
580,14,2,1,44.0,48.0,90.0,32.0,21.0,8.0,456.0,40.0,20.0,40.0,60.0,5,2011-01-01,1,2,1,2011,1,1
580,14,2,1,25.0,34.0,60.0,22.0,17.0,6.0,452.0,30.0,10.0,30.0,40.0,5,2011-01-02,1,2,1,2011,1,2
580,14,2,1,22.0,32.0,56.0,21.0,17.0,5.0,449.0,30.0,10.0,30.0,40.0,5,2011-01-03,1,2,1,2011,1,3
580,14,2,1,14.0,25.0,41.0,16.0,14.0,4.0,484.0,20.0,10.0,20.0,30.0,5,2011-01-08,1,2,1,2011,1,8
580,14,2,1,19.0,30.0,53.0,20.0,17.0,5.0,482.0,30.0,10.0,30.0,40.0,5,2011-01-09,1,2,1,2011,1,9
580,14,2,1,22.0,32.0,56.0,21.0,17.0,5.0,480.0,30.0,0.0,30.0,30.0,5,2011-01-10,1,2,1,2011,1,10
580,14,2,1,43.0,48.0,85.0,32.0,19.0,8.0,482.0,30.0,20.0,40.0,60.0,5,2011-01-11,1,2,1,2011,1,11
580,14,2,1,36.0,44.0,78.0,29.0,20.0,8.0,490.0,20.0,20.0,30.0,50.0,5,2011-01-12,1,2,1,2011,1,12
580,14,2,1,68.0,126.0,210.0,84.0,58.0,27.0,632.0,70.0,70.0,110.0,180.0,6,2010-01-03,1,6,0,2010,1,3
580,14,2,1,74.0,134.0,222.0,88.0,60.0,29.0,653.0,80.0,70.0,120.0,190.0,6,2010-01-04,1,6,0,2010,1,4
580,14,2,1,103.0,172.0,286.0,114.0,69.0,37.0,822.0,100.0,90.0,150.0,240.0,6,2010-01-07,1,6,0,2010,1,7
580,14,2,1,87.0,150.0,249.0,99.0,63.0,32.0,798.0,80.0,80.0,130.0,210.0,6,2010-01-09,1,6,0,2010,1,9
580,14,2,1,101.0,126.0,224.0,84.0,58.0,27.0,632.0,70.0,70.0,110.0,180.0,6,2011-01-03,1,6,0,2011,1,3
580,14,2,1,109.0,141.0,233.0,94.0,58.0,31.0,697.0,80.0,80.0,120.0,200.0,6,2011-01-05,1,6,0,2011,1,5
580,14,2,1,142.0,172.0,283.0,114.0,64.0,37.0,810.0,100.0,90.0,150.0,240.0,6,2011-01-08,1,6,0,2011,1,8
580,14,2,1,92.0,119.0,210.0,78.0,57.0,25.0,798.0,40.0,60.0,90.0,150.0,6,2011-01-11,1,6,0,2011,1,11
580,14,2,1,13.0,66.0,120.0,54.0,53.0,20.0,301.0,20.0,50.0,60.0,110.0,8,2010-01-03,2,3,0,2010,1,3
580,14,2,1,15.0,70.0,127.0,57.0,55.0,21.0,313.0,30.0,50.0,70.0,120.0,8,2010-01-04,2,3,0,2010,1,4
580,14,2,1,20.0,77.0,140.0,63.0,57.0,23.0,397.0,20.0,60.0,70.0,130.0,8,2010-01-08,2,3,0,2010,1,8
580,14,2,1,24.0,82.0,149.0,67.0,58.0,25.0,391.0,30.0,60.0,80.0,140.0,8,2010-01-09,2,3,0,2010,1,9
580,14,2,1,16.0,65.0,126.0,53.0,54.0,20.0,306.0,20.0,50.0,60.0,110.0,8,2011-01-02,2,3,0,2011,1,2
580,14,2,1,26.0,74.0,132.0,59.0,51.0,22.0,377.0,30.0,50.0,80.0,130.0,8,2011-01-06,2,3,0,2011,1,6
580,14,2,1,26.0,74.0,132.0,59.0,51.0,22.0,403.0,30.0,50.0,80.0,130.0,8,2011-01-07,2,3,0,2011,1,7
580,14,2,1,36.0,82.0,159.0,67.0,58.0,25.0,391.0,30.0,60.0,80.0,140.0,8,2011-01-09,2,3,0,2011,1,9
580,14,2,1,24.0,70.0,134.0,56.0,54.0,21.0,385.0,50.0,40.0,70.0,110.0,8,2011-01-10,2,3,0,2011,1,10
580,14,2,1,19.0,67.0,129.0,54.0,54.0,20.0,391.0,20.0,50.0,60.0,110.0,8,2011-01-11,2,3,0,2011,1,11
580,14,2,1,10.0,111.0,190.0,79.0,101.0,72.0,551.0,30.0,70.0,110.0,180.0,9,2010-01-01,2,10,0,2010,1,1
580,14,2,1,25.0,154.0,264.0,110.0,129.0,100.0,665.0,40.0,100.0,150.0,250.0,9,2010-01-06,2,10,0,2010,1,6
580,14,2,1,34.0,184.0,317.0,133.0,150.0,120.0,705.0,60.0,120.0,190.0,310.0,9,2010-01-08,2,10,0,2010,1,8
580,14,2,1,16.0,130.0,223.0,93.0,114.0,84.0,692.0,40.0,80.0,130.0,210.0,9,2010-01-09,2,10,0,2010,1,9
580,14,2,1,15.0,130.0,224.0,94.0,115.0,85.0,694.0,20.0,80.0,120.0,200.0,9,2010-01-11,2,10,0,2010,1,11
580,14,2,1,20.0,145.0,250.0,105.0,125.0,95.0,716.0,30.0,90.0,140.0,230.0,9,2010-01-12,2,10,0,2010,1,12
580,14,2,1,23.0,129.0,219.0,92.0,104.0,83.0,599.0,40.0,80.0,130.0,210.0,9,2011-01-05,2,10,0,2011,1,5
580,14,2,1,30.0,145.0,266.0,105.0,125.0,95.0,716.0,30.0,90.0,140.0,230.0,9,2011-01-12,2,10,0,2011,1,12
580,14,2,1,128.0,195.0,336.0,141.0,67.0,43.0,-942.0,110.0,120.0,160.0,280.0,4,2010-01-07,1,1,1,2010,1,7
580,14,2,1,82.0,134.0,230.0,96.0,52.0,29.0,-1555.0,80.0,80.0,110.0,190.0,4,2010-01-09,1,1,1,2010,1,9
580,14,2,1,104.0,120.0,220.0,86.0,50.0,26.0,300.0,70.0,70.0,100.0,170.0,4,2011-01-02,1,1,1,2011,1,2
580,14,2,1,145.0,155.0,285.0,112.0,57.0,34.0,-120.0,90.0,90.0,130.0,220.0,4,2011-01-04,1,1,1,2011,1,4
585,12,1,0,295.0,454.0,756.0,302.0,159.0,105.0,2250.0,300.0,280.0,430.0,710.0,2,2010-01-05,0,4,1,2010,1,5
585,12,1,0,77.0,79.0,142.0,54.0,27.0,15.0,601.0,60.0,50.0,80.0,130.0,13,2011-01-12,3,9,1,2011,1,12
585,12,1,0,-203.0,-60.0,61.0,121.0,143.0,110.0,901.0,-190.0,110.0,-60.0,50.0,5,2010-01-02,1,2,1,2010,1,2
585,12,1,0,-197.0,-53.0,68.0,121.0,144.0,110.0,2932.0,-180.0,110.0,-50.0,60.0,5,2010-01-09,1,2,1,2010,1,9
585,12,1,0,-301.0,-60.0,65.0,121.0,143.0,110.0,901.0,-190.0,110.0,-60.0,50.0,5,2011-01-02,1,2,1,2011,1,2
585,12,1,0,191.0,258.0,547.0,255.0,129.0,96.0,1622.0,70.0,140.0,150.0,290.0,9,2011-01-10,2,10,0,2011,1,10
585,12,1,0,303.0,331.0,614.0,245.0,127.0,93.0,1704.0,140.0,180.0,240.0,420.0,9,2011-01-11,2,10,0,2011,1,11
585,12,1,0,105.0,145.0,245.0,100.0,40.0,28.0,822.0,130.0,100.0,160.0,260.0,11,2010-01-04,3,5,1,2010,1,4
585,12,1,0,171.0,157.0,282.0,108.0,42.0,30.0,971.0,140.0,110.0,170.0,280.0,11,2011-01-10,3,5,1,2011,1,10
585,12,1,0,135.0,126.0,227.0,87.0,35.0,24.0,756.0,110.0,90.0,140.0,230.0,12,2011-01-03,3,8,1,2011,1,3
585,12,1,0,264.0,352.0,580.0,228.0,88.0,63.0,1402.0,280.0,210.0,350.0,560.0,7,2010-01-02,1,12,1,2010,1,2
585,12,1,0,182.0,280.0,546.0,266.0,98.0,74.0,1355.0,190.0,250.0,280.0,530.0,7,2010-01-07,1,12,1,2010,1,7
585,12,1,0,247.0,277.0,538.0,266.0,91.0,74.0,1319.0,190.0,250.0,280.0,530.0,7,2011-01-08,1,12,1,2011,1,8
603,10,1,1,20.0,55.0,93.0,38.0,35.0,12.0,241.0,30.0,30.0,50.0,80.0,1,2010-01-01,0,0,1,2010,1,1
603,10,1,1,25.0,60.0,101.0,41.0,35.0,13.0,236.0,40.0,30.0,60.0,90.0,1,2010-01-02,0,0,1,2010,1,2
603,10,1,1,29.0,64.0,107.0,43.0,35.0,13.0,231.0,40.0,40.0,60.0,100.0,1,2010-01-03,0,0,1,2010,1,3
603,10,1,1,33.0,72.0,121.0,49.0,39.0,15.0,241.0,40.0,40.0,70.0,110.0,1,2010-01-04,0,0,1,2010,1,4
603,10,1,1,35.0,74.0,125.0,51.0,39.0,16.0,265.0,40.0,40.0,70.0,110.0,1,2010-01-05,0,0,1,2010,1,5
603,10,1,1,41.0,82.0,138.0,56.0,41.0,17.0,302.0,50.0,50.0,80.0,130.0,1,2010-01-06,0,0,1,2010,1,6
603,10,1,1,49.0,90.0,151.0,61.0,41.0,19.0,329.0,70.0,50.0,90.0,140.0,1,2010-01-07,0,0,1,2010,1,7
603,10,1,1,48.0,90.0,151.0,61.0,42.0,19.0,322.0,70.0,50.0,90.0,140.0,1,2010-01-08,0,0,1,2010,1,8
603,10,1,1,33.0,71.0,120.0,49.0,38.0,15.0,315.0,50.0,40.0,70.0,110.0,1,2010-01-09,0,0,1,2010,1,9
603,10,1,1,33.0,71.0,120.0,49.0,38.0,15.0,310.0,60.0,30.0,60.0,90.0,1,2010-01-10,0,0,1,2010,1,10
603,10,1,1,30.0,67.0,113.0,46.0,37.0,14.0,316.0,40.0,40.0,60.0,100.0,1,2010-01-11,0,0,1,2010,1,11
603,10,1,1,37.0,75.0,127.0,52.0,38.0,16.0,327.0,50.0,40.0,70.0,110.0,1,2010-01-12,0,0,1,2010,1,12
603,10,1,1,31.0,55.0,104.0,38.0,37.0,12.0,241.0,30.0,30.0,50.0,80.0,1,2011-01-01,0,0,1,2011,1,1
603,10,1,1,37.0,60.0,108.0,41.0,35.0,13.0,236.0,40.0,30.0,60.0,90.0,1,2011-01-02,0,0,1,2011,1,2
603,10,1,1,43.0,64.0,114.0,43.0,35.0,13.0,231.0,40.0,40.0,60.0,100.0,1,2011-01-03,0,0,1,2011,1,3
603,10,1,1,49.0,72.0,129.0,49.0,39.0,15.0,241.0,40.0,40.0,70.0,110.0,1,2011-01-04,0,0,1,2011,1,4
603,10,1,1,48.0,74.0,124.0,51.0,36.0,16.0,265.0,40.0,40.0,70.0,110.0,1,2011-01-05,0,0,1,2011,1,5
603,10,1,1,57.0,82.0,137.0,56.0,38.0,17.0,302.0,50.0,50.0,80.0,130.0,1,2011-01-06,0,0,1,2011,1,6
603,10,1,1,68.0,90.0,150.0,61.0,38.0,19.0,329.0,70.0,50.0,90.0,140.0,1,2011-01-07,0,0,1,2011,1,7
603,10,1,1,66.0,90.0,150.0,61.0,39.0,19.0,322.0,70.0,50.0,90.0,140.0,1,2011-01-08,0,0,1,2011,1,8
603,10,1,1,49.0,71.0,128.0,49.0,38.0,15.0,315.0,50.0,40.0,70.0,110.0,1,2011-01-09,0,0,1,2011,1,9
603,10,1,1,49.0,71.0,128.0,49.0,38.0,15.0,310.0,60.0,30.0,60.0,90.0,1,2011-01-10,0,0,1,2011,1,10
603,10,1,1,45.0,67.0,120.0,46.0,37.0,14.0,316.0,40.0,40.0,60.0,100.0,1,2011-01-11,0,0,1,2011,1,11
603,10,1,1,55.0,75.0,135.0,52.0,38.0,16.0,327.0,50.0,40.0,70.0,110.0,1,2011-01-12,0,0,1,2011,1,12
603,10,1,1,25.0,72.0,120.0,48.0,47.0,15.0,372.0,40.0,40.0,70.0,110.0,2,2010-01-01,0,4,1,2010,1,1
603,10,1,1,23.0,69.0,114.0,45.0,46.0,14.0,366.0,30.0,40.0,60.0,100.0,2,2010-01-02,0,4,1,2010,1,2
603,10,1,1,26.0,72.0,119.0,47.0,46.0,15.0,361.0,40.0,40.0,70.0,110.0,2,2010-01-03,0,4,1,2010,1,3
603,10,1,1,27.0,75.0,125.0,50.0,48.0,16.0,372.0,40.0,40.0,70.0,110.0,2,2010-01-04,0,4,1,2010,1,4
603,10,1,1,31.0,80.0,132.0,52.0,49.0,17.0,397.0,50.0,40.0,80.0,120.0,2,2010-01-05,0,4,1,2010,1,5
603,10,1,1,42.0,94.0,156.0,62.0,52.0,20.0,436.0,60.0,50.0,90.0,140.0,2,2010-01-06,0,4,1,2010,1,6
603,10,1,1,43.0,96.0,160.0,64.0,53.0,21.0,467.0,60.0,60.0,90.0,150.0,2,2010-01-07,0,4,1,2010,1,7
603,10,1,1,44.0,96.0,160.0,64.0,52.0,21.0,460.0,60.0,60.0,90.0,150.0,2,2010-01-08,0,4,1,2010,1,8
603,10,1,1,34.0,84.0,139.0,55.0,50.0,18.0,453.0,50.0,50.0,80.0,130.0,2,2010-01-09,0,4,1,2010,1,9
603,10,1,1,24.0,69.0,114.0,45.0,45.0,14.0,447.0,50.0,30.0,60.0,90.0,2,2010-01-10,0,4,1,2010,1,10
603,10,1,1,20.0,66.0,109.0,43.0,46.0,14.0,452.0,30.0,30.0,60.0,90.0,2,2010-01-11,0,4,1,2010,1,11
603,10,1,1,28.0,74.0,122.0,48.0,46.0,15.0,462.0,30.0,40.0,60.0,100.0,2,2010-01-12,0,4,1,2010,1,12
603,10,1,1,39.0,72.0,134.0,48.0,49.0,15.0,372.0,40.0,40.0,70.0,110.0,2,2011-01-01,0,4,1,2011,1,1
603,10,1,1,34.0,69.0,121.0,45.0,46.0,14.0,366.0,30.0,40.0,60.0,100.0,2,2011-01-02,0,4,1,2011,1,2
603,10,1,1,39.0,72.0,127.0,47.0,46.0,15.0,361.0,40.0,40.0,70.0,110.0,2,2011-01-03,0,4,1,2011,1,3
603,10,1,1,40.0,75.0,133.0,50.0,48.0,16.0,372.0,40.0,40.0,70.0,110.0,2,2011-01-04,0,4,1,2011,1,4
603,10,1,1,43.0,80.0,131.0,52.0,46.0,17.0,397.0,50.0,40.0,80.0,120.0,2,2011-01-05,0,4,1,2011,1,5
603,10,1,1,58.0,94.0,155.0,62.0,48.0,20.0,436.0,60.0,50.0,90.0,140.0,2,2011-01-06,0,4,1,2011,1,6
603,10,1,1,59.0,96.0,159.0,64.0,49.0,21.0,467.0,60.0,60.0,90.0,150.0,2,2011-01-07,0,4,1,2011,1,7
603,10,1,1,61.0,96.0,159.0,64.0,48.0,21.0,460.0,60.0,60.0,90.0,150.0,2,2011-01-08,0,4,1,2011,1,8
603,10,1,1,50.0,84.0,148.0,55.0,50.0,18.0,453.0,50.0,50.0,80.0,130.0,2,2011-01-09,0,4,1,2011,1,9
603,10,1,1,36.0,69.0,121.0,45.0,45.0,14.0,447.0,50.0,30.0,60.0,90.0,2,2011-01-10,0,4,1,2011,1,10
603,10,1,1,30.0,66.0,116.0,43.0,46.0,14.0,452.0,30.0,30.0,60.0,90.0,2,2011-01-11,0,4,1,2011,1,11
603,10,1,1,42.0,74.0,130.0,48.0,46.0,15.0,462.0,30.0,40.0,60.0,100.0,2,2011-01-12,0,4,1,2011,1,12
603,10,1,1,11.0,26.0,43.0,17.0,15.0,4.0,777.0,20.0,10.0,30.0,40.0,13,2010-01-01,3,9,1,2010,1,1
603,10,1,1,32.0,43.0,43.0,0.0,11.0,0.0,774.0,30.0,0.0,40.0,40.0,13,2010-01-02,3,9,1,2010,1,2
603,10,1,1,32.0,43.0,43.0,0.0,11.0,0.0,731.0,30.0,0.0,40.0,40.0,13,2010-01-03,3,9,1,2010,1,3
603,10,1,1,32.0,43.0,43.0,0.0,11.0,0.0,688.0,30.0,0.0,40.0,40.0,13,2010-01-04,3,9,1,2010,1,4
603,10,1,1,32.0,43.0,43.0,0.0,11.0,0.0,645.0,30.0,0.0,40.0,40.0,13,2010-01-05,3,9,1,2010,1,5
603,10,1,1,32.0,43.0,43.0,0.0,11.0,0.0,602.0,30.0,0.0,40.0,40.0,13,2010-01-06,3,9,1,2010,1,6
603,10,1,1,31.0,43.0,43.0,0.0,12.0,0.0,559.0,30.0,0.0,40.0,40.0,13,2010-01-07,3,9,1,2010,1,7
603,10,1,1,31.0,43.0,43.0,0.0,12.0,0.0,516.0,30.0,0.0,40.0,40.0,13,2010-01-08,3,9,1,2010,1,8
603,10,1,1,31.0,43.0,43.0,0.0,12.0,0.0,473.0,30.0,0.0,40.0,40.0,13,2010-01-09,3,9,1,2010,1,9
603,10,1,1,32.0,43.0,43.0,0.0,11.0,0.0,430.0,40.0,0.0,40.0,40.0,13,2010-01-10,3,9,1,2010,1,10
603,10,1,1,32.0,43.0,43.0,0.0,11.0,0.0,387.0,30.0,0.0,40.0,40.0,13,2010-01-11,3,9,1,2010,1,11
603,10,1,1,32.0,43.0,43.0,0.0,11.0,0.0,344.0,30.0,0.0,40.0,40.0,13,2010-01-12,3,9,1,2010,1,12
603,10,1,1,17.0,26.0,48.0,17.0,16.0,4.0,777.0,20.0,10.0,30.0,40.0,13,2011-01-01,3,9,1,2011,1,1
603,10,1,1,47.0,43.0,46.0,0.0,11.0,0.0,774.0,30.0,0.0,40.0,40.0,13,2011-01-02,3,9,1,2011,1,2
603,10,1,1,47.0,43.0,46.0,0.0,11.0,0.0,731.0,30.0,0.0,40.0,40.0,13,2011-01-03,3,9,1,2011,1,3
603,10,1,1,47.0,43.0,46.0,0.0,11.0,0.0,688.0,30.0,0.0,40.0,40.0,13,2011-01-04,3,9,1,2011,1,4
603,10,1,1,44.0,43.0,43.0,0.0,10.0,0.0,645.0,30.0,0.0,40.0,40.0,13,2011-01-05,3,9,1,2011,1,5
603,10,1,1,44.0,43.0,43.0,0.0,10.0,0.0,602.0,30.0,0.0,40.0,40.0,13,2011-01-06,3,9,1,2011,1,6
603,10,1,1,43.0,43.0,43.0,0.0,11.0,0.0,559.0,30.0,0.0,40.0,40.0,13,2011-01-07,3,9,1,2011,1,7
603,10,1,1,43.0,43.0,43.0,0.0,11.0,0.0,516.0,30.0,0.0,40.0,40.0,13,2011-01-08,3,9,1,2011,1,8
603,10,1,1,46.0,43.0,46.0,0.0,12.0,0.0,473.0,30.0,0.0,40.0,40.0,13,2011-01-09,3,9,1,2011,1,9
603,10,1,1,47.0,43.0,46.0,0.0,11.0,0.0,430.0,40.0,0.0,40.0,40.0,13,2011-01-10,3,9,1,2011,1,10
603,10,1,1,47.0,43.0,46.0,0.0,11.0,0.0,387.0,30.0,0.0,40.0,40.0,13,2011-01-11,3,9,1,2011,1,11
603,10,1,1,47.0,43.0,46.0,0.0,11.0,0.0,344.0,30.0,0.0,40.0,40.0,13,2011-01-12,3,9,1,2011,1,12
603,10,1,1,-10.0,53.0,90.0,37.0,63.0,34.0,261.0,0.0,30.0,50.0,80.0,5,2010-01-01,1,2,1,2010,1,1
603,10,1,1,-7.0,61.0,104.0,43.0,68.0,39.0,256.0,10.0,40.0,60.0,100.0,5,2010-01-02,1,2,1,2010,1,2
603,10,1,1,-7.0,63.0,107.0,44.0,70.0,40.0,251.0,10.0,40.0,60.0,100.0,5,2010-01-03,1,2,1,2010,1,3
603,10,1,1,-6.0,63.0,107.0,44.0,69.0,40.0,261.0,10.0,40.0,60.0,100.0,5,2010-01-04,1,2,1,2010,1,4
603,10,1,1,-7.0,61.0,104.0,43.0,68.0,39.0,282.0,10.0,40.0,60.0,100.0,5,2010-01-05,1,2,1,2010,1,5
603,10,1,1,-4.0,73.0,125.0,52.0,77.0,47.0,313.0,20.0,40.0,80.0,120.0,5,2010-01-06,1,2,1,2010,1,6
603,10,1,1,-1.0,82.0,141.0,59.0,83.0,53.0,338.0,10.0,50.0,80.0,130.0,5,2010-01-07,1,2,1,2010,1,7
603,10,1,1,1.0,88.0,151.0,63.0,87.0,57.0,332.0,10.0,60.0,80.0,140.0,5,2010-01-08,1,2,1,2010,1,8
603,10,1,1,-7.0,62.0,106.0,44.0,69.0,40.0,325.0,10.0,40.0,60.0,100.0,5,2010-01-09,1,2,1,2010,1,9
603,10,1,1,-7.0,64.0,109.0,45.0,71.0,41.0,320.0,30.0,30.0,60.0,90.0,5,2010-01-10,1,2,1,2010,1,10
603,10,1,1,-8.0,62.0,106.0,44.0,70.0,40.0,325.0,10.0,40.0,60.0,100.0,5,2010-01-11,1,2,1,2010,1,11
603,10,1,1,-4.0,69.0,118.0,49.0,73.0,44.0,335.0,10.0,40.0,70.0,110.0,5,2010-01-12,1,2,1,2010,1,12
603,10,1,1,-16.0,53.0,101.0,37.0,66.0,34.0,261.0,0.0,30.0,50.0,80.0,5,2011-01-01,1,2,1,2011,1,1
603,10,1,1,-10.0,61.0,111.0,43.0,68.0,39.0,256.0,10.0,40.0,60.0,100.0,5,2011-01-02,1,2,1,2011,1,2
603,10,1,1,-10.0,63.0,114.0,44.0,70.0,40.0,251.0,10.0,40.0,60.0,100.0,5,2011-01-03,1,2,1,2011,1,3
603,10,1,1,-9.0,63.0,114.0,44.0,69.0,40.0,261.0,10.0,40.0,60.0,100.0,5,2011-01-04,1,2,1,2011,1,4
603,10,1,1,-10.0,61.0,103.0,43.0,63.0,39.0,282.0,10.0,40.0,60.0,100.0,5,2011-01-05,1,2,1,2011,1,5
603,10,1,1,-6.0,73.0,124.0,52.0,72.0,47.0,313.0,20.0,40.0,80.0,120.0,5,2011-01-06,1,2,1,2011,1,6
603,10,1,1,-1.0,82.0,140.0,59.0,77.0,53.0,338.0,10.0,50.0,80.0,130.0,5,2011-01-07,1,2,1,2011,1,7
603,10,1,1,1.0,88.0,150.0,63.0,81.0,57.0,332.0,10.0,60.0,80.0,140.0,5,2011-01-08,1,2,1,2011,1,8
603,10,1,1,-10.0,62.0,113.0,44.0,69.0,40.0,325.0,10.0,40.0,60.0,100.0,5,2011-01-09,1,2,1,2011,1,9
603,10,1,1,-10.0,64.0,116.0,45.0,71.0,41.0,320.0,30.0,30.0,60.0,90.0,5,2011-01-10,1,2,1,2011,1,10
603,10,1,1,-12.0,62.0,113.0,44.0,70.0,40.0,325.0,10.0,40.0,60.0,100.0,5,2011-01-11,1,2,1,2011,1,11
603,10,1,1,-6.0,69.0,126.0,49.0,73.0,44.0,335.0,10.0,40.0,70.0,110.0,5,2011-01-12,1,2,1,2011,1,12
603,10,1,1,-4.0,42.0,76.0,34.0,46.0,12.0,197.0,0.0,20.0,30.0,50.0,9,2010-01-01,2,10,0,2010,1,1
603,10,1,1,-4.0,41.0,74.0,33.0,45.0,12.0,193.0,0.0,20.0,30.0,50.0,9,2010-01-02,2,10,0,2010,1,2
603,10,1,1,-3.0,42.0,75.0,33.0,45.0,12.0,190.0,0.0,20.0,30.0,50.0,9,2010-01-03,2,10,0,2010,1,3
603,10,1,1,-3.0,44.0,79.0,35.0,47.0,13.0,197.0,10.0,20.0,40.0,60.0,9,2010-01-04,2,10,0,2010,1,4
603,10,1,1,-1.0,45.0,81.0,36.0,46.0,13.0,212.0,10.0,20.0,40.0,60.0,9,2010-01-05,2,10,0,2010,1,5
603,10,1,1,0.0,46.0,82.0,36.0,46.0,13.0,236.0,10.0,20.0,40.0,60.0,9,2010-01-06,2,10,0,2010,1,6
603,10,1,1,0.0,46.0,82.0,36.0,46.0,13.0,252.0,10.0,20.0,40.0,60.0,9,2010-01-07,2,10,0,2010,1,7
603,10,1,1,1.0,48.0,86.0,38.0,47.0,14.0,248.0,10.0,20.0,40.0,60.0,9,2010-01-08,2,10,0,2010,1,8
603,10,1,1,2.0,51.0,91.0,40.0,49.0,15.0,244.0,10.0,30.0,40.0,70.0,9,2010-01-09,2,10,0,2010,1,9
603,10,1,1,-3.0,43.0,77.0,34.0,46.0,12.0,240.0,20.0,10.0,30.0,40.0,9,2010-01-10,2,10,0,2010,1,10
603,10,1,1,-4.0,41.0,74.0,33.0,45.0,12.0,243.0,0.0,20.0,30.0,50.0,9,2010-01-11,2,10,0,2010,1,11
603,10,1,1,2.0,49.0,88.0,39.0,47.0,14.0,250.0,10.0,20.0,40.0,60.0,9,2010-01-12,2,10,0,2010,1,12
603,10,1,1,-6.0,42.0,85.0,34.0,48.0,12.0,197.0,0.0,20.0,30.0,50.0,9,2011-01-01,2,10,0,2011,1,1
603,10,1,1,-6.0,41.0,79.0,33.0,45.0,12.0,193.0,0.0,20.0,30.0,50.0,9,2011-01-02,2,10,0,2011,1,2
603,10,1,1,-4.0,42.0,80.0,33.0,45.0,12.0,190.0,0.0,20.0,30.0,50.0,9,2011-01-03,2,10,0,2011,1,3
603,10,1,1,-4.0,44.0,84.0,35.0,47.0,13.0,197.0,10.0,20.0,40.0,60.0,9,2011-01-04,2,10,0,2011,1,4
603,10,1,1,-1.0,45.0,80.0,36.0,43.0,13.0,212.0,10.0,20.0,40.0,60.0,9,2011-01-05,2,10,0,2011,1,5
603,10,1,1,0.0,46.0,81.0,36.0,43.0,13.0,236.0,10.0,20.0,40.0,60.0,9,2011-01-06,2,10,0,2011,1,6
603,10,1,1,0.0,46.0,81.0,36.0,43.0,13.0,252.0,10.0,20.0,40.0,60.0,9,2011-01-07,2,10,0,2011,1,7
603,10,1,1,1.0,48.0,85.0,38.0,44.0,14.0,248.0,10.0,20.0,40.0,60.0,9,2011-01-08,2,10,0,2011,1,8
603,10,1,1,3.0,51.0,97.0,40.0,49.0,15.0,244.0,10.0,30.0,40.0,70.0,9,2011-01-09,2,10,0,2011,1,9
603,10,1,1,-4.0,43.0,82.0,34.0,46.0,12.0,240.0,20.0,10.0,30.0,40.0,9,2011-01-10,2,10,0,2011,1,10
603,10,1,1,-6.0,41.0,79.0,33.0,45.0,12.0,243.0,0.0,20.0,30.0,50.0,9,2011-01-11,2,10,0,2011,1,11
603,10,1,1,3.0,49.0,94.0,39.0,47.0,14.0,250.0,10.0,20.0,40.0,60.0,9,2011-01-12,2,10,0,2011,1,12
603,10,1,1,10.0,27.0,45.0,18.0,17.0,5.0,821.0,20.0,10.0,30.0,40.0,11,2010-01-01,3,5,1,2010,1,1
603,10,1,1,11.0,27.0,45.0,18.0,16.0,5.0,818.0,20.0,10.0,30.0,40.0,11,2010-01-02,3,5,1,2010,1,2
603,10,1,1,11.0,27.0,45.0,18.0,16.0,5.0,816.0,20.0,10.0,30.0,40.0,11,2010-01-03,3,5,1,2010,1,3
603,10,1,1,12.0,28.0,47.0,19.0,16.0,5.0,820.0,20.0,20.0,30.0,50.0,11,2010-01-04,3,5,1,2010,1,4
603,10,1,1,12.0,29.0,49.0,20.0,17.0,5.0,829.0,20.0,20.0,30.0,50.0,11,2010-01-05,3,5,1,2010,1,5
603,10,1,1,17.0,35.0,58.0,23.0,18.0,6.0,843.0,30.0,20.0,40.0,60.0,11,2010-01-06,3,5,1,2010,1,6
603,10,1,1,17.0,36.0,61.0,25.0,19.0,7.0,854.0,30.0,20.0,40.0,60.0,11,2010-01-07,3,5,1,2010,1,7
603,10,1,1,20.0,38.0,63.0,25.0,18.0,7.0,851.0,30.0,20.0,40.0,60.0,11,2010-01-08,3,5,1,2010,1,8
603,10,1,1,12.0,29.0,48.0,19.0,17.0,5.0,848.0,20.0,20.0,30.0,50.0,11,2010-01-09,3,5,1,2010,1,9
603,10,1,1,14.0,31.0,52.0,21.0,17.0,5.0,846.0,30.0,20.0,30.0,50.0,11,2010-01-10,3,5,1,2010,1,10
603,10,1,1,8.0,24.0,39.0,15.0,16.0,4.0,848.0,20.0,10.0,30.0,40.0,11,2010-01-11,3,5,1,2010,1,11
603,10,1,1,10.0,25.0,41.0,16.0,15.0,4.0,851.0,20.0,10.0,30.0,40.0,11,2010-01-12,3,5,1,2010,1,12
603,10,1,1,16.0,27.0,50.0,18.0,18.0,5.0,821.0,20.0,10.0,30.0,40.0,11,2011-01-01,3,5,1,2011,1,1
603,10,1,1,16.0,27.0,48.0,18.0,16.0,5.0,818.0,20.0,10.0,30.0,40.0,11,2011-01-02,3,5,1,2011,1,2
603,10,1,1,16.0,27.0,48.0,18.0,16.0,5.0,816.0,20.0,10.0,30.0,40.0,11,2011-01-03,3,5,1,2011,1,3
603,10,1,1,18.0,28.0,50.0,19.0,16.0,5.0,820.0,20.0,20.0,30.0,50.0,11,2011-01-04,3,5,1,2011,1,4
603,10,1,1,17.0,29.0,49.0,20.0,16.0,5.0,829.0,20.0,20.0,30.0,50.0,11,2011-01-05,3,5,1,2011,1,5
603,10,1,1,23.0,35.0,57.0,23.0,17.0,6.0,843.0,30.0,20.0,40.0,60.0,11,2011-01-06,3,5,1,2011,1,6
603,10,1,1,23.0,36.0,60.0,25.0,18.0,7.0,854.0,30.0,20.0,40.0,60.0,11,2011-01-07,3,5,1,2011,1,7
603,10,1,1,28.0,38.0,62.0,25.0,17.0,7.0,851.0,30.0,20.0,40.0,60.0,11,2011-01-08,3,5,1,2011,1,8
603,10,1,1,18.0,29.0,51.0,19.0,17.0,5.0,848.0,20.0,20.0,30.0,50.0,11,2011-01-09,3,5,1,2011,1,9
603,10,1,1,21.0,31.0,55.0,21.0,17.0,5.0,846.0,30.0,20.0,30.0,50.0,11,2011-01-10,3,5,1,2011,1,10
603,10,1,1,12.0,24.0,42.0,15.0,16.0,4.0,848.0,20.0,10.0,30.0,40.0,11,2011-01-11,3,5,1,2011,1,11
603,10,1,1,15.0,25.0,44.0,16.0,15.0,4.0,851.0,20.0,10.0,30.0,40.0,11,2011-01-12,3,5,1,2011,1,12
603,10,1,1,-8.0,36.0,65.0,29.0,44.0,11.0,169.0,0.0,20.0,40.0,60.0,7,2010-01-01,1,12,1,2010,1,1
603,10,1,1,-6.0,38.0,68.0,30.0,44.0,11.0,165.0,0.0,20.0,40.0,60.0,7,2010-01-02,1,12,1,2010,1,2
603,10,1,1,-4.0,42.0,75.0,33.0,46.0,12.0,162.0,0.0,30.0,40.0,70.0,7,2010-01-03,1,12,1,2010,1,3
603,10,1,1,-9.0,36.0,65.0,29.0,45.0,11.0,169.0,0.0,20.0,40.0,60.0,7,2010-01-04,1,12,1,2010,1,4
603,10,1,1,-3.0,42.0,76.0,34.0,45.0,12.0,182.0,0.0,30.0,40.0,70.0,7,2010-01-05,1,12,1,2010,1,5
603,10,1,1,-3.0,43.0,78.0,35.0,46.0,13.0,204.0,0.0,30.0,40.0,70.0,7,2010-01-06,1,12,1,2010,1,6
603,10,1,1,0.0,49.0,89.0,40.0,49.0,15.0,219.0,10.0,30.0,50.0,80.0,7,2010-01-07,1,12,1,2010,1,7
603,10,1,1,-9.0,36.0,65.0,29.0,45.0,11.0,215.0,0.0,20.0,40.0,60.0,7,2010-01-08,1,12,1,2010,1,8
603,10,1,1,-12.0,30.0,54.0,24.0,42.0,9.0,212.0,0.0,20.0,30.0,50.0,7,2010-01-09,1,12,1,2010,1,9
603,10,1,1,-12.0,31.0,56.0,25.0,43.0,9.0,209.0,10.0,10.0,30.0,40.0,7,2010-01-10,1,12,1,2010,1,10
603,10,1,1,-3.0,42.0,76.0,34.0,45.0,12.0,211.0,0.0,30.0,40.0,70.0,7,2010-01-11,1,12,1,2010,1,11
603,10,1,1,-16.0,25.0,45.0,20.0,41.0,7.0,218.0,0.0,10.0,30.0,40.0,7,2010-01-12,1,12,1,2010,1,12
603,10,1,1,-12.0,36.0,73.0,29.0,46.0,11.0,169.0,0.0,20.0,40.0,60.0,7,2011-01-01,1,12,1,2011,1,1
603,10,1,1,-9.0,38.0,72.0,30.0,44.0,11.0,165.0,0.0,20.0,40.0,60.0,7,2011-01-02,1,12,1,2011,1,2
603,10,1,1,-6.0,42.0,80.0,33.0,46.0,12.0,162.0,0.0,30.0,40.0,70.0,7,2011-01-03,1,12,1,2011,1,3
603,10,1,1,-13.0,36.0,69.0,29.0,45.0,11.0,169.0,0.0,20.0,40.0,60.0,7,2011-01-04,1,12,1,2011,1,4
603,10,1,1,-4.0,42.0,75.0,34.0,42.0,12.0,182.0,0.0,30.0,40.0,70.0,7,2011-01-05,1,12,1,2011,1,5
603,10,1,1,-4.0,43.0,77.0,35.0,43.0,13.0,204.0,0.0,30.0,40.0,70.0,7,2011-01-06,1,12,1,2011,1,6
603,10,1,1,0.0,49.0,88.0,40.0,46.0,15.0,219.0,10.0,30.0,50.0,80.0,7,2011-01-07,1,12,1,2011,1,7
603,10,1,1,-12.0,36.0,64.0,29.0,42.0,11.0,215.0,0.0,20.0,40.0,60.0,7,2011-01-08,1,12,1,2011,1,8
603,10,1,1,-18.0,30.0,58.0,24.0,42.0,9.0,212.0,0.0,20.0,30.0,50.0,7,2011-01-09,1,12,1,2011,1,9
603,10,1,1,-18.0,31.0,60.0,25.0,43.0,9.0,209.0,10.0,10.0,30.0,40.0,7,2011-01-10,1,12,1,2011,1,10
603,10,1,1,-4.0,42.0,81.0,34.0,45.0,12.0,211.0,0.0,30.0,40.0,70.0,7,2011-01-11,1,12,1,2011,1,11
603,10,1,1,-24.0,25.0,48.0,20.0,41.0,7.0,218.0,0.0,10.0,30.0,40.0,7,2011-01-12,1,12,1,2011,1,12
607,12,1,0,350.0,374.0,664.0,249.0,138.0,87.0,2580.0,230.0,220.0,340.0,560.0,2,2011-01-11,0,4,1,2011,1,11
607,12,1,0,116.0,111.0,199.0,76.0,33.0,21.0,580.0,100.0,80.0,120.0,200.0,13,2011-01-10,3,9,1,2011,1,10
607,12,1,0,-208.0,-62.0,63.0,125.0,146.0,113.0,1118.0,-190.0,120.0,-60.0,60.0,5,2010-01-03,1,2,1,2010,1,3
607,12,1,0,111.0,238.0,483.0,245.0,127.0,93.0,1419.0,100.0,180.0,190.0,370.0,9,2010-01-01,2,10,0,2010,1,1
607,12,1,0,263.0,398.0,669.0,271.0,135.0,102.0,1727.0,220.0,200.0,320.0,520.0,9,2010-01-06,2,10,0,2010,1,6
607,12,1,0,309.0,453.0,747.0,294.0,144.0,111.0,1727.0,210.0,220.0,320.0,540.0,9,2010-01-12,2,10,0,2010,1,12
607,12,1,0,-120.0,-33.0,180.0,213.0,87.0,66.0,1214.0,-80.0,160.0,-20.0,140.0,10,2010-01-02,2,11,0,2010,1,2
607,12,1,0,-181.0,-37.0,196.0,235.0,87.0,72.0,2169.0,-90.0,170.0,-20.0,150.0,10,2011-01-05,2,11,0,2011,1,5
607,12,1,0,157.0,139.0,262.0,95.0,40.0,26.0,821.0,120.0,100.0,150.0,250.0,11,2011-01-01,3,5,1,2011,1,1
608,19,0,1,20.0,66.0,134.0,54.0,56.0,20.0,312.0,30.0,50.0,70.0,120.0,1,2011-01-01,0,0,1,2011,1,1
608,19,0,1,34.0,82.0,159.0,67.0,59.0,25.0,391.0,30.0,70.0,80.0,150.0,1,2011-01-09,0,0,1,2011,1,9
608,19,0,1,24.0,154.0,264.0,110.0,130.0,100.0,665.0,50.0,110.0,160.0,270.0,2,2010-01-06,0,4,1,2010,1,6
608,19,0,1,35.0,184.0,317.0,133.0,149.0,120.0,705.0,60.0,140.0,190.0,330.0,2,2010-01-08,0,4,1,2010,1,8
608,19,0,1,25.0,132.0,242.0,95.0,115.0,86.0,554.0,30.0,100.0,130.0,230.0,2,2011-01-04,0,4,1,2011,1,4
608,19,0,1,44.0,173.0,294.0,124.0,131.0,112.0,717.0,60.0,130.0,180.0,310.0,2,2011-01-07,0,4,1,2011,1,7
608,19,0,1,24.0,130.0,239.0,94.0,114.0,85.0,694.0,30.0,90.0,130.0,220.0,2,2011-01-11,0,4,1,2011,1,11
608,19,0,1,47.0,92.0,170.0,78.0,45.0,24.0,995.0,70.0,90.0,110.0,200.0,5,2010-01-05,1,2,1,2010,1,5
608,19,0,1,56.0,103.0,189.0,86.0,47.0,26.0,1081.0,90.0,90.0,130.0,220.0,5,2010-01-07,1,2,1,2010,1,7
608,19,0,1,48.0,94.0,174.0,80.0,46.0,24.0,1055.0,120.0,110.0,140.0,250.0,5,2010-01-10,1,2,1,2010,1,10
608,19,0,1,58.0,82.0,161.0,69.0,43.0,21.0,965.0,50.0,80.0,90.0,170.0,5,2011-01-04,1,2,1,2011,1,4
608,19,0,1,65.0,92.0,168.0,78.0,42.0,24.0,995.0,70.0,90.0,110.0,200.0,5,2011-01-05,1,2,1,2011,1,5
608,19,0,1,21.0,43.0,76.0,33.0,22.0,10.0,577.0,30.0,30.0,50.0,80.0,6,2010-01-09,1,6,0,2010,1,9
608,19,0,1,19.0,32.0,60.0,24.0,19.0,7.0,567.0,30.0,30.0,40.0,70.0,6,2011-01-12,1,6,0,2011,1,12
608,19,0,1,62.0,82.0,129.0,48.0,34.0,14.0,351.0,50.0,40.0,70.0,110.0,8,2011-01-05,2,3,0,2011,1,5
608,19,0,1,47.0,72.0,121.0,49.0,25.0,13.0,779.0,50.0,40.0,60.0,100.0,9,2010-01-04,2,10,0,2010,1,4
608,19,0,1,50.0,75.0,126.0,51.0,25.0,14.0,857.0,60.0,40.0,70.0,110.0,9,2010-01-09,2,10,0,2010,1,9
608,19,0,1,44.0,48.0,91.0,33.0,21.0,9.0,777.0,50.0,20.0,50.0,70.0,9,2011-01-01,2,10,0,2011,1,1
608,19,0,1,47.0,89.0,150.0,61.0,42.0,19.0,390.0,50.0,50.0,80.0,130.0,11,2010-01-01,3,5,1,2010,1,1
608,19,0,1,73.0,89.0,168.0,61.0,44.0,19.0,390.0,50.0,50.0,80.0,130.0,11,2011-01-01,3,5,1,2011,1,1
608,19,0,1,56.0,77.0,137.0,52.0,39.0,16.0,376.0,40.0,40.0,70.0,110.0,11,2011-01-03,3,5,1,2011,1,3
608,19,0,1,46.0,67.0,120.0,46.0,36.0,14.0,454.0,30.0,30.0,60.0,90.0,11,2011-01-09,3,5,1,2011,1,9
608,19,0,1,-6.0,66.0,113.0,47.0,72.0,42.0,622.0,0.0,40.0,50.0,90.0,12,2010-01-07,3,8,1,2010,1,7
608,19,0,1,1.0,87.0,160.0,63.0,86.0,57.0,521.0,10.0,50.0,80.0,130.0,12,2011-01-04,3,8,1,2011,1,4
608,19,0,1,3.0,90.0,153.0,64.0,82.0,58.0,551.0,10.0,50.0,80.0,130.0,12,2011-01-05,3,8,1,2011,1,5
614,13,0,0,20.0,63.0,110.0,47.0,43.0,15.0,420.0,40.0,40.0,70.0,110.0,1,2010-01-07,0,0,1,2010,1,7
614,13,0,0,28.0,72.0,125.0,53.0,44.0,17.0,410.0,50.0,50.0,80.0,130.0,1,2010-01-09,0,0,1,2010,1,9
614,13,0,0,47.0,77.0,143.0,57.0,45.0,18.0,323.0,50.0,60.0,80.0,140.0,1,2011-01-03,0,0,1,2011,1,3
614,13,0,0,39.0,71.0,131.0,52.0,45.0,17.0,405.0,60.0,40.0,70.0,110.0,1,2011-01-10,0,0,1,2011,1,10
614,13,0,0,42.0,83.0,140.0,57.0,41.0,18.0,364.0,50.0,60.0,80.0,140.0,2,2010-01-01,0,4,1,2010,1,1
614,13,0,0,19.0,55.0,93.0,38.0,36.0,12.0,414.0,20.0,40.0,50.0,90.0,2,2010-01-06,0,4,1,2010,1,6
614,13,0,0,32.0,68.0,114.0,46.0,36.0,14.0,424.0,40.0,40.0,70.0,110.0,2,2010-01-11,0,4,1,2010,1,11
614,13,0,0,24.0,60.0,101.0,41.0,36.0,13.0,435.0,20.0,40.0,50.0,90.0,2,2010-01-12,0,4,1,2010,1,12
614,13,0,0,65.0,83.0,157.0,57.0,43.0,18.0,364.0,50.0,60.0,80.0,140.0,2,2011-01-01,0,4,1,2011,1,1
614,13,0,0,43.0,64.0,114.0,43.0,35.0,13.0,424.0,40.0,40.0,70.0,110.0,2,2011-01-09,0,4,1,2011,1,9
614,13,0,0,0.0,87.0,150.0,63.0,87.0,57.0,435.0,20.0,60.0,90.0,150.0,3,2010-01-01,0,7,0,2010,1,1
614,13,0,0,-3.0,75.0,129.0,54.0,78.0,49.0,427.0,20.0,50.0,80.0,130.0,3,2010-01-02,0,7,0,2010,1,2
614,13,0,0,-11.0,52.0,89.0,37.0,63.0,33.0,513.0,10.0,30.0,60.0,90.0,3,2010-01-08,0,7,0,2010,1,8
614,13,0,0,-4.0,74.0,134.0,52.0,77.0,47.0,509.0,20.0,50.0,80.0,130.0,3,2011-01-09,0,7,0,2011,1,9
614,13,0,0,-4.0,73.0,133.0,52.0,76.0,47.0,509.0,10.0,50.0,70.0,120.0,3,2011-01-11,0,7,0,2011,1,11
614,13,0,0,99.0,171.0,341.0,170.0,72.0,47.0,1091.0,140.0,190.0,210.0,400.0,5,2010-01-01,1,2,1,2010,1,1
614,13,0,0,140.0,163.0,346.0,162.0,69.0,45.0,1059.0,130.0,180.0,200.0,380.0,5,2011-01-03,1,2,1,2011,1,3
614,13,0,0,16.0,72.0,130.0,58.0,56.0,22.0,338.0,40.0,60.0,90.0,150.0,6,2010-01-01,1,6,0,2010,1,1
614,13,0,0,18.0,73.0,132.0,59.0,55.0,22.0,331.0,40.0,60.0,90.0,150.0,6,2010-01-02,1,6,0,2010,1,2
614,13,0,0,12.0,66.0,120.0,54.0,54.0,20.0,404.0,70.0,70.0,100.0,170.0,6,2010-01-10,1,6,0,2010,1,10
614,13,0,0,15.0,64.0,114.0,51.0,49.0,19.0,419.0,30.0,50.0,80.0,130.0,6,2011-01-07,1,6,0,2011,1,7
614,13,0,0,9.0,26.0,44.0,18.0,17.0,5.0,478.0,20.0,10.0,20.0,30.0,8,2010-01-06,2,3,0,2010,1,6
614,13,0,0,17.0,29.0,49.0,20.0,16.0,5.0,464.0,30.0,10.0,30.0,40.0,8,2011-01-05,2,3,0,2011,1,5
614,13,0,0,37.0,44.0,78.0,29.0,19.0,8.0,490.0,30.0,20.0,40.0,60.0,8,2011-01-12,2,3,0,2011,1,12
614,13,0,0,26.0,45.0,75.0,30.0,19.0,8.0,820.0,40.0,20.0,40.0,60.0,9,2010-01-04,2,10,0,2010,1,4
614,13,0,0,16.0,34.0,57.0,23.0,18.0,6.0,868.0,40.0,10.0,40.0,50.0,9,2010-01-07,2,10,0,2010,1,7
614,13,0,0,30.0,52.0,88.0,36.0,22.0,10.0,862.0,40.0,30.0,50.0,80.0,9,2010-01-11,2,10,0,2010,1,11
614,13,0,0,45.0,48.0,90.0,32.0,20.0,8.0,821.0,50.0,20.0,50.0,70.0,9,2011-01-01,2,10,0,2011,1,1
614,13,0,0,34.0,43.0,77.0,29.0,20.0,8.0,862.0,40.0,20.0,40.0,60.0,9,2011-01-09,2,10,0,2011,1,9
614,13,0,0,62.0,120.0,200.0,80.0,58.0,26.0,640.0,60.0,60.0,110.0,170.0,11,2010-01-02,3,5,1,2010,1,2
614,13,0,0,92.0,120.0,213.0,80.0,58.0,26.0,640.0,60.0,60.0,110.0,170.0,11,2011-01-02,3,5,1,2011,1,2
614,13,0,0,142.0,172.0,283.0,114.0,64.0,37.0,810.0,100.0,90.0,160.0,250.0,11,2011-01-08,3,5,1,2011,1,8
614,13,0,0,129.0,150.0,265.0,99.0,63.0,32.0,798.0,70.0,80.0,130.0,210.0,11,2011-01-09,3,5,1,2011,1,9
614,13,0,0,92.0,119.0,210.0,78.0,57.0,25.0,798.0,60.0,60.0,100.0,160.0,11,2011-01-11,3,5,1,2011,1,11
614,13,0,0,76.0,127.0,218.0,91.0,51.0,28.0,656.0,80.0,50.0,100.0,150.0,12,2010-01-10,3,8,1,2010,1,10
617,7,1,0,547.0,595.0,649.0,54.0,48.0,17.0,-1006.0,530.0,50.0,560.0,610.0,2,2010-01-06,0,4,1,2010,1,6
617,7,1,0,777.0,612.0,658.0,52.0,46.0,17.0,-2033.0,560.0,40.0,590.0,630.0,2,2011-01-08,0,4,1,2011,1,8
617,7,1,0,13.0,30.0,50.0,20.0,17.0,5.0,482.0,20.0,20.0,30.0,50.0,13,2010-01-09,3,9,1,2010,1,9
617,7,1,0,19.0,30.0,53.0,20.0,17.0,5.0,482.0,20.0,20.0,30.0,50.0,13,2011-01-09,3,9,1,2011,1,9
617,7,1,0,-12.0,65.0,117.0,52.0,77.0,47.0,458.0,10.0,40.0,70.0,110.0,5,2010-01-04,1,2,1,2010,1,4
617,7,1,0,-36.0,63.0,141.0,63.0,90.0,57.0,435.0,-10.0,60.0,60.0,120.0,5,2011-01-01,1,2,1,2011,1,1
617,7,1,0,15.0,69.0,124.0,55.0,54.0,20.0,410.0,20.0,40.0,50.0,90.0,9,2010-01-11,2,10,0,2010,1,11
617,7,1,0,29.0,49.0,82.0,33.0,20.0,9.0,870.0,40.0,30.0,50.0,80.0,11,2010-01-12,3,5,1,2010,1,12
617,7,1,0,34.0,43.0,77.0,29.0,20.0,8.0,862.0,30.0,30.0,40.0,70.0,11,2011-01-09,3,5,1,2011,1,9
617,7,1,0,81.0,146.0,291.0,145.0,65.0,40.0,1304.0,100.0,130.0,150.0,280.0,7,2010-01-07,1,12,1,2010,1,7
617,7,1,0,156.0,171.0,382.0,170.0,75.0,47.0,1091.0,110.0,160.0,170.0,330.0,7,2011-01-01,1,12,1,2011,1,1
617,7,1,0,160.0,182.0,387.0,181.0,74.0,50.0,1283.0,120.0,170.0,180.0,350.0,7,2011-01-11,1,12,1,2011,1,11
618,4,0,0,222.0,270.0,461.0,195.0,101.0,64.0,956.0,180.0,200.0,280.0,480.0,2,2011-01-05,0,4,1,2011,1,5
618,4,0,0,122.0,185.0,312.0,127.0,63.0,40.0,671.0,140.0,130.0,190.0,320.0,3,2010-01-05,0,7,0,2010,1,5
618,4,0,0,220.0,336.0,589.0,253.0,116.0,83.0,1686.0,280.0,290.0,400.0,690.0,5,2010-01-09,1,2,1,2010,1,9
618,4,0,0,197.0,179.0,322.0,123.0,46.0,34.0,959.0,130.0,110.0,170.0,280.0,8,2011-01-12,2,3,0,2011,1,12
618,4,0,0,106.0,145.0,245.0,100.0,39.0,28.0,822.0,110.0,80.0,130.0,210.0,10,2010-01-04,2,11,0,2010,1,4
618,4,0,0,137.0,136.0,228.0,94.0,34.0,26.0,562.0,90.0,80.0,120.0,200.0,11,2011-01-06,3,5,1,2011,1,6
618,4,0,0,30.0,79.0,131.0,52.0,49.0,17.0,662.0,30.0,40.0,70.0,110.0,12,2010-01-08,3,8,1,2010,1,8
619,0,3,0,-56.0,3.0,116.0,113.0,59.0,36.0,2758.0,-50.0,130.0,0.0,130.0,1,2010-01-11,0,0,1,2010,1,11
619,0,3,0,71.0,102.0,181.0,68.0,54.0,22.0,559.0,40.0,40.0,70.0,110.0,13,2011-01-04,3,9,1,2011,1,4
619,0,3,0,153.0,152.0,254.0,104.0,38.0,29.0,871.0,120.0,80.0,140.0,220.0,8,2011-01-05,2,3,0,2011,1,5
619,0,3,0,192.0,185.0,309.0,127.0,43.0,35.0,1007.0,150.0,100.0,170.0,270.0,8,2011-01-07,2,3,0,2011,1,7
619,0,3,0,94.0,130.0,219.0,89.0,36.0,24.0,777.0,80.0,50.0,90.0,140.0,11,2010-01-01,3,5,1,2010,1,1
619,0,3,0,155.0,152.0,254.0,104.0,37.0,29.0,952.0,100.0,60.0,110.0,170.0,11,2011-01-07,3,5,1,2011,1,7
619,0,3,0,53.0,79.0,133.0,54.0,26.0,15.0,601.0,50.0,30.0,60.0,90.0,12,2010-01-12,3,8,1,2010,1,12
619,0,3,0,211.0,229.0,487.0,228.0,87.0,63.0,1436.0,150.0,210.0,220.0,430.0,4,2011-01-02,1,1,1,2011,1,2
626,0,3,0,-40.0,28.0,141.0,104.0,55.0,33.0,685.0,-20.0,130.0,30.0,160.0,1,2011-01-02,0,0,1,2011,1,2
626,0,3,0,313.0,474.0,790.0,316.0,161.0,110.0,2580.0,450.0,390.0,590.0,980.0,2,2010-01-09,0,4,1,2010,1,9
626,0,3,0,247.0,390.0,650.0,260.0,143.0,91.0,2548.0,470.0,380.0,580.0,960.0,2,2010-01-10,0,4,1,2010,1,10
626,0,3,0,-137.0,-30.0,166.0,196.0,107.0,64.0,3139.0,-140.0,240.0,-40.0,200.0,3,2010-01-08,0,7,0,2010,1,8
626,0,3,0,-188.0,-27.0,156.0,173.0,100.0,57.0,3909.0,-130.0,200.0,-30.0,170.0,3,2011-01-11,0,7,0,2011,1,11
626,0,3,0,230.0,349.0,612.0,263.0,119.0,86.0,1433.0,220.0,250.0,330.0,580.0,6,2010-01-05,1,6,0,2010,1,5
626,0,3,0,105.0,145.0,245.0,100.0,40.0,28.0,981.0,110.0,80.0,130.0,210.0,8,2010-01-09,2,3,0,2010,1,9
626,0,3,0,89.0,124.0,210.0,86.0,35.0,24.0,1003.0,80.0,80.0,110.0,190.0,8,2010-01-12,2,3,0,2010,1,12
626,0,3,0,106.0,144.0,243.0,99.0,38.0,27.0,766.0,90.0,60.0,100.0,160.0,11,2010-01-02,3,5,1,2010,1,2
626,0,3,0,117.0,111.0,199.0,76.0,32.0,21.0,580.0,50.0,30.0,50.0,80.0,12,2011-01-10,3,8,1,2011,1,10
630,4,0,0,161.0,270.0,465.0,195.0,109.0,64.0,956.0,180.0,200.0,280.0,480.0,2,2010-01-05,0,4,1,2010,1,5
630,4,0,0,232.0,265.0,486.0,191.0,109.0,63.0,865.0,170.0,200.0,270.0,470.0,2,2011-01-04,0,4,1,2011,1,4
630,4,0,0,191.0,225.0,412.0,162.0,96.0,53.0,1148.0,140.0,170.0,230.0,400.0,2,2011-01-09,0,4,1,2011,1,9
630,4,0,0,102.0,158.0,267.0,109.0,56.0,34.0,585.0,120.0,110.0,170.0,280.0,3,2010-01-03,0,7,0,2010,1,3
630,4,0,0,135.0,204.0,345.0,141.0,69.0,45.0,764.0,160.0,140.0,220.0,360.0,3,2010-01-06,0,7,0,2010,1,6
630,4,0,0,150.0,222.0,376.0,154.0,72.0,49.0,817.0,170.0,160.0,230.0,390.0,3,2010-01-08,0,7,0,2010,1,8
630,4,0,0,122.0,185.0,312.0,127.0,63.0,40.0,830.0,130.0,120.0,180.0,300.0,3,2010-01-12,0,7,0,2010,1,12
630,4,0,0,262.0,392.0,687.0,295.0,130.0,97.0,1714.0,340.0,340.0,470.0,810.0,5,2010-01-08,1,2,1,2010,1,8
630,4,0,0,357.0,387.0,672.0,291.0,119.0,96.0,1742.0,340.0,330.0,470.0,800.0,5,2011-01-07,1,2,1,2011,1,7
630,4,0,0,291.0,304.0,567.0,228.0,108.0,75.0,1691.0,290.0,290.0,390.0,680.0,5,2011-01-11,1,2,1,2011,1,11
630,4,0,0,140.0,228.0,456.0,228.0,88.0,63.0,1459.0,180.0,260.0,270.0,530.0,6,2010-01-01,1,6,0,2010,1,1
630,4,0,0,165.0,261.0,521.0,260.0,96.0,72.0,1559.0,210.0,300.0,310.0,610.0,6,2010-01-05,1,6,0,2010,1,5
630,4,0,0,157.0,251.0,501.0,250.0,94.0,70.0,1820.0,240.0,320.0,320.0,640.0,6,2010-01-12,1,6,0,2010,1,12
630,4,0,0,211.0,229.0,487.0,228.0,87.0,63.0,1436.0,180.0,260.0,270.0,530.0,6,2011-01-02,1,6,0,2011,1,2
630,4,0,0,220.0,239.0,509.0,239.0,91.0,66.0,1417.0,200.0,270.0,290.0,560.0,6,2011-01-03,1,6,0,2011,1,3
630,4,0,0,121.0,163.0,276.0,113.0,42.0,31.0,897.0,130.0,90.0,150.0,240.0,8,2010-01-06,2,3,0,2010,1,6
630,4,0,0,132.0,178.0,301.0,123.0,46.0,34.0,941.0,140.0,100.0,160.0,260.0,8,2010-01-08,2,3,0,2010,1,8
630,4,0,0,156.0,144.0,259.0,99.0,39.0,27.0,766.0,110.0,80.0,130.0,210.0,8,2011-01-02,2,3,0,2011,1,2
630,4,0,0,167.0,163.0,274.0,113.0,39.0,31.0,897.0,130.0,90.0,150.0,240.0,8,2011-01-06,2,3,0,2011,1,6
630,4,0,0,68.0,107.0,190.0,83.0,39.0,27.0,623.0,60.0,70.0,90.0,160.0,9,2010-01-01,2,10,0,2010,1,1
630,4,0,0,70.0,109.0,193.0,84.0,39.0,27.0,603.0,60.0,70.0,90.0,160.0,9,2010-01-03,2,10,0,2010,1,3
630,4,0,0,67.0,107.0,190.0,83.0,40.0,27.0,574.0,60.0,70.0,90.0,160.0,9,2010-01-06,2,10,0,2010,1,6
630,4,0,0,43.0,74.0,132.0,58.0,31.0,19.0,548.0,50.0,40.0,70.0,110.0,9,2010-01-09,2,10,0,2010,1,9
630,4,0,0,27.0,51.0,90.0,39.0,24.0,12.0,541.0,40.0,20.0,40.0,60.0,9,2010-01-10,2,10,0,2010,1,10
630,4,0,0,104.0,109.0,206.0,84.0,39.0,27.0,603.0,60.0,70.0,90.0,160.0,9,2011-01-03,2,10,0,2011,1,3
630,4,0,0,84.0,117.0,198.0,81.0,33.0,22.0,984.0,80.0,70.0,110.0,180.0,10,2010-01-11,2,11,0,2010,1,11
630,4,0,0,88.0,124.0,210.0,86.0,36.0,24.0,1003.0,80.0,80.0,110.0,190.0,10,2010-01-12,2,11,0,2010,1,12
630,4,0,0,184.0,178.0,298.0,123.0,42.0,34.0,947.0,140.0,100.0,160.0,260.0,10,2011-01-06,2,11,0,2011,1,6
630,4,0,0,125.0,118.0,212.0,81.0,34.0,22.0,588.0,80.0,60.0,110.0,170.0,11,2011-01-09,3,5,1,2011,1,9
630,4,0,0,79.0,79.0,142.0,54.0,26.0,15.0,601.0,50.0,40.0,70.0,110.0,11,2011-01-12,3,5,1,2011,1,12
630,4,0,0,59.0,114.0,189.0,75.0,55.0,24.0,549.0,50.0,60.0,100.0,160.0,12,2010-01-02,3,8,1,2010,1,2
630,4,0,0,49.0,102.0,170.0,68.0,53.0,22.0,559.0,40.0,50.0,90.0,140.0,12,2010-01-04,3,8,1,2010,1,4
630,4,0,0,59.0,114.0,189.0,75.0,55.0,24.0,659.0,50.0,60.0,90.0,150.0,12,2010-01-11,3,8,1,2010,1,11
630,4,0,0,47.0,101.0,168.0,67.0,54.0,22.0,677.0,40.0,50.0,80.0,130.0,12,2010-01-12,3,8,1,2010,1,12
630,4,0,0,61.0,96.0,159.0,64.0,48.0,21.0,593.0,50.0,50.0,90.0,140.0,12,2011-01-05,3,8,1,2011,1,5
630,4,0,0,59.0,90.0,160.0,60.0,50.0,19.0,656.0,40.0,50.0,80.0,130.0,12,2011-01-09,3,8,1,2011,1,9
631,12,1,0,276.0,428.0,712.0,284.0,152.0,99.0,2108.0,280.0,270.0,400.0,670.0,2,2010-01-04,0,4,1,2010,1,4
631,12,1,0,135.0,136.0,228.0,94.0,35.0,26.0,608.0,120.0,90.0,150.0,240.0,13,2011-01-07,3,9,1,2011,1,7
631,12,1,0,247.0,378.0,638.0,260.0,131.0,98.0,1558.0,200.0,190.0,300.0,490.0,9,2010-01-04,2,10,0,2010,1,4
631,12,1,0,204.0,331.0,576.0,245.0,127.0,93.0,1704.0,140.0,180.0,240.0,420.0,9,2010-01-11,2,10,0,2010,1,11
631,12,1,0,459.0,453.0,796.0,294.0,144.0,111.0,1727.0,210.0,220.0,320.0,540.0,9,2011-01-12,2,10,0,2011,1,12
631,12,1,0,-252.0,-75.0,175.0,239.0,95.0,74.0,4360.0,-100.0,130.0,-50.0,80.0,10,2011-01-10,2,11,0,2011,1,10
631,12,1,0,100.0,137.0,232.0,95.0,37.0,26.0,809.0,120.0,100.0,150.0,250.0,11,2010-01-02,3,5,1,2010,1,2
631,12,1,0,144.0,191.0,323.0,132.0,47.0,36.0,994.0,170.0,130.0,210.0,340.0,11,2010-01-08,3,5,1,2010,1,8
631,12,1,0,95.0,132.0,223.0,91.0,37.0,25.0,777.0,120.0,90.0,150.0,240.0,12,2010-01-04,3,8,1,2010,1,4
631,12,1,0,156.0,144.0,259.0,99.0,39.0,27.0,766.0,130.0,100.0,160.0,260.0,12,2011-01-02,3,8,1,2011,1,2
631,12,1,0,175.0,262.0,490.0,228.0,87.0,63.0,1459.0,200.0,210.0,270.0,480.0,7,2010-01-01,1,12,1,2010,1,1
631,12,1,0,318.0,415.0,675.0,260.0,97.0,72.0,1405.0,340.0,240.0,420.0,660.0,7,2010-01-06,1,12,1,2010,1,6
631,12,1,0,251.0,280.0,541.0,266.0,91.0,74.0,1355.0,190.0,250.0,280.0,530.0,7,2011-01-07,1,12,1,2011,1,7
636,8,0,1,39.0,105.0,190.0,85.0,66.0,32.0,494.0,40.0,90.0,100.0,190.0,2,2010-01-01,0,4,1,2010,1,1
636,8,0,1,31.0,93.0,169.0,76.0,62.0,28.0,613.0,40.0,80.0,90.0,170.0,2,2010-01-07,0,4,1,2010,1,7
636,8,0,1,68.0,90.0,176.0,75.0,44.0,23.0,956.0,60.0,70.0,100.0,170.0,3,2011-01-02,0,7,0,2011,1,2
636,8,0,1,52.0,77.0,151.0,65.0,42.0,20.0,1053.0,70.0,50.0,80.0,130.0,3,2011-01-10,0,7,0,2011,1,10
636,8,0,1,53.0,76.0,148.0,63.0,40.0,19.0,1075.0,40.0,60.0,70.0,130.0,3,2011-01-12,0,7,0,2011,1,12
636,8,0,1,2.0,49.0,88.0,39.0,47.0,14.0,250.0,0.0,30.0,40.0,70.0,13,2010-01-12,3,9,1,2010,1,12
636,8,0,1,-6.0,42.0,80.0,33.0,46.0,12.0,190.0,0.0,20.0,40.0,60.0,13,2011-01-03,3,9,1,2011,1,3
636,8,0,1,41.0,65.0,109.0,44.0,24.0,12.0,844.0,50.0,50.0,70.0,120.0,5,2010-01-05,1,2,1,2010,1,5
636,8,0,1,57.0,65.0,108.0,44.0,22.0,12.0,844.0,50.0,50.0,70.0,120.0,5,2011-01-05,1,2,1,2011,1,5
636,8,0,1,40.0,49.0,82.0,34.0,19.0,9.0,890.0,40.0,30.0,60.0,90.0,5,2011-01-08,1,2,1,2011,1,8
636,8,0,1,56.0,61.0,110.0,42.0,23.0,11.0,771.0,60.0,40.0,80.0,120.0,6,2011-01-02,1,6,0,2011,1,2
636,8,0,1,43.0,53.0,88.0,36.0,20.0,10.0,828.0,40.0,40.0,60.0,100.0,6,2011-01-06,1,6,0,2011,1,6
636,8,0,1,40.0,48.0,86.0,33.0,21.0,9.0,836.0,50.0,40.0,60.0,100.0,6,2011-01-11,1,6,0,2011,1,11
636,8,0,1,-8.0,61.0,104.0,43.0,69.0,39.0,256.0,10.0,30.0,60.0,90.0,8,2010-01-02,2,3,0,2010,1,2
636,8,0,1,-7.0,62.0,106.0,44.0,69.0,40.0,325.0,10.0,30.0,60.0,90.0,8,2010-01-09,2,3,0,2010,1,9
636,8,0,1,-1.0,82.0,140.0,59.0,77.0,53.0,338.0,10.0,50.0,70.0,120.0,8,2011-01-07,2,3,0,2011,1,7
636,8,0,1,3.0,88.0,150.0,63.0,80.0,57.0,332.0,20.0,50.0,80.0,130.0,8,2011-01-08,2,3,0,2011,1,8
636,8,0,1,-32.0,18.0,106.0,88.0,50.0,27.0,715.0,-10.0,70.0,20.0,90.0,9,2010-01-03,2,10,0,2010,1,3
636,8,0,1,-33.0,25.0,141.0,116.0,58.0,35.0,1142.0,0.0,90.0,30.0,120.0,9,2010-01-06,2,10,0,2010,1,6
636,8,0,1,-18.0,40.0,142.0,93.0,52.0,28.0,840.0,10.0,70.0,40.0,110.0,9,2011-01-04,2,10,0,2011,1,4
636,8,0,1,-21.0,38.0,135.0,98.0,49.0,30.0,973.0,0.0,80.0,30.0,110.0,9,2011-01-05,2,10,0,2011,1,5
636,8,0,1,11.0,51.0,88.0,37.0,40.0,12.0,195.0,10.0,30.0,40.0,70.0,11,2010-01-04,3,5,1,2010,1,4
636,8,0,1,14.0,55.0,96.0,41.0,41.0,13.0,239.0,20.0,30.0,50.0,80.0,11,2010-01-06,3,5,1,2010,1,6
636,8,0,1,17.0,59.0,103.0,44.0,42.0,14.0,258.0,30.0,30.0,60.0,90.0,11,2010-01-07,3,5,1,2010,1,7
636,8,0,1,13.0,53.0,92.0,39.0,40.0,12.0,244.0,30.0,20.0,40.0,60.0,11,2010-01-10,3,5,1,2010,1,10
636,8,0,1,13.0,47.0,87.0,35.0,38.0,11.0,248.0,10.0,20.0,40.0,60.0,11,2011-01-11,3,5,1,2011,1,11
636,8,0,1,-3.0,42.0,76.0,34.0,45.0,12.0,211.0,0.0,20.0,40.0,60.0,12,2010-01-11,3,8,1,2010,1,11
641,5,0,1,18.0,35.0,58.0,23.0,17.0,6.0,843.0,30.0,20.0,40.0,60.0,1,2010-01-06,0,0,1,2010,1,6
641,5,0,1,19.0,38.0,63.0,25.0,19.0,7.0,851.0,30.0,20.0,40.0,60.0,1,2010-01-08,0,0,1,2010,1,8
641,5,0,1,10.0,25.0,41.0,16.0,15.0,4.0,851.0,20.0,10.0,30.0,40.0,1,2010-01-12,0,0,1,2010,1,12
641,5,0,1,5.0,34.0,62.0,28.0,29.0,8.0,965.0,20.0,20.0,40.0,60.0,2,2010-01-01,0,4,1,2010,1,1
641,5,0,1,6.0,35.0,63.0,28.0,29.0,8.0,958.0,20.0,20.0,40.0,60.0,2,2010-01-03,0,4,1,2010,1,3
641,5,0,1,8.0,34.0,69.0,28.0,30.0,8.0,965.0,20.0,20.0,40.0,60.0,2,2011-01-01,0,4,1,2011,1,1
641,5,0,1,9.0,35.0,67.0,28.0,29.0,8.0,961.0,20.0,20.0,40.0,60.0,2,2011-01-02,0,4,1,2011,1,2
641,5,0,1,11.0,38.0,69.0,32.0,28.0,9.0,996.0,20.0,30.0,40.0,70.0,2,2011-01-06,0,4,1,2011,1,6
641,5,0,1,12.0,38.0,74.0,31.0,30.0,9.0,1009.0,10.0,30.0,30.0,60.0,2,2011-01-12,0,4,1,2011,1,12
641,5,0,1,1.0,18.0,32.0,14.0,17.0,4.0,602.0,10.0,10.0,20.0,30.0,3,2010-01-08,0,7,0,2010,1,8
641,5,0,1,-2.0,13.0,23.0,10.0,15.0,3.0,598.0,10.0,0.0,10.0,10.0,3,2010-01-10,0,7,0,2010,1,10
641,5,0,1,-3.0,13.0,23.0,10.0,16.0,3.0,596.0,10.0,0.0,20.0,20.0,3,2010-01-11,0,7,0,2010,1,11
641,5,0,1,18.0,31.0,58.0,23.0,19.0,7.0,620.0,20.0,20.0,30.0,50.0,3,2011-01-02,0,7,0,2011,1,2
641,5,0,1,13.0,28.0,52.0,21.0,19.0,6.0,614.0,20.0,20.0,30.0,50.0,3,2011-01-04,0,7,0,2011,1,4
641,5,0,1,1.0,18.0,32.0,14.0,16.0,4.0,602.0,10.0,10.0,20.0,30.0,3,2011-01-08,0,7,0,2011,1,8
641,5,0,1,-3.0,13.0,25.0,10.0,15.0,3.0,598.0,10.0,0.0,10.0,10.0,3,2011-01-10,0,7,0,2011,1,10
641,5,0,1,13.0,29.0,49.0,20.0,16.0,5.0,808.0,20.0,20.0,30.0,50.0,5,2010-01-07,1,2,1,2010,1,7
641,5,0,1,27.0,35.0,62.0,23.0,17.0,6.0,800.0,50.0,20.0,50.0,70.0,5,2011-01-10,1,2,1,2011,1,10
641,5,0,1,31.0,43.0,43.0,0.0,12.0,0.0,559.0,40.0,0.0,50.0,50.0,6,2010-01-07,1,6,0,2010,1,7
641,5,0,1,32.0,43.0,43.0,0.0,11.0,0.0,344.0,40.0,0.0,50.0,50.0,6,2010-01-12,1,6,0,2010,1,12
641,5,0,1,202.0,312.0,546.0,234.0,110.0,77.0,1310.0,200.0,200.0,280.0,480.0,8,2010-01-01,2,3,0,2010,1,1
641,5,0,1,212.0,324.0,567.0,243.0,112.0,80.0,1260.0,210.0,200.0,290.0,490.0,8,2010-01-03,2,3,0,2010,1,3
641,5,0,1,241.0,362.0,634.0,272.0,121.0,89.0,1616.0,230.0,230.0,320.0,550.0,8,2010-01-06,2,3,0,2010,1,6
641,5,0,1,216.0,329.0,576.0,247.0,113.0,81.0,1744.0,200.0,230.0,300.0,530.0,8,2010-01-12,2,3,0,2010,1,12
641,5,0,1,315.0,312.0,611.0,234.0,116.0,77.0,1310.0,200.0,200.0,280.0,480.0,8,2011-01-01,2,3,0,2011,1,1
641,5,0,1,356.0,387.0,672.0,291.0,120.0,96.0,1742.0,240.0,250.0,340.0,590.0,8,2011-01-07,2,3,0,2011,1,7
641,5,0,1,291.0,304.0,567.0,228.0,108.0,75.0,1691.0,180.0,210.0,280.0,490.0,8,2011-01-11,2,3,0,2011,1,11
641,5,0,1,114.0,176.0,298.0,122.0,62.0,39.0,789.0,130.0,90.0,150.0,240.0,9,2010-01-10,2,10,0,2010,1,10
641,5,0,1,134.0,139.0,262.0,95.0,56.0,30.0,608.0,90.0,80.0,120.0,200.0,9,2011-01-01,2,10,0,2011,1,1
641,5,0,1,151.0,158.0,285.0,109.0,56.0,34.0,585.0,110.0,90.0,140.0,230.0,9,2011-01-03,2,10,0,2011,1,3
641,5,0,1,159.0,165.0,296.0,113.0,58.0,36.0,803.0,100.0,100.0,150.0,250.0,9,2011-01-11,2,10,0,2011,1,11
641,5,0,1,164.0,261.0,521.0,260.0,97.0,72.0,1715.0,150.0,220.0,230.0,450.0,11,2010-01-06,3,5,1,2010,1,6
641,5,0,1,155.0,249.0,498.0,249.0,94.0,69.0,1775.0,140.0,210.0,220.0,430.0,11,2010-01-09,3,5,1,2010,1,9
641,5,0,1,156.0,251.0,501.0,250.0,95.0,70.0,1820.0,120.0,210.0,200.0,410.0,11,2010-01-12,3,5,1,2010,1,12
641,5,0,1,209.0,229.0,487.0,228.0,88.0,63.0,1436.0,140.0,190.0,210.0,400.0,11,2011-01-02,3,5,1,2011,1,2
641,5,0,1,232.0,251.0,534.0,250.0,95.0,70.0,1820.0,120.0,210.0,200.0,410.0,11,2011-01-12,3,5,1,2011,1,12
641,5,0,1,216.0,360.0,654.0,294.0,144.0,111.0,1838.0,170.0,240.0,300.0,540.0,12,2010-01-12,3,8,1,2010,1,12
641,5,0,1,273.0,301.0,611.0,245.0,132.0,93.0,1419.0,160.0,210.0,270.0,480.0,12,2011-01-01,3,8,1,2011,1,1
641,5,0,1,251.0,294.0,569.0,240.0,125.0,91.0,1391.0,150.0,200.0,260.0,460.0,12,2011-01-02,3,8,1,2011,1,2
641,5,0,1,331.0,370.0,716.0,302.0,147.0,114.0,1783.0,210.0,250.0,340.0,590.0,12,2011-01-09,3,8,1,2011,1,9
641,5,0,1,257.0,300.0,581.0,245.0,127.0,93.0,1784.0,130.0,200.0,250.0,450.0,12,2011-01-11,3,8,1,2011,1,11
646,12,1,0,357.0,534.0,890.0,356.0,177.0,124.0,2476.0,350.0,340.0,500.0,840.0,2,2010-01-06,0,4,1,2010,1,6
646,12,1,0,407.0,454.0,749.0,302.0,148.0,105.0,2250.0,300.0,280.0,430.0,710.0,2,2011-01-05,0,4,1,2011,1,5
646,12,1,0,105.0,145.0,245.0,100.0,40.0,28.0,598.0,130.0,100.0,160.0,260.0,13,2010-01-08,3,9,1,2010,1,8
646,12,1,0,84.0,118.0,199.0,81.0,34.0,22.0,588.0,100.0,80.0,130.0,210.0,13,2010-01-09,3,9,1,2010,1,9
646,12,1,0,123.0,117.0,211.0,81.0,34.0,22.0,441.0,100.0,80.0,130.0,210.0,13,2011-01-03,3,9,1,2011,1,3
646,12,1,0,-195.0,-52.0,69.0,121.0,143.0,109.0,1673.0,-180.0,110.0,-50.0,60.0,5,2010-01-05,1,2,1,2010,1,5
646,12,1,0,-269.0,-52.0,68.0,121.0,133.0,109.0,1673.0,-180.0,110.0,-50.0,60.0,5,2011-01-05,1,2,1,2011,1,5
646,12,1,0,229.0,369.0,653.0,284.0,140.0,107.0,1565.0,180.0,210.0,290.0,500.0,9,2010-01-08,2,10,0,2010,1,8
646,12,1,0,199.0,191.0,320.0,132.0,44.0,36.0,994.0,170.0,130.0,210.0,340.0,11,2011-01-08,3,5,1,2011,1,8
646,12,1,0,94.0,130.0,219.0,89.0,36.0,24.0,777.0,110.0,90.0,140.0,230.0,12,2010-01-01,3,8,1,2010,1,1
646,12,1,0,153.0,152.0,254.0,104.0,38.0,29.0,821.0,120.0,110.0,160.0,270.0,12,2011-01-05,3,8,1,2011,1,5
646,12,1,0,179.0,277.0,543.0,266.0,98.0,74.0,1319.0,190.0,250.0,280.0,530.0,7,2010-01-08,1,12,1,2010,1,8
646,12,1,0,381.0,464.0,675.0,211.0,83.0,59.0,933.0,390.0,200.0,460.0,660.0,7,2010-01-11,1,12,1,2010,1,11
650,0,3,0,-156.0,-45.0,95.0,141.0,63.0,45.0,1514.0,-110.0,170.0,-50.0,120.0,1,2011-01-06,0,0,1,2011,1,6
650,0,3,0,295.0,454.0,756.0,302.0,159.0,105.0,2250.0,410.0,380.0,560.0,940.0,2,2010-01-05,0,4,1,2010,1,5
650,0,3,0,368.0,546.0,910.0,364.0,178.0,127.0,2617.0,520.0,450.0,680.0,1130.0,2,2010-01-08,0,4,1,2010,1,8
650,0,3,0,511.0,548.0,904.0,364.0,166.0,127.0,2654.0,530.0,450.0,690.0,1140.0,2,2011-01-07,0,4,1,2011,1,7
650,0,3,0,-117.0,-26.0,118.0,144.0,91.0,47.0,862.0,-120.0,180.0,-40.0,140.0,3,2010-01-01,0,7,0,2010,1,1
650,0,3,0,-121.0,-27.0,127.0,154.0,94.0,50.0,1288.0,-120.0,190.0,-40.0,150.0,3,2010-01-03,0,7,0,2010,1,3
650,0,3,0,-174.0,-24.0,139.0,154.0,93.0,50.0,3654.0,-100.0,220.0,-30.0,190.0,3,2011-01-10,0,7,0,2011,1,10
650,0,3,0,59.0,114.0,189.0,75.0,55.0,24.0,659.0,40.0,50.0,80.0,130.0,13,2010-01-11,3,9,1,2010,1,11
650,0,3,0,84.0,108.0,201.0,72.0,57.0,23.0,558.0,50.0,40.0,80.0,120.0,13,2011-01-01,3,9,1,2011,1,1
650,0,3,0,41.0,79.0,130.0,52.0,46.0,17.0,662.0,20.0,30.0,50.0,80.0,13,2011-01-08,3,9,1,2011,1,8
650,0,3,0,50.0,201.0,342.0,144.0,153.0,131.0,874.0,50.0,130.0,200.0,330.0,5,2011-01-06,1,2,1,2011,1,6
650,0,3,0,259.0,387.0,678.0,291.0,128.0,96.0,1742.0,260.0,270.0,380.0,650.0,6,2010-01-07,1,6,0,2010,1,7
650,0,3,0,159.0,139.0,262.0,95.0,39.0,26.0,821.0,100.0,80.0,120.0,200.0,8,2011-01-01,2,3,0,2011,1,1
650,0,3,0,205.0,307.0,567.0,260.0,102.0,80.0,1319.0,200.0,220.0,270.0,490.0,9,2010-01-07,2,10,0,2010,1,7
650,0,3,0,104.0,107.0,213.0,83.0,42.0,27.0,623.0,60.0,70.0,90.0,160.0,10,2011-01-01,2,11,0,2011,1,1
650,0,3,0,54.0,80.0,134.0,54.0,26.0,15.0,456.0,60.0,30.0,60.0,90.0,12,2010-01-01,3,8,1,2010,1,1
650,0,3,0,47.0,73.0,123.0,50.0,26.0,14.0,589.0,40.0,30.0,50.0,80.0,12,2010-01-11,3,8,1,2010,1,11
650,0,3,0,125.0,118.0,212.0,81.0,34.0,22.0,588.0,70.0,50.0,80.0,130.0,12,2011-01-09,3,8,1,2011,1,9
650,0,3,0,228.0,261.0,516.0,260.0,89.0,72.0,1559.0,180.0,240.0,260.0,500.0,4,2011-01-05,1,1,1,2011,1,5
660,8,0,1,37.0,88.0,159.0,72.0,57.0,27.0,606.0,40.0,70.0,90.0,160.0,2,2011-01-08,0,4,1,2011,1,8
660,8,0,1,47.0,91.0,167.0,76.0,44.0,23.0,965.0,50.0,80.0,90.0,170.0,3,2010-01-04,0,7,0,2010,1,4
660,8,0,1,38.0,80.0,148.0,68.0,42.0,21.0,998.0,40.0,70.0,80.0,150.0,3,2010-01-05,0,7,0,2010,1,5
660,8,0,1,35.0,77.0,142.0,65.0,42.0,20.0,1053.0,70.0,50.0,80.0,130.0,3,2010-01-10,0,7,0,2010,1,10
660,8,0,1,52.0,80.0,147.0,68.0,39.0,21.0,998.0,40.0,70.0,80.0,150.0,3,2011-01-05,0,7,0,2011,1,5
660,8,0,1,48.0,77.0,141.0,65.0,39.0,20.0,1042.0,50.0,60.0,80.0,140.0,3,2011-01-06,0,7,0,2011,1,6
660,8,0,1,3.0,49.0,94.0,39.0,47.0,14.0,250.0,0.0,30.0,40.0,70.0,13,2011-01-12,3,9,1,2011,1,12
660,8,0,1,43.0,68.0,115.0,47.0,25.0,13.0,821.0,60.0,50.0,80.0,130.0,5,2010-01-04,1,2,1,2010,1,4
660,8,0,1,33.0,55.0,92.0,37.0,22.0,10.0,876.0,40.0,40.0,60.0,100.0,5,2010-01-06,1,2,1,2010,1,6
660,8,0,1,44.0,52.0,86.0,35.0,19.0,9.0,894.0,40.0,40.0,60.0,100.0,5,2011-01-07,1,2,1,2011,1,7
660,8,0,1,45.0,68.0,114.0,46.0,23.0,12.0,777.0,60.0,50.0,80.0,130.0,6,2010-01-01,1,6,0,2010,1,1
660,8,0,1,45.0,70.0,118.0,48.0,25.0,13.0,766.0,60.0,50.0,80.0,130.0,6,2010-01-03,1,6,0,2010,1,3
660,8,0,1,28.0,47.0,79.0,32.0,19.0,8.0,833.0,80.0,30.0,80.0,110.0,6,2010-01-10,1,6,0,2010,1,10
660,8,0,1,50.0,58.0,96.0,39.0,20.0,10.0,799.0,50.0,40.0,70.0,110.0,6,2011-01-05,1,6,0,2011,1,5
660,8,0,1,-4.0,73.0,125.0,52.0,77.0,47.0,313.0,20.0,40.0,70.0,110.0,8,2010-01-06,2,3,0,2010,1,6
660,8,0,1,-12.0,40.0,133.0,93.0,52.0,28.0,840.0,10.0,70.0,40.0,110.0,9,2010-01-04,2,10,0,2010,1,4
660,8,0,1,-15.0,38.0,136.0,98.0,53.0,30.0,973.0,0.0,80.0,30.0,110.0,9,2010-01-05,2,10,0,2010,1,5
660,8,0,1,-44.0,11.0,115.0,104.0,55.0,32.0,1574.0,-10.0,80.0,20.0,100.0,9,2010-01-09,2,10,0,2010,1,9
660,8,0,1,-17.0,49.0,167.0,120.0,57.0,37.0,1334.0,0.0,100.0,40.0,140.0,9,2011-01-07,2,10,0,2011,1,7
660,8,0,1,-9.0,36.0,65.0,29.0,45.0,11.0,215.0,-10.0,20.0,30.0,50.0,12,2010-01-08,3,8,1,2010,1,8
660,8,0,1,-14.0,36.0,73.0,29.0,47.0,11.0,169.0,-10.0,20.0,30.0,50.0,12,2011-01-01,3,8,1,2011,1,1
660,8,0,1,-4.0,42.0,80.0,33.0,45.0,12.0,162.0,0.0,20.0,40.0,60.0,12,2011-01-03,3,8,1,2011,1,3
660,8,0,1,-4.0,43.0,77.0,35.0,43.0,13.0,204.0,-10.0,30.0,30.0,60.0,12,2011-01-06,3,8,1,2011,1,6
660,8,0,1,-18.0,30.0,58.0,24.0,42.0,9.0,212.0,-10.0,20.0,20.0,40.0,12,2011-01-09,3,8,1,2011,1,9
661,0,3,0,-190.0,-67.0,86.0,154.0,66.0,49.0,1832.0,-150.0,190.0,-90.0,100.0,1,2011-01-07,0,0,1,2011,1,7
661,0,3,0,331.0,362.0,628.0,272.0,113.0,89.0,1616.0,230.0,260.0,340.0,600.0,6,2011-01-06,1,6,0,2011,1,6
661,0,3,0,133.0,178.0,301.0,123.0,45.0,34.0,947.0,140.0,100.0,160.0,260.0,8,2010-01-06,2,3,0,2010,1,6
661,0,3,0,115.0,157.0,265.0,108.0,42.0,30.0,971.0,120.0,80.0,130.0,210.0,8,2010-01-10,2,3,0,2010,1,10
661,0,3,0,192.0,288.0,532.0,244.0,96.0,75.0,1213.0,190.0,200.0,260.0,460.0,9,2010-01-06,2,10,0,2010,1,6
661,0,3,0,279.0,284.0,559.0,241.0,96.0,74.0,1321.0,170.0,220.0,260.0,480.0,9,2011-01-12,2,10,0,2011,1,12
661,0,3,0,140.0,228.0,456.0,228.0,88.0,63.0,1459.0,150.0,210.0,220.0,430.0,4,2010-01-01,1,1,1,2010,1,1
682,16,2,0,248.0,245.0,506.0,207.0,90.0,64.0,965.0,220.0,260.0,300.0,560.0,2,2011-01-01,0,4,1,2011,1,1
682,16,2,0,39.0,68.0,120.0,52.0,29.0,17.0,554.0,70.0,60.0,90.0,150.0,3,2010-01-08,0,7,0,2010,1,8
682,16,2,0,30.0,56.0,99.0,43.0,26.0,14.0,531.0,40.0,50.0,60.0,110.0,3,2010-01-12,0,7,0,2010,1,12
682,16,2,0,133.0,178.0,301.0,123.0,45.0,34.0,941.0,120.0,100.0,150.0,250.0,5,2010-01-08,1,2,1,2010,1,8
682,16,2,0,40.0,72.0,133.0,53.0,45.0,17.0,410.0,40.0,50.0,70.0,120.0,8,2011-01-09,2,3,0,2011,1,9
682,16,2,0,41.0,79.0,130.0,52.0,46.0,17.0,-456.0,40.0,40.0,70.0,110.0,4,2011-01-07,1,1,1,2011,1,7
682,16,2,0,82.0,110.0,194.0,72.0,55.0,23.0,-868.0,50.0,40.0,70.0,110.0,4,2011-01-10,1,1,1,2011,1,10
702,9,3,1,-3.0,42.0,76.0,34.0,45.0,12.0,197.0,10.0,40.0,50.0,90.0,2,2010-01-01,0,4,1,2010,1,1
702,9,3,1,-4.0,42.0,75.0,33.0,46.0,12.0,190.0,10.0,40.0,50.0,90.0,2,2010-01-03,0,4,1,2010,1,3
702,9,3,1,-1.0,45.0,81.0,36.0,46.0,13.0,212.0,20.0,40.0,60.0,100.0,2,2010-01-05,0,4,1,2010,1,5
702,9,3,1,0.0,46.0,82.0,36.0,46.0,13.0,236.0,20.0,40.0,60.0,100.0,2,2010-01-06,0,4,1,2010,1,6
702,9,3,1,1.0,48.0,86.0,38.0,47.0,14.0,248.0,20.0,40.0,60.0,100.0,2,2010-01-08,0,4,1,2010,1,8
702,9,3,1,2.0,51.0,91.0,40.0,49.0,15.0,244.0,20.0,50.0,60.0,110.0,2,2010-01-09,0,4,1,2010,1,9
702,9,3,1,-7.0,41.0,79.0,33.0,46.0,12.0,193.0,10.0,40.0,50.0,90.0,2,2011-01-02,0,4,1,2011,1,2
702,9,3,1,-6.0,42.0,80.0,33.0,46.0,12.0,190.0,10.0,40.0,50.0,90.0,2,2011-01-03,0,4,1,2011,1,3
702,9,3,1,-3.0,44.0,84.0,35.0,46.0,13.0,197.0,10.0,40.0,50.0,90.0,2,2011-01-04,0,4,1,2011,1,4
702,9,3,1,-1.0,45.0,80.0,36.0,43.0,13.0,212.0,20.0,40.0,60.0,100.0,2,2011-01-05,0,4,1,2011,1,5
702,9,3,1,0.0,46.0,81.0,36.0,43.0,13.0,236.0,20.0,40.0,60.0,100.0,2,2011-01-06,0,4,1,2011,1,6
702,9,3,1,-3.0,43.0,82.0,34.0,45.0,12.0,240.0,30.0,40.0,60.0,100.0,2,2011-01-10,0,4,1,2011,1,10
702,9,3,1,1.0,49.0,94.0,39.0,48.0,14.0,250.0,20.0,40.0,60.0,100.0,2,2011-01-12,0,4,1,2011,1,12
702,9,3,1,6.0,35.0,63.0,28.0,29.0,8.0,961.0,20.0,30.0,40.0,70.0,3,2010-01-02,0,7,0,2010,1,2
702,9,3,1,6.0,35.0,63.0,28.0,29.0,8.0,958.0,20.0,30.0,40.0,70.0,3,2010-01-03,0,7,0,2010,1,3
702,9,3,1,16.0,49.0,90.0,41.0,33.0,12.0,1007.0,30.0,50.0,60.0,110.0,3,2010-01-08,0,7,0,2010,1,8
702,9,3,1,7.0,39.0,72.0,33.0,32.0,10.0,1003.0,30.0,40.0,50.0,90.0,3,2010-01-09,0,7,0,2010,1,9
702,9,3,1,8.0,38.0,69.0,31.0,30.0,9.0,1009.0,30.0,30.0,50.0,80.0,3,2010-01-12,0,7,0,2010,1,12
702,9,3,1,6.0,34.0,69.0,28.0,32.0,8.0,965.0,20.0,30.0,40.0,70.0,3,2011-01-01,0,7,0,2011,1,1
702,9,3,1,6.0,33.0,65.0,28.0,29.0,8.0,964.0,20.0,30.0,40.0,70.0,3,2011-01-04,0,7,0,2011,1,4
702,9,3,1,11.0,38.0,69.0,32.0,28.0,9.0,996.0,20.0,40.0,40.0,80.0,3,2011-01-06,0,7,0,2011,1,6
702,9,3,1,12.0,41.0,74.0,34.0,30.0,10.0,1010.0,30.0,40.0,50.0,90.0,3,2011-01-07,0,7,0,2011,1,7
702,9,3,1,22.0,49.0,89.0,41.0,31.0,12.0,1007.0,30.0,50.0,60.0,110.0,3,2011-01-08,0,7,0,2011,1,8
702,9,3,1,10.0,39.0,77.0,33.0,32.0,10.0,1003.0,30.0,40.0,50.0,90.0,3,2011-01-09,0,7,0,2011,1,9
702,9,3,1,7.0,35.0,68.0,29.0,30.0,8.0,1003.0,20.0,30.0,40.0,70.0,3,2011-01-11,0,7,0,2011,1,11
702,9,3,1,-354.0,-245.0,17.0,245.0,126.0,93.0,1419.0,-240.0,160.0,-160.0,0.0,13,2010-01-01,3,9,1,2010,1,1
702,9,3,1,-342.0,-240.0,23.0,240.0,125.0,91.0,1937.0,-220.0,150.0,-150.0,0.0,13,2010-01-02,3,9,1,2010,1,2
702,9,3,1,-365.0,-260.0,26.0,260.0,131.0,98.0,3049.0,-250.0,170.0,-170.0,0.0,13,2010-01-04,3,9,1,2010,1,4
702,9,3,1,-380.0,-265.0,18.0,265.0,133.0,100.0,3742.0,-250.0,170.0,-170.0,0.0,13,2010-01-05,3,9,1,2010,1,5
702,9,3,1,-369.0,-271.0,37.0,271.0,135.0,102.0,4507.0,-250.0,170.0,-170.0,0.0,13,2010-01-06,3,9,1,2010,1,6
702,9,3,1,-378.0,-270.0,27.0,270.0,135.0,102.0,5230.0,-250.0,170.0,-170.0,0.0,13,2010-01-07,3,9,1,2010,1,7
702,9,3,1,-363.0,-255.0,21.0,255.0,129.0,96.0,7058.0,-170.0,110.0,-110.0,0.0,13,2010-01-10,3,9,1,2010,1,10
702,9,3,1,-340.0,-245.0,32.0,245.0,127.0,93.0,7653.0,-280.0,180.0,-180.0,0.0,13,2010-01-11,3,9,1,2010,1,11
702,9,3,1,-542.0,-260.0,28.0,260.0,131.0,98.0,3049.0,-250.0,170.0,-170.0,0.0,13,2011-01-04,3,9,1,2011,1,4
702,9,3,1,-524.0,-265.0,18.0,265.0,124.0,100.0,3742.0,-250.0,170.0,-170.0,0.0,13,2011-01-05,3,9,1,2011,1,5
702,9,3,1,-539.0,-255.0,22.0,255.0,129.0,96.0,7058.0,-170.0,110.0,-110.0,0.0,13,2011-01-10,3,9,1,2011,1,10
702,9,3,1,10.0,27.0,45.0,18.0,17.0,5.0,821.0,20.0,10.0,30.0,40.0,5,2010-01-01,1,2,1,2010,1,1
702,9,3,1,11.0,28.0,47.0,19.0,17.0,5.0,820.0,20.0,10.0,30.0,40.0,5,2010-01-04,1,2,1,2010,1,4
702,9,3,1,14.0,31.0,52.0,21.0,17.0,5.0,846.0,20.0,10.0,20.0,30.0,5,2010-01-10,1,2,1,2010,1,10
702,9,3,1,15.0,27.0,48.0,18.0,17.0,5.0,816.0,20.0,10.0,30.0,40.0,5,2011-01-03,1,2,1,2011,1,3
702,9,3,1,16.0,28.0,50.0,19.0,17.0,5.0,820.0,20.0,10.0,30.0,40.0,5,2011-01-04,1,2,1,2011,1,4
702,9,3,1,25.0,35.0,57.0,23.0,16.0,6.0,843.0,20.0,20.0,30.0,50.0,5,2011-01-06,1,2,1,2011,1,6
702,9,3,1,23.0,36.0,60.0,25.0,18.0,7.0,854.0,20.0,20.0,30.0,50.0,5,2011-01-07,1,2,1,2011,1,7
702,9,3,1,26.0,38.0,62.0,25.0,18.0,7.0,851.0,30.0,20.0,40.0,60.0,5,2011-01-08,1,2,1,2011,1,8
702,9,3,1,18.0,29.0,51.0,19.0,17.0,5.0,848.0,20.0,10.0,30.0,40.0,5,2011-01-09,1,2,1,2011,1,9
702,9,3,1,15.0,32.0,53.0,21.0,17.0,5.0,798.0,20.0,20.0,30.0,50.0,6,2010-01-06,1,6,0,2010,1,6
702,9,3,1,12.0,29.0,49.0,20.0,17.0,5.0,808.0,20.0,10.0,30.0,40.0,6,2010-01-07,1,6,0,2010,1,7
702,9,3,1,17.0,35.0,58.0,23.0,18.0,6.0,806.0,20.0,20.0,30.0,50.0,6,2010-01-08,1,6,0,2010,1,8
702,9,3,1,17.0,35.0,58.0,23.0,18.0,6.0,803.0,20.0,20.0,30.0,50.0,6,2010-01-09,1,6,0,2010,1,9
702,9,3,1,17.0,35.0,58.0,23.0,18.0,6.0,800.0,30.0,10.0,30.0,40.0,6,2010-01-10,1,6,0,2010,1,10
702,9,3,1,17.0,35.0,58.0,23.0,18.0,6.0,807.0,20.0,20.0,30.0,50.0,6,2010-01-12,1,6,0,2010,1,12
702,9,3,1,17.0,26.0,48.0,17.0,16.0,4.0,777.0,20.0,10.0,30.0,40.0,6,2011-01-01,1,6,0,2011,1,1
702,9,3,1,16.0,28.0,50.0,19.0,17.0,5.0,774.0,20.0,10.0,30.0,40.0,6,2011-01-02,1,6,0,2011,1,2
702,9,3,1,18.0,29.0,49.0,20.0,15.0,5.0,784.0,20.0,10.0,30.0,40.0,6,2011-01-05,1,6,0,2011,1,5
702,9,3,1,16.0,145.0,250.0,105.0,129.0,95.0,725.0,30.0,90.0,130.0,220.0,8,2010-01-01,2,3,0,2010,1,1
702,9,3,1,26.0,169.0,290.0,121.0,143.0,110.0,910.0,40.0,100.0,150.0,250.0,8,2010-01-09,2,3,0,2010,1,9
702,9,3,1,32.0,187.0,322.0,135.0,155.0,122.0,940.0,30.0,120.0,170.0,290.0,8,2010-01-12,2,3,0,2010,1,12
702,9,3,1,39.0,169.0,309.0,121.0,143.0,110.0,712.0,40.0,100.0,150.0,250.0,8,2011-01-02,2,3,0,2011,1,2
702,9,3,1,62.0,225.0,384.0,162.0,167.0,147.0,943.0,70.0,130.0,210.0,340.0,8,2011-01-07,2,3,0,2011,1,7
702,9,3,1,68.0,239.0,408.0,173.0,177.0,156.0,927.0,70.0,140.0,220.0,360.0,8,2011-01-08,2,3,0,2011,1,8
702,9,3,1,39.0,169.0,309.0,121.0,143.0,110.0,910.0,40.0,100.0,150.0,250.0,8,2011-01-09,2,3,0,2011,1,9
702,9,3,1,39.0,173.0,318.0,125.0,147.0,113.0,898.0,60.0,90.0,150.0,240.0,8,2011-01-10,2,3,0,2011,1,10
702,9,3,1,39.0,168.0,308.0,121.0,142.0,109.0,912.0,20.0,110.0,150.0,260.0,8,2011-01-11,2,3,0,2011,1,11
702,9,3,1,47.0,187.0,343.0,135.0,155.0,122.0,940.0,30.0,120.0,170.0,290.0,8,2011-01-12,2,3,0,2011,1,12
702,9,3,1,119.0,213.0,367.0,154.0,94.0,50.0,829.0,120.0,130.0,190.0,320.0,9,2010-01-03,2,10,0,2010,1,3
702,9,3,1,166.0,278.0,478.0,200.0,112.0,66.0,1095.0,170.0,170.0,250.0,420.0,9,2010-01-06,2,10,0,2010,1,6
702,9,3,1,129.0,225.0,387.0,162.0,96.0,53.0,1148.0,140.0,130.0,210.0,340.0,9,2010-01-09,2,10,0,2010,1,9
702,9,3,1,120.0,213.0,367.0,154.0,93.0,50.0,1132.0,120.0,120.0,170.0,290.0,9,2010-01-10,2,10,0,2010,1,10
702,9,3,1,138.0,239.0,412.0,173.0,101.0,57.0,1150.0,130.0,160.0,220.0,380.0,9,2010-01-11,2,10,0,2010,1,11
702,9,3,1,177.0,213.0,391.0,154.0,94.0,50.0,829.0,120.0,130.0,190.0,320.0,9,2011-01-03,2,10,0,2011,1,3
702,9,3,1,232.0,265.0,486.0,191.0,109.0,63.0,865.0,160.0,160.0,240.0,400.0,9,2011-01-04,2,10,0,2011,1,4
702,9,3,1,221.0,270.0,461.0,195.0,102.0,64.0,956.0,160.0,160.0,240.0,400.0,9,2011-01-05,2,10,0,2011,1,5
702,9,3,1,229.0,278.0,474.0,200.0,104.0,66.0,1095.0,170.0,170.0,250.0,420.0,9,2011-01-06,2,10,0,2011,1,6
702,9,3,1,287.0,329.0,562.0,238.0,113.0,78.0,1190.0,200.0,200.0,290.0,490.0,9,2011-01-07,2,10,0,2011,1,7
702,9,3,1,191.0,225.0,412.0,162.0,96.0,53.0,1148.0,140.0,130.0,210.0,340.0,9,2011-01-09,2,10,0,2011,1,9
702,9,3,1,205.0,239.0,439.0,173.0,101.0,57.0,1150.0,130.0,160.0,220.0,380.0,9,2011-01-11,2,10,0,2011,1,11
702,9,3,1,288.0,310.0,569.0,224.0,116.0,73.0,1191.0,170.0,210.0,280.0,490.0,9,2011-01-12,2,10,0,2011,1,12
702,9,3,1,86.0,139.0,234.0,95.0,53.0,30.0,608.0,90.0,80.0,120.0,200.0,10,2010-01-01,2,11,0,2010,1,1
702,9,3,1,94.0,150.0,254.0,104.0,56.0,33.0,596.0,110.0,80.0,140.0,220.0,10,2010-01-02,2,11,0,2010,1,2
702,9,3,1,102.0,158.0,267.0,109.0,56.0,34.0,585.0,110.0,90.0,140.0,230.0,10,2010-01-03,2,11,0,2010,1,3
702,9,3,1,115.0,178.0,301.0,123.0,63.0,39.0,611.0,110.0,100.0,160.0,260.0,10,2010-01-04,2,11,0,2010,1,4
702,9,3,1,150.0,222.0,376.0,154.0,72.0,49.0,817.0,150.0,130.0,200.0,330.0,10,2010-01-08,2,11,0,2010,1,8
702,9,3,1,114.0,176.0,298.0,122.0,62.0,39.0,789.0,130.0,90.0,150.0,240.0,10,2010-01-10,2,11,0,2010,1,10
702,9,3,1,107.0,165.0,278.0,113.0,58.0,36.0,803.0,100.0,100.0,150.0,250.0,10,2010-01-11,2,11,0,2010,1,11
702,9,3,1,167.0,185.0,309.0,127.0,60.0,40.0,671.0,120.0,100.0,170.0,270.0,10,2011-01-05,2,11,0,2011,1,5
702,9,3,1,207.0,222.0,373.0,154.0,67.0,49.0,833.0,150.0,130.0,200.0,330.0,10,2011-01-07,2,11,0,2011,1,7
702,9,3,1,171.0,176.0,318.0,122.0,61.0,39.0,801.0,120.0,100.0,160.0,260.0,10,2011-01-09,2,11,0,2011,1,9
702,9,3,1,212.0,324.0,567.0,243.0,112.0,80.0,1260.0,150.0,160.0,220.0,380.0,11,2010-01-03,3,5,1,2010,1,3
702,9,3,1,219.0,335.0,587.0,252.0,116.0,83.0,1316.0,160.0,160.0,230.0,390.0,11,2010-01-04,3,5,1,2010,1,4
702,9,3,1,231.0,349.0,612.0,263.0,118.0,86.0,1433.0,170.0,170.0,240.0,410.0,11,2010-01-05,3,5,1,2010,1,5
702,9,3,1,258.0,387.0,678.0,291.0,129.0,96.0,1742.0,190.0,190.0,270.0,460.0,11,2010-01-07,3,5,1,2010,1,7
702,9,3,1,262.0,392.0,687.0,295.0,130.0,97.0,1714.0,190.0,190.0,270.0,460.0,11,2010-01-08,3,5,1,2010,1,8
702,9,3,1,221.0,336.0,589.0,253.0,115.0,83.0,1686.0,170.0,160.0,240.0,400.0,11,2010-01-09,3,5,1,2010,1,9
702,9,3,1,224.0,341.0,598.0,257.0,117.0,84.0,1662.0,130.0,110.0,180.0,290.0,11,2010-01-10,3,5,1,2010,1,10
702,9,3,1,196.0,304.0,532.0,228.0,108.0,75.0,1691.0,140.0,160.0,220.0,380.0,11,2010-01-11,3,5,1,2010,1,11
702,9,3,1,215.0,329.0,576.0,247.0,114.0,81.0,1744.0,150.0,180.0,240.0,420.0,11,2010-01-12,3,5,1,2010,1,12
702,9,3,1,316.0,312.0,611.0,234.0,114.0,77.0,1310.0,150.0,150.0,220.0,370.0,11,2011-01-01,3,5,1,2011,1,1
702,9,3,1,300.0,311.0,581.0,234.0,109.0,77.0,1282.0,150.0,150.0,220.0,370.0,11,2011-01-02,3,5,1,2011,1,2
702,9,3,1,315.0,324.0,604.0,243.0,112.0,80.0,1260.0,150.0,160.0,220.0,380.0,11,2011-01-03,3,5,1,2011,1,3
702,9,3,1,325.0,335.0,626.0,252.0,116.0,83.0,1316.0,160.0,160.0,230.0,390.0,11,2011-01-04,3,5,1,2011,1,4
702,9,3,1,333.0,362.0,628.0,272.0,113.0,89.0,1616.0,190.0,170.0,260.0,430.0,11,2011-01-06,3,5,1,2011,1,6
702,9,3,1,356.0,387.0,672.0,291.0,120.0,96.0,1742.0,190.0,190.0,270.0,460.0,11,2011-01-07,3,5,1,2011,1,7
702,9,3,1,362.0,392.0,681.0,295.0,121.0,97.0,1714.0,190.0,190.0,270.0,460.0,11,2011-01-08,3,5,1,2011,1,8
702,9,3,1,142.0,229.0,457.0,228.0,87.0,63.0,1436.0,100.0,150.0,160.0,310.0,12,2010-01-02,3,8,1,2010,1,2
702,9,3,1,148.0,239.0,478.0,239.0,91.0,66.0,1417.0,110.0,150.0,170.0,320.0,12,2010-01-03,3,8,1,2010,1,3
702,9,3,1,165.0,261.0,521.0,260.0,96.0,72.0,1715.0,120.0,170.0,180.0,350.0,12,2010-01-06,3,8,1,2010,1,6
702,9,3,1,156.0,249.0,498.0,249.0,93.0,69.0,1775.0,110.0,160.0,170.0,330.0,12,2010-01-09,3,8,1,2010,1,9
702,9,3,1,128.0,212.0,423.0,211.0,84.0,59.0,1778.0,80.0,150.0,150.0,300.0,12,2010-01-11,3,8,1,2010,1,11
702,9,3,1,157.0,251.0,501.0,250.0,94.0,70.0,1820.0,100.0,180.0,180.0,360.0,12,2010-01-12,3,8,1,2010,1,12
702,9,3,1,232.0,266.0,527.0,266.0,91.0,74.0,1819.0,130.0,170.0,190.0,360.0,12,2011-01-07,3,8,1,2011,1,7
702,9,3,1,230.0,266.0,527.0,266.0,92.0,74.0,1797.0,130.0,170.0,190.0,360.0,12,2011-01-08,3,8,1,2011,1,8
702,9,3,1,190.0,212.0,451.0,211.0,84.0,59.0,1778.0,80.0,150.0,150.0,300.0,12,2011-01-11,3,8,1,2011,1,11
702,9,3,1,31.0,43.0,43.0,0.0,12.0,0.0,774.0,30.0,0.0,40.0,40.0,4,2010-01-02,1,1,1,2010,1,2
702,9,3,1,32.0,43.0,43.0,0.0,11.0,0.0,559.0,30.0,0.0,40.0,40.0,4,2010-01-07,1,1,1,2010,1,7
702,9,3,1,32.0,43.0,43.0,0.0,11.0,0.0,516.0,30.0,0.0,40.0,40.0,4,2010-01-08,1,1,1,2010,1,8
702,9,3,1,32.0,43.0,43.0,0.0,11.0,0.0,473.0,30.0,0.0,40.0,40.0,4,2010-01-09,1,1,1,2010,1,9
702,9,3,1,32.0,43.0,43.0,0.0,11.0,0.0,430.0,30.0,0.0,30.0,30.0,4,2010-01-10,1,1,1,2010,1,10
702,9,3,1,31.0,43.0,43.0,0.0,12.0,0.0,344.0,30.0,0.0,40.0,40.0,4,2010-01-12,1,1,1,2010,1,12
702,9,3,1,17.0,26.0,48.0,17.0,16.0,4.0,777.0,20.0,10.0,30.0,40.0,4,2011-01-01,1,1,1,2011,1,1
702,9,3,1,47.0,43.0,46.0,0.0,11.0,0.0,430.0,30.0,0.0,30.0,30.0,4,2011-01-10,1,1,1,2011,1,10
707,0,3,0,-113.0,-45.0,96.0,141.0,68.0,45.0,1514.0,-110.0,170.0,-50.0,120.0,1,2010-01-06,0,0,1,2010,1,6
707,0,3,0,259.0,405.0,675.0,270.0,146.0,94.0,2041.0,370.0,340.0,500.0,840.0,2,2010-01-03,0,4,1,2010,1,3
707,0,3,0,370.0,548.0,912.0,364.0,178.0,127.0,2654.0,530.0,450.0,690.0,1140.0,2,2010-01-07,0,4,1,2010,1,7
707,0,3,0,271.0,420.0,699.0,279.0,149.0,97.0,2642.0,350.0,330.0,500.0,830.0,2,2010-01-12,0,4,1,2010,1,12
707,0,3,0,407.0,454.0,749.0,302.0,148.0,105.0,2250.0,410.0,380.0,560.0,940.0,2,2011-01-05,0,4,1,2011,1,5
707,0,3,0,-157.0,-36.0,202.0,238.0,121.0,78.0,2797.0,-150.0,290.0,-40.0,250.0,3,2010-01-07,0,7,0,2010,1,7
707,0,3,0,35.0,168.0,286.0,121.0,133.0,109.0,788.0,30.0,110.0,160.0,270.0,5,2011-01-05,1,2,1,2011,1,5
707,0,3,0,262.0,392.0,687.0,295.0,130.0,97.0,1714.0,250.0,280.0,370.0,650.0,6,2010-01-08,1,6,0,2010,1,8
707,0,3,0,197.0,304.0,532.0,228.0,107.0,75.0,1691.0,190.0,220.0,290.0,510.0,6,2010-01-11,1,6,0,2010,1,11
707,0,3,0,300.0,311.0,581.0,234.0,109.0,77.0,1282.0,200.0,220.0,300.0,520.0,6,2011-01-02,1,6,0,2011,1,2
707,0,3,0,162.0,247.0,456.0,209.0,85.0,64.0,969.0,170.0,170.0,230.0,400.0,9,2010-01-04,2,10,0,2010,1,4
707,0,3,0,67.0,107.0,190.0,83.0,40.0,27.0,623.0,60.0,70.0,90.0,160.0,10,2010-01-01,2,11,0,2010,1,1
707,0,3,0,27.0,52.0,92.0,40.0,25.0,13.0,536.0,30.0,30.0,50.0,80.0,10,2010-01-11,2,11,0,2010,1,11
707,0,3,0,84.0,80.0,150.0,54.0,27.0,15.0,456.0,60.0,30.0,60.0,90.0,12,2011-01-01,3,8,1,2011,1,1
707,0,3,0,119.0,112.0,201.0,77.0,32.0,21.0,449.0,60.0,50.0,70.0,120.0,12,2011-01-02,3,8,1,2011,1,2
707,0,3,0,123.0,117.0,211.0,81.0,34.0,22.0,460.0,70.0,50.0,80.0,130.0,12,2011-01-04,3,8,1,2011,1,4
707,0,3,0,135.0,136.0,228.0,94.0,35.0,26.0,608.0,80.0,60.0,90.0,150.0,12,2011-01-07,3,8,1,2011,1,7
707,0,3,0,165.0,261.0,521.0,260.0,96.0,72.0,1715.0,180.0,240.0,260.0,500.0,4,2010-01-06,1,1,1,2010,1,6
708,4,0,0,115.0,176.0,298.0,122.0,61.0,39.0,801.0,140.0,120.0,190.0,310.0,3,2010-01-09,0,7,0,2010,1,9
708,4,0,0,201.0,311.0,545.0,234.0,110.0,77.0,1282.0,260.0,270.0,370.0,640.0,5,2010-01-02,1,2,1,2010,1,2
708,4,0,0,321.0,329.0,614.0,247.0,113.0,81.0,1744.0,320.0,310.0,420.0,730.0,5,2011-01-12,1,2,1,2011,1,12
708,4,0,0,133.0,179.0,302.0,123.0,46.0,34.0,928.0,140.0,100.0,160.0,260.0,8,2010-01-09,2,3,0,2010,1,9
708,4,0,0,133.0,179.0,302.0,123.0,46.0,34.0,915.0,140.0,90.0,150.0,240.0,8,2010-01-10,2,3,0,2010,1,10
708,4,0,0,153.0,152.0,254.0,104.0,38.0,29.0,952.0,120.0,80.0,140.0,220.0,8,2011-01-07,2,3,0,2011,1,7
708,4,0,0,197.0,179.0,322.0,123.0,46.0,34.0,915.0,140.0,90.0,150.0,240.0,8,2011-01-10,2,3,0,2011,1,10
708,4,0,0,188.0,172.0,309.0,118.0,45.0,33.0,930.0,110.0,110.0,150.0,260.0,8,2011-01-11,2,3,0,2011,1,11
708,4,0,0,92.0,100.0,190.0,78.0,38.0,25.0,593.0,60.0,60.0,90.0,150.0,9,2011-01-04,2,10,0,2011,1,4
708,4,0,0,125.0,117.0,211.0,81.0,33.0,22.0,984.0,80.0,70.0,110.0,180.0,10,2011-01-11,2,11,0,2011,1,11
708,4,0,0,117.0,112.0,201.0,77.0,33.0,21.0,449.0,80.0,60.0,100.0,160.0,11,2011-01-02,3,5,1,2011,1,2
708,4,0,0,125.0,117.0,211.0,81.0,33.0,22.0,441.0,80.0,60.0,110.0,170.0,11,2011-01-03,3,5,1,2011,1,3
708,4,0,0,71.0,73.0,131.0,50.0,25.0,14.0,589.0,40.0,40.0,60.0,100.0,11,2011-01-11,3,5,1,2011,1,11
708,4,0,0,54.0,108.0,180.0,72.0,54.0,23.0,558.0,40.0,60.0,90.0,150.0,12,2010-01-01,3,8,1,2010,1,1
708,4,0,0,88.0,114.0,201.0,75.0,55.0,24.0,549.0,50.0,60.0,100.0,160.0,12,2011-01-02,3,8,1,2011,1,2
708,4,0,0,70.0,101.0,179.0,67.0,54.0,22.0,677.0,40.0,50.0,80.0,130.0,12,2011-01-12,3,8,1,2011,1,12
712,5,0,1,10.0,27.0,45.0,18.0,17.0,5.0,818.0,20.0,10.0,30.0,40.0,1,2010-01-02,0,0,1,2010,1,2
712,5,0,1,10.0,27.0,45.0,18.0,17.0,5.0,816.0,20.0,10.0,30.0,40.0,1,2010-01-03,0,0,1,2010,1,3
712,5,0,1,12.0,29.0,49.0,20.0,17.0,5.0,829.0,20.0,20.0,30.0,50.0,1,2010-01-05,0,0,1,2010,1,5
712,5,0,1,15.0,27.0,48.0,18.0,17.0,5.0,816.0,20.0,10.0,30.0,40.0,1,2011-01-03,0,0,1,2011,1,3
712,5,0,1,23.0,36.0,60.0,25.0,18.0,7.0,854.0,30.0,20.0,40.0,60.0,1,2011-01-07,0,0,1,2011,1,7
712,5,0,1,12.0,24.0,42.0,15.0,16.0,4.0,848.0,10.0,10.0,20.0,30.0,1,2011-01-11,0,0,1,2011,1,11
712,5,0,1,9.0,41.0,75.0,34.0,32.0,10.0,1010.0,20.0,30.0,40.0,70.0,2,2010-01-07,0,4,1,2010,1,7
712,5,0,1,10.0,37.0,67.0,31.0,28.0,9.0,976.0,20.0,30.0,40.0,70.0,2,2011-01-05,0,4,1,2011,1,5
712,5,0,1,12.0,31.0,54.0,23.0,19.0,7.0,623.0,20.0,20.0,30.0,50.0,3,2010-01-01,0,7,0,2010,1,1
712,5,0,1,12.0,31.0,54.0,23.0,19.0,7.0,620.0,20.0,20.0,30.0,50.0,3,2010-01-02,0,7,0,2010,1,2
712,5,0,1,11.0,30.0,52.0,22.0,19.0,7.0,608.0,20.0,20.0,30.0,50.0,3,2010-01-06,0,7,0,2010,1,6
712,5,0,1,12.0,31.0,54.0,23.0,19.0,7.0,605.0,20.0,20.0,30.0,50.0,3,2010-01-07,0,7,0,2010,1,7
712,5,0,1,17.0,31.0,54.0,23.0,18.0,7.0,605.0,20.0,20.0,30.0,50.0,3,2011-01-07,0,7,0,2011,1,7
712,5,0,1,-1.0,14.0,26.0,10.0,15.0,3.0,594.0,10.0,0.0,20.0,20.0,3,2011-01-12,0,7,0,2011,1,12
712,5,0,1,9.0,25.0,41.0,16.0,16.0,4.0,772.0,20.0,10.0,30.0,40.0,5,2010-01-03,1,2,1,2010,1,3
712,5,0,1,18.0,35.0,58.0,23.0,17.0,6.0,806.0,30.0,20.0,40.0,60.0,5,2010-01-08,1,2,1,2010,1,8
712,5,0,1,16.0,28.0,50.0,19.0,17.0,5.0,774.0,20.0,20.0,30.0,50.0,5,2011-01-02,1,2,1,2011,1,2
712,5,0,1,18.0,29.0,49.0,20.0,15.0,5.0,808.0,20.0,20.0,30.0,50.0,5,2011-01-07,1,2,1,2011,1,7
712,5,0,1,32.0,43.0,43.0,0.0,11.0,0.0,774.0,40.0,0.0,50.0,50.0,6,2010-01-02,1,6,0,2010,1,2
712,5,0,1,32.0,43.0,43.0,0.0,11.0,0.0,688.0,40.0,0.0,50.0,50.0,6,2010-01-04,1,6,0,2010,1,4
712,5,0,1,31.0,43.0,43.0,0.0,12.0,0.0,430.0,60.0,0.0,60.0,60.0,6,2010-01-10,1,6,0,2010,1,10
712,5,0,1,31.0,43.0,43.0,0.0,12.0,0.0,387.0,40.0,0.0,50.0,50.0,6,2010-01-11,1,6,0,2010,1,11
712,5,0,1,47.0,43.0,46.0,0.0,11.0,0.0,731.0,40.0,0.0,50.0,50.0,6,2011-01-03,1,6,0,2011,1,3
712,5,0,1,47.0,43.0,46.0,0.0,11.0,0.0,688.0,40.0,0.0,50.0,50.0,6,2011-01-04,1,6,0,2011,1,4
712,5,0,1,47.0,43.0,46.0,0.0,11.0,0.0,473.0,40.0,0.0,50.0,50.0,6,2011-01-09,1,6,0,2011,1,9
712,5,0,1,262.0,392.0,687.0,295.0,130.0,97.0,1714.0,250.0,250.0,350.0,600.0,8,2010-01-08,2,3,0,2010,1,8
712,5,0,1,220.0,336.0,589.0,253.0,116.0,83.0,1686.0,210.0,210.0,300.0,510.0,8,2010-01-09,2,3,0,2010,1,9
712,5,0,1,224.0,341.0,598.0,257.0,117.0,84.0,1662.0,210.0,200.0,280.0,480.0,8,2010-01-10,2,3,0,2010,1,10
712,5,0,1,196.0,304.0,532.0,228.0,108.0,75.0,1691.0,180.0,210.0,280.0,490.0,8,2010-01-11,2,3,0,2010,1,11
712,5,0,1,151.0,222.0,376.0,154.0,71.0,49.0,817.0,150.0,130.0,200.0,330.0,9,2010-01-08,2,10,0,2010,1,8
712,5,0,1,107.0,165.0,278.0,113.0,58.0,36.0,803.0,100.0,100.0,150.0,250.0,9,2010-01-11,2,10,0,2010,1,11
712,5,0,1,141.0,150.0,271.0,104.0,55.0,33.0,596.0,110.0,80.0,140.0,220.0,9,2011-01-02,2,10,0,2011,1,2
712,5,0,1,188.0,204.0,342.0,141.0,63.0,45.0,764.0,140.0,120.0,180.0,300.0,9,2011-01-06,2,10,0,2011,1,6
712,5,0,1,141.0,228.0,456.0,228.0,87.0,63.0,1459.0,140.0,190.0,210.0,400.0,11,2010-01-01,3,5,1,2010,1,1
712,5,0,1,165.0,261.0,521.0,260.0,96.0,72.0,1559.0,150.0,220.0,230.0,450.0,11,2010-01-05,3,5,1,2010,1,5
712,5,0,1,129.0,212.0,423.0,211.0,83.0,59.0,1778.0,110.0,170.0,180.0,350.0,11,2010-01-11,3,5,1,2010,1,11
712,5,0,1,220.0,239.0,509.0,239.0,91.0,66.0,1417.0,140.0,200.0,220.0,420.0,11,2011-01-03,3,5,1,2011,1,3
712,5,0,1,220.0,239.0,509.0,239.0,91.0,66.0,1464.0,140.0,200.0,220.0,420.0,11,2011-01-04,3,5,1,2011,1,4
712,5,0,1,223.0,370.0,672.0,302.0,147.0,114.0,1783.0,210.0,250.0,340.0,590.0,12,2010-01-09,3,8,1,2010,1,9
713,16,2,0,134.0,179.0,302.0,123.0,45.0,34.0,928.0,120.0,100.0,150.0,250.0,5,2010-01-09,1,2,1,2010,1,9
713,16,2,0,199.0,179.0,322.0,123.0,45.0,34.0,928.0,120.0,100.0,150.0,250.0,5,2011-01-09,1,2,1,2011,1,9
713,16,2,0,26.0,71.0,123.0,52.0,45.0,17.0,405.0,70.0,30.0,80.0,110.0,8,2010-01-10,2,3,0,2010,1,10
713,16,2,0,32.0,79.0,138.0,59.0,47.0,19.0,411.0,40.0,50.0,70.0,120.0,8,2010-01-11,2,3,0,2010,1,11
714,0,3,0,-74.0,-13.0,109.0,122.0,61.0,39.0,2378.0,-70.0,150.0,-20.0,130.0,1,2010-01-09,0,0,1,2010,1,9
714,0,3,0,-110.0,-13.0,116.0,122.0,61.0,39.0,2378.0,-70.0,150.0,-20.0,130.0,1,2011-01-09,0,0,1,2011,1,9
714,0,3,0,-142.0,-32.0,163.0,195.0,110.0,64.0,1952.0,-140.0,240.0,-40.0,200.0,3,2010-01-05,0,7,0,2010,1,5
714,0,3,0,-149.0,-32.0,192.0,224.0,117.0,73.0,4216.0,-150.0,260.0,-40.0,220.0,3,2010-01-12,0,7,0,2010,1,12
714,0,3,0,43.0,96.0,160.0,64.0,53.0,21.0,593.0,30.0,40.0,60.0,100.0,13,2010-01-05,3,9,1,2010,1,5
714,0,3,0,32.0,81.0,135.0,54.0,49.0,17.0,641.0,30.0,30.0,60.0,90.0,13,2010-01-06,3,9,1,2010,1,6
714,0,3,0,36.0,201.0,345.0,144.0,165.0,131.0,874.0,50.0,130.0,200.0,330.0,5,2010-01-06,1,2,1,2010,1,6
714,0,3,0,225.0,341.0,598.0,257.0,116.0,84.0,1662.0,240.0,230.0,320.0,550.0,6,2010-01-10,1,6,0,2010,1,10
714,0,3,0,164.0,252.0,465.0,213.0,88.0,66.0,942.0,160.0,180.0,220.0,400.0,9,2010-01-02,2,10,0,2010,1,2
714,0,3,0,283.0,307.0,562.0,260.0,95.0,80.0,1319.0,200.0,220.0,270.0,490.0,9,2011-01-07,2,10,0,2011,1,7
714,0,3,0,84.0,118.0,199.0,81.0,34.0,22.0,588.0,70.0,50.0,80.0,130.0,12,2010-01-09,3,8,1,2010,1,9
714,0,3,0,221.0,239.0,509.0,239.0,90.0,66.0,1755.0,160.0,210.0,220.0,430.0,4,2011-01-10,1,1,1,2011,1,10
715,19,0,1,19.0,74.0,133.0,59.0,55.0,22.0,377.0,20.0,60.0,70.0,130.0,1,2010-01-06,0,0,1,2010,1,6
715,19,0,1,21.0,77.0,140.0,63.0,56.0,23.0,397.0,30.0,60.0,80.0,140.0,1,2010-01-08,0,0,1,2010,1,8
715,19,0,1,15.0,70.0,126.0,56.0,55.0,21.0,385.0,50.0,40.0,80.0,120.0,1,2010-01-10,0,0,1,2010,1,10
715,19,0,1,22.0,80.0,145.0,65.0,58.0,24.0,403.0,30.0,60.0,80.0,140.0,1,2010-01-12,0,0,1,2010,1,12
715,19,0,1,18.0,65.0,126.0,53.0,53.0,20.0,306.0,30.0,50.0,70.0,120.0,1,2011-01-02,0,0,1,2011,1,2
715,19,0,1,24.0,70.0,135.0,57.0,54.0,21.0,313.0,20.0,60.0,70.0,130.0,1,2011-01-04,0,0,1,2011,1,4
715,19,0,1,26.0,74.0,132.0,59.0,51.0,22.0,377.0,20.0,60.0,70.0,130.0,1,2011-01-06,0,0,1,2011,1,6
715,19,0,1,17.0,132.0,227.0,95.0,115.0,86.0,554.0,30.0,100.0,130.0,230.0,2,2010-01-04,0,4,1,2010,1,4
715,19,0,1,18.0,134.0,230.0,96.0,116.0,87.0,683.0,60.0,90.0,140.0,230.0,2,2010-01-10,0,4,1,2010,1,10
715,19,0,1,20.0,145.0,250.0,105.0,125.0,95.0,716.0,30.0,100.0,140.0,240.0,2,2010-01-12,0,4,1,2010,1,12
715,19,0,1,14.0,111.0,213.0,79.0,107.0,72.0,551.0,20.0,80.0,110.0,190.0,2,2011-01-01,0,4,1,2011,1,1
715,19,0,1,22.0,128.0,234.0,92.0,113.0,83.0,541.0,40.0,90.0,140.0,230.0,2,2011-01-02,0,4,1,2011,1,2
715,19,0,1,25.0,132.0,242.0,95.0,115.0,86.0,532.0,30.0,100.0,130.0,230.0,2,2011-01-03,0,4,1,2011,1,3
715,19,0,1,24.0,130.0,238.0,93.0,114.0,84.0,692.0,40.0,90.0,140.0,230.0,2,2011-01-09,0,4,1,2011,1,9
715,19,0,1,62.0,117.0,204.0,87.0,55.0,28.0,472.0,80.0,90.0,120.0,210.0,3,2010-01-05,0,7,0,2010,1,5
715,19,0,1,61.0,116.0,202.0,86.0,55.0,28.0,547.0,100.0,80.0,120.0,200.0,3,2010-01-10,0,7,0,2010,1,10
715,19,0,1,57.0,112.0,195.0,83.0,55.0,27.0,575.0,70.0,80.0,110.0,190.0,3,2010-01-12,0,7,0,2010,1,12
715,19,0,1,82.0,108.0,200.0,80.0,53.0,26.0,415.0,70.0,80.0,110.0,190.0,3,2011-01-03,0,7,0,2011,1,3
715,19,0,1,86.0,117.0,202.0,87.0,51.0,28.0,472.0,80.0,90.0,120.0,210.0,3,2011-01-05,0,7,0,2011,1,5
715,19,0,1,101.0,132.0,229.0,99.0,55.0,32.0,565.0,90.0,100.0,140.0,240.0,3,2011-01-08,0,7,0,2011,1,8
715,19,0,1,41.0,84.0,155.0,71.0,43.0,22.0,950.0,60.0,80.0,100.0,180.0,5,2010-01-03,1,2,1,2010,1,3
715,19,0,1,39.0,82.0,151.0,69.0,43.0,21.0,965.0,50.0,80.0,90.0,170.0,5,2010-01-04,1,2,1,2010,1,4
715,19,0,1,50.0,96.0,176.0,80.0,46.0,24.0,1079.0,80.0,100.0,120.0,220.0,5,2010-01-12,1,2,1,2010,1,12
715,19,0,1,69.0,96.0,175.0,81.0,43.0,25.0,1046.0,70.0,90.0,110.0,200.0,5,2011-01-06,1,2,1,2011,1,6
715,19,0,1,77.0,103.0,187.0,86.0,44.0,26.0,1081.0,90.0,90.0,130.0,220.0,5,2011-01-07,1,2,1,2011,1,7
715,19,0,1,97.0,123.0,224.0,103.0,49.0,31.0,1073.0,100.0,110.0,150.0,260.0,5,2011-01-08,1,2,1,2011,1,8
715,19,0,1,67.0,89.0,175.0,75.0,44.0,23.0,1063.0,70.0,90.0,110.0,200.0,5,2011-01-11,1,2,1,2011,1,11
715,19,0,1,35.0,62.0,110.0,48.0,27.0,15.0,617.0,50.0,50.0,70.0,120.0,6,2010-01-02,1,6,0,2010,1,2
715,19,0,1,34.0,63.0,112.0,49.0,29.0,16.0,611.0,60.0,50.0,80.0,130.0,6,2010-01-03,1,6,0,2010,1,3
715,19,0,1,32.0,58.0,103.0,45.0,26.0,14.0,605.0,50.0,50.0,70.0,120.0,6,2010-01-04,1,6,0,2010,1,4
715,19,0,1,10.0,29.0,51.0,22.0,19.0,7.0,573.0,50.0,20.0,50.0,70.0,6,2010-01-10,1,6,0,2010,1,10
715,19,0,1,11.0,30.0,52.0,22.0,19.0,7.0,570.0,30.0,20.0,40.0,60.0,6,2010-01-11,1,6,0,2010,1,11
715,19,0,1,53.0,62.0,123.0,48.0,29.0,15.0,623.0,50.0,50.0,70.0,120.0,6,2011-01-01,1,6,0,2011,1,1
715,19,0,1,52.0,62.0,117.0,48.0,27.0,15.0,617.0,50.0,50.0,70.0,120.0,6,2011-01-02,1,6,0,2011,1,2
715,19,0,1,48.0,62.0,109.0,48.0,25.0,15.0,599.0,50.0,50.0,70.0,120.0,6,2011-01-05,1,6,0,2011,1,5
715,19,0,1,50.0,65.0,114.0,50.0,27.0,16.0,587.0,60.0,50.0,80.0,130.0,6,2011-01-07,1,6,0,2011,1,7
715,19,0,1,31.0,43.0,81.0,33.0,22.0,10.0,577.0,30.0,30.0,50.0,80.0,6,2011-01-09,1,6,0,2011,1,9
715,19,0,1,70.0,113.0,180.0,67.0,43.0,20.0,400.0,80.0,50.0,100.0,150.0,8,2010-01-01,2,3,0,2010,1,1
715,19,0,1,66.0,109.0,174.0,65.0,43.0,20.0,372.0,80.0,50.0,100.0,150.0,8,2010-01-02,2,3,0,2010,1,2
715,19,0,1,45.0,82.0,130.0,48.0,37.0,14.0,351.0,50.0,40.0,70.0,110.0,8,2010-01-05,2,3,0,2010,1,5
715,19,0,1,40.0,78.0,125.0,47.0,38.0,14.0,371.0,50.0,40.0,70.0,110.0,8,2010-01-06,2,3,0,2010,1,6
715,19,0,1,41.0,79.0,126.0,47.0,38.0,14.0,366.0,50.0,40.0,70.0,110.0,8,2010-01-08,2,3,0,2010,1,8
715,19,0,1,109.0,113.0,201.0,67.0,45.0,20.0,400.0,80.0,50.0,100.0,150.0,8,2011-01-01,2,3,0,2011,1,1
715,19,0,1,98.0,109.0,185.0,65.0,43.0,20.0,372.0,80.0,50.0,100.0,150.0,8,2011-01-02,2,3,0,2011,1,2
715,19,0,1,85.0,99.0,169.0,60.0,42.0,18.0,329.0,80.0,40.0,80.0,120.0,8,2011-01-10,2,3,0,2011,1,10
715,19,0,1,28.0,48.0,81.0,33.0,20.0,9.0,777.0,50.0,20.0,50.0,70.0,9,2010-01-01,2,10,0,2010,1,1
715,19,0,1,47.0,72.0,121.0,49.0,25.0,13.0,767.0,50.0,40.0,60.0,100.0,9,2010-01-03,2,10,0,2010,1,3
715,19,0,1,30.0,51.0,85.0,34.0,21.0,9.0,863.0,30.0,30.0,40.0,70.0,9,2010-01-12,2,10,0,2010,1,12
715,19,0,1,70.0,72.0,129.0,49.0,25.0,13.0,767.0,50.0,40.0,60.0,100.0,9,2011-01-03,2,10,0,2011,1,3
715,19,0,1,80.0,85.0,143.0,59.0,25.0,16.0,842.0,60.0,50.0,70.0,120.0,9,2011-01-06,2,10,0,2011,1,6
715,19,0,1,40.0,47.0,83.0,31.0,20.0,8.0,856.0,40.0,20.0,50.0,70.0,9,2011-01-11,2,10,0,2011,1,11
715,19,0,1,45.0,51.0,91.0,34.0,21.0,9.0,863.0,30.0,30.0,40.0,70.0,9,2011-01-12,2,10,0,2011,1,12
715,19,0,1,61.0,81.0,146.0,56.0,40.0,17.0,382.0,50.0,40.0,80.0,120.0,11,2011-01-02,3,5,1,2011,1,2
715,19,0,1,37.0,65.0,109.0,45.0,35.0,14.0,410.0,30.0,30.0,60.0,90.0,11,2011-01-05,3,5,1,2011,1,5
715,19,0,1,28.0,54.0,89.0,36.0,32.0,11.0,458.0,10.0,30.0,40.0,70.0,11,2011-01-08,3,5,1,2011,1,8
715,19,0,1,49.0,71.0,128.0,49.0,38.0,15.0,454.0,20.0,40.0,50.0,90.0,11,2011-01-11,3,5,1,2011,1,11
715,19,0,1,-2.0,75.0,128.0,53.0,77.0,48.0,597.0,10.0,40.0,70.0,110.0,12,2010-01-06,3,8,1,2010,1,6
715,19,0,1,-7.0,61.0,105.0,44.0,68.0,39.0,617.0,10.0,30.0,60.0,90.0,12,2010-01-08,3,8,1,2010,1,8
715,19,0,1,2.0,87.0,149.0,62.0,85.0,56.0,612.0,10.0,50.0,80.0,130.0,12,2010-01-09,3,8,1,2010,1,9
715,19,0,1,0.0,84.0,144.0,60.0,84.0,54.0,606.0,0.0,40.0,50.0,90.0,12,2010-01-10,3,8,1,2010,1,10
715,19,0,1,2.0,86.0,147.0,61.0,84.0,55.0,613.0,0.0,50.0,70.0,120.0,12,2010-01-11,3,8,1,2010,1,11
715,19,0,1,-8.0,66.0,112.0,47.0,67.0,42.0,622.0,0.0,40.0,50.0,90.0,12,2011-01-07,3,8,1,2011,1,7
715,19,0,1,-10.0,61.0,104.0,44.0,63.0,39.0,617.0,10.0,30.0,60.0,90.0,12,2011-01-08,3,8,1,2011,1,8
715,19,0,1,3.0,87.0,159.0,62.0,85.0,56.0,612.0,10.0,50.0,80.0,130.0,12,2011-01-09,3,8,1,2011,1,9
715,19,0,1,3.0,86.0,157.0,61.0,84.0,55.0,613.0,0.0,50.0,70.0,120.0,12,2011-01-11,3,8,1,2011,1,11
716,12,1,0,262.0,407.0,678.0,271.0,145.0,94.0,2101.0,260.0,260.0,380.0,640.0,2,2010-01-01,0,4,1,2010,1,1
716,12,1,0,511.0,548.0,904.0,364.0,166.0,127.0,2654.0,370.0,340.0,520.0,860.0,2,2011-01-07,0,4,1,2011,1,7
716,12,1,0,367.0,390.0,693.0,260.0,143.0,91.0,2548.0,230.0,210.0,330.0,540.0,2,2011-01-10,0,4,1,2011,1,10
716,12,1,0,367.0,378.0,680.0,260.0,131.0,98.0,1558.0,200.0,190.0,300.0,490.0,9,2011-01-04,2,10,0,2011,1,4
716,12,1,0,-143.0,-46.0,198.0,244.0,97.0,75.0,2636.0,-100.0,180.0,-30.0,150.0,10,2010-01-06,2,11,0,2010,1,6
716,12,1,0,-164.0,-62.0,198.0,260.0,102.0,80.0,3076.0,-110.0,190.0,-40.0,150.0,10,2010-01-07,2,11,0,2010,1,7
716,12,1,0,-189.0,-93.0,148.0,241.0,96.0,74.0,5121.0,-150.0,180.0,-80.0,100.0,10,2010-01-12,2,11,0,2010,1,12
716,12,1,0,-280.0,-93.0,158.0,241.0,96.0,74.0,5121.0,-150.0,180.0,-80.0,100.0,10,2011-01-12,2,11,0,2011,1,12
716,12,1,0,102.0,139.0,234.0,95.0,37.0,26.0,799.0,120.0,100.0,150.0,250.0,11,2010-01-03,3,5,1,2010,1,3
716,12,1,0,89.0,124.0,210.0,86.0,35.0,24.0,1003.0,90.0,90.0,120.0,210.0,11,2010-01-12,3,5,1,2010,1,12
716,12,1,0,111.0,152.0,256.0,104.0,41.0,29.0,821.0,120.0,110.0,160.0,270.0,12,2010-01-05,3,8,1,2010,1,5
716,12,1,0,134.0,179.0,302.0,123.0,45.0,34.0,915.0,160.0,130.0,190.0,320.0,12,2010-01-10,3,8,1,2010,1,10
716,12,1,0,146.0,130.0,245.0,89.0,38.0,24.0,777.0,110.0,90.0,140.0,230.0,12,2011-01-01,3,8,1,2011,1,1
716,12,1,0,184.0,178.0,298.0,123.0,42.0,34.0,941.0,150.0,130.0,190.0,320.0,12,2011-01-08,3,8,1,2011,1,8
716,12,1,0,224.0,318.0,567.0,249.0,94.0,69.0,1286.0,240.0,230.0,320.0,550.0,7,2010-01-09,1,12,1,2010,1,9
718,12,1,0,259.0,405.0,675.0,270.0,146.0,94.0,2041.0,270.0,250.0,390.0,640.0,2,2010-01-03,0,4,1,2010,1,3
718,12,1,0,364.0,387.0,687.0,258.0,142.0,90.0,2067.0,250.0,240.0,370.0,610.0,2,2011-01-02,0,4,1,2011,1,2
718,12,1,0,384.0,405.0,719.0,270.0,146.0,94.0,2041.0,270.0,250.0,390.0,640.0,2,2011-01-03,0,4,1,2011,1,3
718,12,1,0,99.0,136.0,230.0,94.0,37.0,26.0,562.0,120.0,90.0,150.0,240.0,13,2010-01-06,3,9,1,2010,1,6
718,12,1,0,47.0,73.0,123.0,50.0,26.0,14.0,589.0,50.0,50.0,70.0,120.0,13,2010-01-11,3,9,1,2010,1,11
718,12,1,0,125.0,118.0,212.0,81.0,34.0,22.0,588.0,100.0,80.0,130.0,210.0,13,2011-01-09,3,9,1,2011,1,9
718,12,1,0,209.0,268.0,547.0,245.0,127.0,93.0,1471.0,130.0,180.0,220.0,400.0,9,2011-01-03,2,10,0,2011,1,3
718,12,1,0,-105.0,-20.0,189.0,209.0,85.0,64.0,1811.0,-70.0,150.0,-10.0,140.0,10,2010-01-04,2,11,0,2010,1,4
718,12,1,0,-304.0,-187.0,124.0,311.0,117.0,96.0,3422.0,-230.0,230.0,-140.0,90.0,10,2010-01-08,2,11,0,2010,1,8
718,12,1,0,-156.0,-20.0,201.0,209.0,85.0,64.0,1811.0,-70.0,150.0,-10.0,140.0,10,2011-01-04,2,11,0,2011,1,4
718,12,1,0,-420.0,-187.0,123.0,311.0,109.0,96.0,3422.0,-230.0,230.0,-140.0,90.0,10,2011-01-08,2,11,0,2011,1,8
718,12,1,0,132.0,124.0,224.0,86.0,35.0,24.0,1003.0,90.0,90.0,120.0,210.0,11,2011-01-12,3,5,1,2011,1,12
718,12,1,0,133.0,179.0,302.0,123.0,46.0,34.0,959.0,150.0,120.0,190.0,310.0,12,2010-01-12,3,8,1,2010,1,12
718,12,1,0,199.0,179.0,322.0,123.0,45.0,34.0,915.0,160.0,130.0,190.0,320.0,12,2011-01-10,3,8,1,2011,1,10
718,12,1,0,194.0,284.0,523.0,239.0,90.0,66.0,1260.0,210.0,220.0,290.0,510.0,7,2010-01-03,1,12,1,2010,1,3
718,12,1,0,435.0,526.0,765.0,239.0,91.0,66.0,1197.0,450.0,210.0,510.0,720.0,7,2010-01-10,1,12,1,2010,1,10
718,12,1,0,312.0,407.0,657.0,250.0,95.0,70.0,723.0,320.0,240.0,400.0,640.0,7,2010-01-12,1,12,1,2010,1,12
718,12,1,0,439.0,415.0,669.0,260.0,90.0,72.0,1405.0,340.0,240.0,420.0,660.0,7,2011-01-06,1,12,1,2011,1,6
719,1,0,0,94.0,130.0,219.0,89.0,36.0,24.0,777.0,100.0,90.0,130.0,220.0,1,2010-01-01,0,0,1,2010,1,1
719,1,0,0,121.0,163.0,276.0,113.0,42.0,31.0,897.0,130.0,110.0,170.0,280.0,1,2010-01-06,0,0,1,2010,1,6
719,1,0,0,134.0,179.0,302.0,123.0,45.0,34.0,959.0,130.0,120.0,170.0,290.0,1,2010-01-12,0,0,1,2010,1,12
719,1,0,0,146.0,130.0,245.0,89.0,38.0,24.0,777.0,100.0,90.0,130.0,220.0,1,2011-01-01,0,0,1,2011,1,1
719,1,0,0,167.0,163.0,274.0,113.0,39.0,31.0,897.0,130.0,110.0,170.0,280.0,1,2011-01-06,0,0,1,2011,1,6
719,1,0,0,197.0,179.0,322.0,123.0,46.0,34.0,915.0,160.0,120.0,180.0,300.0,1,2011-01-10,0,0,1,2011,1,10
719,1,0,0,190.0,172.0,309.0,118.0,44.0,33.0,930.0,130.0,110.0,170.0,280.0,1,2011-01-11,0,0,1,2011,1,11
719,1,0,0,39.0,68.0,120.0,52.0,29.0,17.0,554.0,50.0,50.0,70.0,120.0,2,2010-01-08,0,4,1,2010,1,8
719,1,0,0,27.0,51.0,90.0,39.0,24.0,12.0,541.0,50.0,30.0,50.0,80.0,2,2010-01-10,0,4,1,2010,1,10
719,1,0,0,40.0,52.0,98.0,40.0,25.0,13.0,536.0,40.0,30.0,60.0,90.0,2,2011-01-11,0,4,1,2011,1,11
719,1,0,0,99.0,137.0,232.0,95.0,38.0,26.0,809.0,110.0,100.0,140.0,240.0,3,2010-01-02,0,7,0,2010,1,2
719,1,0,0,132.0,178.0,301.0,123.0,46.0,34.0,947.0,140.0,130.0,180.0,310.0,3,2010-01-06,0,7,0,2010,1,6
719,1,0,0,144.0,191.0,323.0,132.0,47.0,36.0,994.0,160.0,130.0,200.0,330.0,3,2010-01-08,0,7,0,2010,1,8
719,1,0,0,116.0,157.0,265.0,108.0,41.0,30.0,971.0,150.0,100.0,160.0,260.0,3,2010-01-10,0,7,0,2010,1,10
719,1,0,0,157.0,139.0,262.0,95.0,40.0,26.0,821.0,110.0,100.0,140.0,240.0,3,2011-01-01,0,7,0,2011,1,1
719,1,0,0,172.0,157.0,282.0,108.0,41.0,30.0,971.0,150.0,100.0,160.0,260.0,3,2011-01-10,0,7,0,2011,1,10
719,1,0,0,30.0,56.0,99.0,43.0,26.0,14.0,602.0,30.0,30.0,50.0,80.0,13,2010-01-05,3,9,1,2010,1,5
719,1,0,0,53.0,87.0,155.0,68.0,34.0,22.0,587.0,50.0,50.0,80.0,130.0,13,2010-01-08,3,9,1,2010,1,8
719,1,0,0,70.0,112.0,200.0,88.0,42.0,29.0,561.0,60.0,70.0,90.0,160.0,13,2010-01-11,3,9,1,2010,1,11
719,1,0,0,66.0,104.0,185.0,81.0,38.0,26.0,551.0,60.0,60.0,90.0,150.0,13,2010-01-12,3,9,1,2010,1,12
719,1,0,0,43.0,55.0,104.0,43.0,26.0,14.0,613.0,30.0,30.0,50.0,80.0,13,2011-01-03,3,9,1,2011,1,3
719,1,0,0,70.0,79.0,149.0,61.0,32.0,20.0,579.0,50.0,50.0,70.0,120.0,13,2011-01-09,3,9,1,2011,1,9
719,1,0,0,98.0,104.0,197.0,81.0,38.0,26.0,551.0,60.0,60.0,90.0,150.0,13,2011-01-12,3,9,1,2011,1,12
719,1,0,0,84.0,117.0,198.0,81.0,33.0,22.0,441.0,110.0,90.0,140.0,230.0,5,2010-01-03,1,2,1,2010,1,3
719,1,0,0,99.0,136.0,230.0,94.0,37.0,26.0,562.0,140.0,100.0,170.0,270.0,5,2010-01-06,1,2,1,2010,1,6
719,1,0,0,125.0,117.0,211.0,81.0,33.0,22.0,460.0,110.0,90.0,140.0,230.0,5,2011-01-04,1,2,1,2011,1,4
719,1,0,0,145.0,145.0,243.0,100.0,37.0,28.0,598.0,130.0,110.0,170.0,280.0,5,2011-01-08,1,2,1,2011,1,8
719,1,0,0,125.0,118.0,212.0,81.0,34.0,22.0,588.0,110.0,90.0,140.0,230.0,5,2011-01-09,1,2,1,2011,1,9
719,1,0,0,48.0,102.0,170.0,68.0,54.0,22.0,559.0,80.0,70.0,130.0,200.0,6,2010-01-04,1,6,0,2010,1,4
719,1,0,0,30.0,79.0,131.0,52.0,49.0,17.0,662.0,50.0,60.0,90.0,150.0,6,2010-01-08,1,6,0,2010,1,8
719,1,0,0,83.0,108.0,201.0,72.0,58.0,23.0,558.0,80.0,80.0,130.0,210.0,6,2011-01-01,1,6,0,2011,1,1
719,1,0,0,61.0,96.0,159.0,64.0,48.0,21.0,593.0,60.0,70.0,110.0,180.0,6,2011-01-05,1,6,0,2011,1,5
719,1,0,0,94.0,163.0,325.0,162.0,69.0,45.0,1059.0,100.0,130.0,150.0,280.0,8,2010-01-03,2,3,0,2010,1,3
719,1,0,0,92.0,161.0,322.0,161.0,69.0,45.0,1267.0,110.0,120.0,140.0,260.0,8,2010-01-10,2,3,0,2010,1,10
719,1,0,0,115.0,149.0,295.0,149.0,61.0,41.0,1156.0,90.0,120.0,140.0,260.0,8,2011-01-05,2,3,0,2011,1,5
719,1,0,0,112.0,146.0,288.0,145.0,60.0,40.0,1304.0,80.0,120.0,130.0,250.0,8,2011-01-07,2,3,0,2011,1,7
719,1,0,0,113.0,146.0,288.0,145.0,60.0,40.0,1292.0,80.0,120.0,130.0,250.0,8,2011-01-08,2,3,0,2011,1,8
719,1,0,0,0.0,87.0,150.0,63.0,87.0,57.0,435.0,20.0,50.0,80.0,130.0,9,2010-01-01,2,10,0,2010,1,1
719,1,0,0,-4.0,73.0,125.0,52.0,77.0,47.0,433.0,20.0,40.0,70.0,110.0,9,2010-01-04,2,10,0,2010,1,4
719,1,0,0,-14.0,52.0,88.0,37.0,58.0,33.0,513.0,0.0,30.0,40.0,70.0,9,2011-01-08,2,10,0,2011,1,8
719,1,0,0,-9.0,65.0,119.0,47.0,71.0,42.0,521.0,0.0,40.0,60.0,100.0,9,2011-01-12,2,10,0,2011,1,12
719,1,0,0,29.0,74.0,129.0,55.0,45.0,18.0,336.0,40.0,40.0,70.0,110.0,10,2010-01-04,2,11,0,2010,1,4
719,1,0,0,26.0,71.0,123.0,52.0,45.0,17.0,361.0,30.0,40.0,60.0,100.0,10,2010-01-05,2,11,0,2010,1,5
719,1,0,0,24.0,68.0,118.0,50.0,44.0,16.0,397.0,30.0,40.0,60.0,100.0,10,2010-01-06,2,11,0,2010,1,6
719,1,0,0,49.0,80.0,149.0,60.0,47.0,19.0,329.0,40.0,50.0,70.0,120.0,10,2011-01-02,2,11,0,2011,1,2
719,1,0,0,36.0,71.0,122.0,52.0,42.0,17.0,361.0,30.0,40.0,60.0,100.0,10,2011-01-05,2,11,0,2011,1,5
719,1,0,0,17.0,72.0,130.0,58.0,55.0,22.0,338.0,20.0,40.0,70.0,110.0,11,2010-01-01,3,5,1,2010,1,1
719,1,0,0,18.0,73.0,132.0,59.0,55.0,22.0,331.0,10.0,50.0,60.0,110.0,11,2010-01-02,3,5,1,2010,1,2
719,1,0,0,11.0,64.0,115.0,51.0,53.0,19.0,396.0,20.0,40.0,60.0,100.0,11,2010-01-06,3,5,1,2010,1,6
719,1,0,0,15.0,69.0,124.0,55.0,54.0,20.0,410.0,20.0,40.0,60.0,100.0,11,2010-01-11,3,5,1,2010,1,11
719,1,0,0,26.0,72.0,145.0,58.0,58.0,22.0,338.0,20.0,40.0,70.0,110.0,11,2011-01-01,3,5,1,2011,1,1
719,1,0,0,17.0,64.0,114.0,51.0,48.0,19.0,419.0,20.0,40.0,60.0,100.0,11,2011-01-07,3,5,1,2011,1,7
719,1,0,0,10.0,57.0,109.0,45.0,50.0,17.0,409.0,10.0,30.0,50.0,80.0,11,2011-01-09,3,5,1,2011,1,9
719,1,0,0,22.0,69.0,132.0,55.0,54.0,20.0,410.0,20.0,40.0,60.0,100.0,11,2011-01-11,3,5,1,2011,1,11
719,1,0,0,34.0,75.0,138.0,63.0,41.0,19.0,965.0,40.0,50.0,70.0,120.0,12,2010-01-04,3,8,1,2010,1,4
719,1,0,0,29.0,68.0,125.0,57.0,39.0,17.0,1042.0,30.0,40.0,60.0,100.0,12,2010-01-11,3,8,1,2010,1,11
719,1,0,0,56.0,76.0,157.0,64.0,42.0,19.0,965.0,40.0,50.0,70.0,120.0,12,2011-01-01,3,8,1,2011,1,1
719,1,0,0,37.0,64.0,116.0,53.0,34.0,16.0,1028.0,30.0,40.0,60.0,100.0,12,2011-01-06,3,8,1,2011,1,6
719,1,0,0,37.0,62.0,120.0,51.0,37.0,15.0,1042.0,20.0,40.0,50.0,90.0,12,2011-01-09,3,8,1,2011,1,9
719,1,0,0,43.0,68.0,133.0,57.0,39.0,17.0,1042.0,30.0,40.0,60.0,100.0,12,2011-01-11,3,8,1,2011,1,11
720,1,0,0,90.0,126.0,213.0,87.0,36.0,24.0,756.0,100.0,90.0,130.0,220.0,1,2010-01-03,0,0,1,2010,1,3
720,1,0,0,96.0,132.0,223.0,91.0,36.0,25.0,777.0,110.0,90.0,140.0,230.0,1,2010-01-04,0,0,1,2010,1,4
720,1,0,0,111.0,152.0,256.0,104.0,41.0,29.0,821.0,120.0,110.0,150.0,260.0,1,2010-01-05,0,0,1,2010,1,5
720,1,0,0,111.0,152.0,256.0,104.0,41.0,29.0,952.0,120.0,110.0,150.0,260.0,1,2010-01-07,0,0,1,2010,1,7
720,1,0,0,133.0,178.0,301.0,123.0,45.0,34.0,941.0,140.0,130.0,180.0,310.0,1,2010-01-08,0,0,1,2010,1,8
720,1,0,0,156.0,144.0,259.0,99.0,39.0,27.0,766.0,120.0,100.0,150.0,250.0,1,2011-01-02,0,0,1,2011,1,2
720,1,0,0,153.0,152.0,254.0,104.0,38.0,29.0,821.0,120.0,110.0,150.0,260.0,1,2011-01-05,0,0,1,2011,1,5
720,1,0,0,153.0,152.0,254.0,104.0,38.0,29.0,952.0,120.0,110.0,150.0,260.0,1,2011-01-07,0,0,1,2011,1,7
720,1,0,0,184.0,178.0,298.0,123.0,42.0,34.0,941.0,140.0,130.0,180.0,310.0,1,2011-01-08,0,0,1,2011,1,8
720,1,0,0,68.0,107.0,190.0,83.0,39.0,27.0,613.0,80.0,80.0,110.0,190.0,2,2010-01-02,0,4,1,2010,1,2
720,1,0,0,106.0,107.0,213.0,83.0,41.0,27.0,623.0,80.0,80.0,110.0,190.0,2,2011-01-01,0,4,1,2011,1,1
720,1,0,0,94.0,107.0,188.0,83.0,36.0,27.0,584.0,80.0,80.0,110.0,190.0,2,2011-01-05,0,4,1,2011,1,5
720,1,0,0,101.0,139.0,234.0,95.0,38.0,26.0,799.0,110.0,100.0,140.0,240.0,3,2010-01-03,0,7,0,2010,1,3
720,1,0,0,112.0,152.0,256.0,104.0,40.0,29.0,871.0,120.0,110.0,150.0,260.0,3,2010-01-05,0,7,0,2010,1,5
720,1,0,0,88.0,124.0,210.0,86.0,36.0,24.0,1003.0,90.0,80.0,120.0,200.0,3,2010-01-12,0,7,0,2010,1,12
720,1,0,0,182.0,178.0,298.0,123.0,43.0,34.0,947.0,140.0,130.0,180.0,310.0,3,2011-01-06,0,7,0,2011,1,6
720,1,0,0,199.0,191.0,320.0,132.0,44.0,36.0,994.0,160.0,130.0,200.0,330.0,3,2011-01-08,0,7,0,2011,1,8
720,1,0,0,157.0,145.0,261.0,100.0,39.0,28.0,981.0,120.0,100.0,150.0,250.0,3,2011-01-09,0,7,0,2011,1,9
720,1,0,0,125.0,117.0,211.0,81.0,33.0,22.0,984.0,80.0,80.0,110.0,190.0,3,2011-01-11,0,7,0,2011,1,11
720,1,0,0,131.0,124.0,224.0,86.0,36.0,24.0,1003.0,90.0,80.0,120.0,200.0,3,2011-01-12,0,7,0,2011,1,12
720,1,0,0,29.0,55.0,98.0,43.0,26.0,14.0,613.0,30.0,30.0,50.0,80.0,13,2010-01-03,3,9,1,2010,1,3
720,1,0,0,29.0,56.0,99.0,43.0,27.0,14.0,597.0,30.0,30.0,50.0,80.0,13,2010-01-06,3,9,1,2010,1,6
720,1,0,0,74.0,115.0,205.0,90.0,41.0,29.0,572.0,80.0,50.0,90.0,140.0,13,2010-01-10,3,9,1,2010,1,10
720,1,0,0,73.0,87.0,154.0,68.0,32.0,22.0,587.0,50.0,50.0,80.0,130.0,13,2011-01-08,3,9,1,2011,1,8
720,1,0,0,84.0,117.0,198.0,81.0,33.0,22.0,460.0,110.0,90.0,140.0,230.0,5,2010-01-04,1,2,1,2010,1,4
720,1,0,0,105.0,145.0,245.0,100.0,40.0,28.0,598.0,130.0,110.0,170.0,280.0,5,2010-01-08,1,2,1,2010,1,8
720,1,0,0,84.0,80.0,150.0,54.0,27.0,15.0,456.0,70.0,60.0,90.0,150.0,5,2011-01-01,1,2,1,2011,1,1
720,1,0,0,125.0,117.0,211.0,81.0,33.0,22.0,441.0,110.0,90.0,140.0,230.0,5,2011-01-03,1,2,1,2011,1,3
720,1,0,0,135.0,136.0,228.0,94.0,35.0,26.0,608.0,140.0,100.0,170.0,270.0,5,2011-01-07,1,2,1,2011,1,7
720,1,0,0,53.0,108.0,180.0,72.0,55.0,23.0,558.0,80.0,80.0,130.0,210.0,6,2010-01-01,1,6,0,2010,1,1
720,1,0,0,41.0,79.0,130.0,52.0,46.0,17.0,662.0,50.0,60.0,90.0,150.0,6,2011-01-08,1,6,0,2011,1,8
720,1,0,0,70.0,101.0,179.0,67.0,54.0,22.0,677.0,80.0,80.0,130.0,210.0,6,2011-01-12,1,6,0,2011,1,12
720,1,0,0,83.0,149.0,298.0,149.0,66.0,41.0,1245.0,90.0,120.0,140.0,260.0,8,2010-01-06,2,3,0,2010,1,6
720,1,0,0,154.0,171.0,382.0,170.0,76.0,47.0,1091.0,110.0,140.0,160.0,300.0,8,2011-01-01,2,3,0,2011,1,1
720,1,0,0,140.0,163.0,346.0,162.0,69.0,45.0,1091.0,100.0,130.0,150.0,280.0,8,2011-01-04,2,3,0,2011,1,4
720,1,0,0,115.0,149.0,295.0,149.0,61.0,41.0,1245.0,90.0,120.0,140.0,260.0,8,2011-01-06,2,3,0,2011,1,6
720,1,0,0,137.0,161.0,343.0,161.0,69.0,45.0,1267.0,110.0,120.0,140.0,260.0,8,2011-01-10,2,3,0,2011,1,10
720,1,0,0,-3.0,75.0,128.0,53.0,78.0,48.0,458.0,10.0,40.0,70.0,110.0,9,2010-01-05,2,10,0,2010,1,5
720,1,0,0,-7.0,63.0,107.0,44.0,70.0,40.0,496.0,10.0,30.0,60.0,90.0,9,2010-01-06,2,10,0,2010,1,6
720,1,0,0,0.0,87.0,168.0,63.0,91.0,57.0,435.0,20.0,50.0,80.0,130.0,9,2011-01-01,2,10,0,2011,1,1
720,1,0,0,-6.0,73.0,133.0,52.0,77.0,47.0,433.0,20.0,40.0,70.0,110.0,9,2011-01-04,2,10,0,2011,1,4
720,1,0,0,-7.0,71.0,130.0,51.0,76.0,46.0,503.0,30.0,30.0,60.0,90.0,9,2011-01-10,2,10,0,2011,1,10
720,1,0,0,31.0,77.0,134.0,57.0,46.0,18.0,323.0,40.0,40.0,70.0,110.0,10,2010-01-03,2,11,0,2010,1,3
720,1,0,0,21.0,63.0,110.0,47.0,42.0,15.0,420.0,20.0,40.0,50.0,90.0,10,2010-01-07,2,11,0,2010,1,7
720,1,0,0,27.0,72.0,125.0,53.0,45.0,17.0,410.0,40.0,40.0,70.0,110.0,10,2010-01-09,2,11,0,2010,1,9
720,1,0,0,32.0,79.0,138.0,59.0,47.0,19.0,411.0,40.0,50.0,70.0,120.0,10,2010-01-11,2,11,0,2010,1,11
720,1,0,0,43.0,74.0,137.0,55.0,45.0,18.0,336.0,40.0,40.0,70.0,110.0,10,2011-01-04,2,11,0,2011,1,4
720,1,0,0,33.0,68.0,117.0,50.0,41.0,16.0,397.0,30.0,40.0,60.0,100.0,10,2011-01-06,2,11,0,2011,1,6
720,1,0,0,29.0,63.0,109.0,47.0,39.0,15.0,420.0,20.0,40.0,50.0,90.0,10,2011-01-07,2,11,0,2011,1,7
720,1,0,0,40.0,72.0,133.0,53.0,45.0,17.0,410.0,40.0,40.0,70.0,110.0,10,2011-01-09,2,11,0,2011,1,9
720,1,0,0,12.0,65.0,118.0,53.0,53.0,20.0,361.0,20.0,40.0,60.0,100.0,11,2010-01-05,3,5,1,2010,1,5
720,1,0,0,9.0,60.0,109.0,49.0,51.0,18.0,414.0,10.0,40.0,50.0,90.0,11,2010-01-08,3,5,1,2010,1,8
720,1,0,0,19.0,67.0,129.0,54.0,54.0,20.0,337.0,20.0,40.0,60.0,100.0,11,2011-01-04,3,5,1,2011,1,4
720,1,0,0,17.0,65.0,117.0,53.0,49.0,20.0,361.0,20.0,40.0,60.0,100.0,11,2011-01-05,3,5,1,2011,1,5
720,1,0,0,12.0,60.0,108.0,49.0,47.0,18.0,414.0,10.0,40.0,50.0,90.0,11,2011-01-08,3,5,1,2011,1,8
720,1,0,0,19.0,66.0,128.0,54.0,53.0,20.0,404.0,30.0,30.0,50.0,80.0,11,2011-01-10,3,5,1,2011,1,10
720,1,0,0,34.0,74.0,136.0,62.0,40.0,19.0,958.0,30.0,50.0,60.0,110.0,12,2010-01-02,3,8,1,2010,1,2
720,1,0,0,23.0,59.0,109.0,50.0,36.0,15.0,1051.0,20.0,40.0,50.0,90.0,12,2010-01-07,3,8,1,2010,1,7
720,1,0,0,25.0,62.0,113.0,51.0,37.0,15.0,1042.0,20.0,40.0,50.0,90.0,12,2010-01-09,3,8,1,2010,1,9
720,1,0,0,32.0,59.0,108.0,50.0,33.0,15.0,1051.0,20.0,40.0,50.0,90.0,12,2011-01-07,3,8,1,2011,1,7
720,1,0,0,22.0,50.0,90.0,41.0,32.0,12.0,1046.0,20.0,30.0,50.0,80.0,12,2011-01-08,3,8,1,2011,1,8
727,3,1,0,129.0,195.0,336.0,141.0,66.0,43.0,692.0,130.0,130.0,180.0,310.0,3,2010-01-07,0,7,0,2010,1,7
727,3,1,0,181.0,186.0,341.0,134.0,64.0,41.0,690.0,110.0,120.0,160.0,280.0,3,2011-01-12,0,7,0,2011,1,12
727,3,1,0,44.0,68.0,115.0,47.0,24.0,13.0,772.0,60.0,40.0,80.0,120.0,13,2010-01-02,3,9,1,2010,1,2
727,3,1,0,27.0,134.0,245.0,96.0,116.0,87.0,683.0,50.0,80.0,130.0,210.0,5,2011-01-10,1,2,1,2011,1,10
727,3,1,0,31.0,43.0,81.0,33.0,22.0,10.0,577.0,20.0,20.0,30.0,50.0,8,2011-01-09,2,3,0,2011,1,9
727,3,1,0,16.0,30.0,55.0,22.0,19.0,7.0,570.0,10.0,10.0,20.0,30.0,8,2011-01-11,2,3,0,2011,1,11
727,3,1,0,12.0,65.0,118.0,53.0,53.0,20.0,306.0,20.0,40.0,50.0,90.0,9,2010-01-02,2,10,0,2010,1,2
727,3,1,0,18.0,66.0,128.0,54.0,54.0,20.0,301.0,20.0,40.0,50.0,90.0,9,2011-01-03,2,10,0,2011,1,3
727,3,1,0,28.0,77.0,139.0,63.0,53.0,23.0,397.0,30.0,40.0,60.0,100.0,9,2011-01-08,2,10,0,2011,1,8
740,13,0,0,34.0,80.0,140.0,60.0,46.0,19.0,336.0,50.0,60.0,80.0,140.0,1,2010-01-01,0,0,1,2010,1,1
740,13,0,0,28.0,74.0,129.0,55.0,46.0,18.0,336.0,50.0,50.0,80.0,130.0,1,2010-01-04,0,0,1,2010,1,4
740,13,0,0,35.0,72.0,121.0,49.0,37.0,15.0,351.0,40.0,50.0,70.0,120.0,2,2010-01-03,0,4,1,2010,1,3
740,13,0,0,84.0,149.0,298.0,149.0,65.0,41.0,1156.0,120.0,170.0,180.0,350.0,5,2010-01-05,1,2,1,2010,1,5
740,13,0,0,87.0,153.0,306.0,153.0,66.0,42.0,1319.0,140.0,190.0,200.0,390.0,5,2010-01-12,1,2,1,2010,1,12
740,13,0,0,11.0,65.0,118.0,53.0,54.0,20.0,361.0,20.0,60.0,70.0,130.0,6,2010-01-05,1,6,0,2010,1,5
740,13,0,0,6.0,57.0,103.0,46.0,51.0,17.0,422.0,40.0,50.0,80.0,130.0,6,2010-01-12,1,6,0,2010,1,12
740,13,0,0,17.0,64.0,114.0,51.0,48.0,19.0,396.0,30.0,50.0,80.0,130.0,6,2011-01-06,1,6,0,2011,1,6
740,13,0,0,9.0,26.0,44.0,18.0,17.0,5.0,486.0,20.0,10.0,20.0,30.0,8,2010-01-07,2,3,0,2010,1,7
740,13,0,0,29.0,48.0,80.0,32.0,19.0,8.0,821.0,50.0,20.0,50.0,70.0,9,2010-01-01,2,10,0,2010,1,1
740,13,0,0,28.0,48.0,80.0,32.0,20.0,8.0,817.0,50.0,20.0,50.0,70.0,9,2010-01-02,2,10,0,2010,1,2
740,13,0,0,28.0,47.0,79.0,32.0,19.0,8.0,813.0,40.0,20.0,40.0,60.0,9,2010-01-03,2,10,0,2010,1,3
740,13,0,0,73.0,134.0,222.0,88.0,61.0,29.0,653.0,70.0,70.0,120.0,190.0,11,2010-01-04,3,5,1,2010,1,4
740,13,0,0,104.0,172.0,286.0,114.0,68.0,37.0,822.0,100.0,90.0,160.0,250.0,11,2010-01-07,3,5,1,2010,1,7
740,13,0,0,144.0,172.0,283.0,114.0,63.0,37.0,822.0,100.0,90.0,160.0,250.0,11,2011-01-07,3,5,1,2011,1,7
740,13,0,0,121.0,186.0,320.0,134.0,65.0,41.0,690.0,90.0,110.0,150.0,260.0,12,2010-01-12,3,8,1,2010,1,12
740,13,0,0,105.0,120.0,220.0,86.0,49.0,26.0,490.0,70.0,70.0,110.0,180.0,12,2011-01-02,3,8,1,2011,1,2
740,13,0,0,132.0,143.0,261.0,102.0,54.0,31.0,666.0,70.0,80.0,120.0,200.0,12,2011-01-11,3,8,1,2011,1,11
754,3,1,0,63.0,120.0,200.0,80.0,57.0,26.0,640.0,80.0,70.0,120.0,190.0,2,2010-01-02,0,4,1,2010,1,2
754,3,1,0,63.0,119.0,197.0,78.0,56.0,25.0,798.0,60.0,70.0,100.0,170.0,2,2010-01-11,0,4,1,2010,1,11
754,3,1,0,73.0,133.0,221.0,88.0,60.0,29.0,817.0,80.0,70.0,120.0,190.0,2,2010-01-12,0,4,1,2010,1,12
754,3,1,0,108.0,141.0,233.0,94.0,59.0,31.0,697.0,90.0,90.0,130.0,220.0,2,2011-01-05,0,4,1,2011,1,5
754,3,1,0,67.0,116.0,200.0,84.0,49.0,26.0,500.0,70.0,80.0,110.0,190.0,3,2010-01-01,0,7,0,2010,1,1
754,3,1,0,145.0,155.0,285.0,112.0,57.0,34.0,502.0,100.0,100.0,150.0,250.0,3,2011-01-04,0,7,0,2011,1,4
754,3,1,0,178.0,195.0,333.0,141.0,61.0,43.0,692.0,130.0,130.0,180.0,310.0,3,2011-01-07,0,7,0,2011,1,7
754,3,1,0,28.0,48.0,81.0,33.0,20.0,9.0,777.0,40.0,30.0,50.0,80.0,13,2010-01-01,3,9,1,2010,1,1
754,3,1,0,47.0,72.0,121.0,49.0,25.0,13.0,779.0,60.0,50.0,80.0,130.0,13,2010-01-04,3,9,1,2010,1,4
754,3,1,0,73.0,75.0,134.0,51.0,26.0,14.0,857.0,60.0,50.0,80.0,130.0,13,2011-01-09,3,9,1,2011,1,9
754,3,1,0,15.0,130.0,224.0,94.0,115.0,85.0,694.0,20.0,90.0,120.0,210.0,5,2010-01-11,1,2,1,2010,1,11
754,3,1,0,25.0,130.0,238.0,93.0,113.0,84.0,692.0,40.0,80.0,130.0,210.0,5,2011-01-09,1,2,1,2011,1,9
754,3,1,0,50.0,103.0,180.0,77.0,53.0,25.0,432.0,60.0,70.0,100.0,170.0,6,2010-01-01,1,6,0,2010,1,1
754,3,1,0,86.0,112.0,208.0,83.0,54.0,27.0,433.0,80.0,70.0,120.0,190.0,6,2011-01-04,1,6,0,2011,1,4
754,3,1,0,98.0,130.0,225.0,97.0,55.0,32.0,575.0,80.0,90.0,130.0,220.0,6,2011-01-07,1,6,0,2011,1,7
754,3,1,0,34.0,62.0,110.0,48.0,28.0,15.0,617.0,30.0,30.0,50.0,80.0,8,2010-01-02,2,3,0,2010,1,2
754,3,1,0,50.0,62.0,117.0,48.0,28.0,15.0,617.0,30.0,30.0,50.0,80.0,8,2011-01-02,2,3,0,2011,1,2
754,3,1,0,19.0,74.0,133.0,59.0,55.0,22.0,377.0,30.0,40.0,60.0,100.0,9,2010-01-06,2,10,0,2010,1,6
754,3,1,0,26.0,74.0,132.0,59.0,51.0,22.0,377.0,30.0,40.0,60.0,100.0,9,2011-01-06,2,10,0,2011,1,6
754,3,1,0,39.0,82.0,151.0,69.0,43.0,21.0,965.0,40.0,50.0,60.0,110.0,10,2010-01-04,2,11,0,2010,1,4
754,3,1,0,79.0,99.0,194.0,83.0,46.0,25.0,1063.0,50.0,60.0,80.0,140.0,10,2011-01-09,2,11,0,2011,1,9
754,3,1,0,32.0,52.0,87.0,35.0,20.0,9.0,875.0,50.0,30.0,60.0,90.0,11,2010-01-09,3,5,1,2010,1,9
760,0,3,0,54.0,108.0,180.0,72.0,54.0,23.0,558.0,50.0,40.0,80.0,120.0,13,2010-01-01,3,9,1,2010,1,1
760,0,3,0,39.0,90.0,150.0,60.0,51.0,19.0,656.0,40.0,30.0,70.0,100.0,13,2010-01-09,3,9,1,2010,1,9
760,0,3,0,111.0,152.0,256.0,104.0,41.0,29.0,871.0,120.0,80.0,140.0,220.0,8,2010-01-05,2,3,0,2010,1,5
760,0,3,0,125.0,117.0,211.0,81.0,33.0,22.0,984.0,80.0,70.0,110.0,180.0,8,2011-01-11,2,3,0,2011,1,11
760,0,3,0,102.0,109.0,206.0,84.0,40.0,27.0,603.0,60.0,70.0,90.0,160.0,10,2011-01-03,2,11,0,2011,1,3
760,0,3,0,133.0,178.0,301.0,123.0,45.0,34.0,941.0,100.0,80.0,120.0,200.0,11,2010-01-08,3,5,1,2010,1,8
760,0,3,0,145.0,145.0,243.0,100.0,37.0,28.0,598.0,90.0,60.0,100.0,160.0,12,2011-01-08,3,8,1,2011,1,8
760,0,3,0,70.0,73.0,131.0,50.0,26.0,14.0,589.0,40.0,30.0,50.0,80.0,12,2011-01-11,3,8,1,2011,1,11
760,0,3,0,149.0,239.0,478.0,239.0,90.0,66.0,1417.0,150.0,220.0,230.0,450.0,4,2010-01-03,1,1,1,2010,1,3
772,3,1,0,89.0,143.0,245.0,102.0,54.0,31.0,666.0,90.0,90.0,130.0,220.0,3,2010-01-11,0,7,0,2010,1,11
772,3,1,0,113.0,127.0,232.0,91.0,51.0,28.0,656.0,90.0,70.0,110.0,180.0,3,2011-01-10,0,7,0,2011,1,10
772,3,1,0,68.0,70.0,126.0,48.0,24.0,13.0,851.0,60.0,50.0,70.0,120.0,13,2011-01-10,3,9,1,2011,1,10
772,3,1,0,35.0,154.0,262.0,110.0,120.0,100.0,665.0,40.0,100.0,150.0,250.0,5,2011-01-06,1,2,1,2011,1,6
772,3,1,0,87.0,121.0,210.0,91.0,54.0,30.0,533.0,80.0,80.0,120.0,200.0,6,2011-01-06,1,6,0,2011,1,6
772,3,1,0,76.0,103.0,192.0,77.0,52.0,25.0,557.0,60.0,70.0,100.0,170.0,6,2011-01-11,1,6,0,2011,1,11
772,3,1,0,12.0,32.0,56.0,24.0,20.0,7.0,567.0,20.0,10.0,30.0,40.0,8,2010-01-12,2,3,0,2010,1,12
772,3,1,0,12.0,66.0,120.0,54.0,54.0,20.0,301.0,20.0,40.0,50.0,90.0,9,2010-01-03,2,10,0,2010,1,3
772,3,1,0,22.0,70.0,135.0,57.0,55.0,21.0,313.0,20.0,40.0,50.0,90.0,9,2011-01-04,2,10,0,2011,1,4
772,3,1,0,39.0,81.0,150.0,69.0,42.0,21.0,965.0,40.0,50.0,60.0,110.0,10,2010-01-01,2,11,0,2010,1,1
772,3,1,0,57.0,65.0,109.0,45.0,22.0,12.0,885.0,50.0,40.0,70.0,110.0,11,2011-01-07,3,5,1,2011,1,7
773,4,0,0,177.0,213.0,391.0,154.0,94.0,50.0,829.0,140.0,160.0,220.0,380.0,2,2011-01-03,0,4,1,2011,1,3
773,4,0,0,141.0,150.0,271.0,104.0,55.0,33.0,596.0,100.0,110.0,150.0,260.0,3,2011-01-02,0,7,0,2011,1,2
773,4,0,0,230.0,349.0,612.0,263.0,119.0,86.0,1433.0,300.0,300.0,420.0,720.0,5,2010-01-05,1,2,1,2010,1,5
773,4,0,0,317.0,349.0,607.0,263.0,111.0,86.0,1433.0,300.0,300.0,420.0,720.0,5,2011-01-05,1,2,1,2011,1,5
773,4,0,0,333.0,362.0,628.0,272.0,113.0,89.0,1616.0,300.0,310.0,430.0,740.0,5,2011-01-06,1,2,1,2011,1,6
773,4,0,0,362.0,392.0,681.0,295.0,121.0,97.0,1714.0,340.0,340.0,470.0,810.0,5,2011-01-08,1,2,1,2011,1,8
773,4,0,0,148.0,239.0,478.0,239.0,91.0,66.0,1417.0,200.0,270.0,290.0,560.0,6,2010-01-03,1,6,0,2010,1,3
773,4,0,0,218.0,228.0,510.0,228.0,92.0,63.0,1459.0,180.0,260.0,270.0,530.0,6,2011-01-01,1,6,0,2011,1,1
773,4,0,0,228.0,261.0,516.0,260.0,89.0,72.0,1559.0,210.0,300.0,310.0,610.0,6,2011-01-05,1,6,0,2011,1,5
773,4,0,0,230.0,249.0,531.0,249.0,94.0,69.0,1775.0,210.0,280.0,300.0,580.0,6,2011-01-09,1,6,0,2011,1,9
773,4,0,0,221.0,239.0,509.0,239.0,90.0,66.0,1755.0,300.0,340.0,370.0,710.0,6,2011-01-10,1,6,0,2011,1,10
773,4,0,0,233.0,251.0,534.0,250.0,94.0,70.0,1820.0,240.0,320.0,320.0,640.0,6,2011-01-12,1,6,0,2011,1,12
773,4,0,0,112.0,152.0,256.0,104.0,40.0,29.0,821.0,120.0,80.0,140.0,220.0,8,2010-01-05,2,3,0,2010,1,5
773,4,0,0,148.0,130.0,245.0,89.0,37.0,24.0,777.0,100.0,70.0,120.0,190.0,8,2011-01-01,2,3,0,2011,1,1
773,4,0,0,155.0,152.0,254.0,104.0,37.0,29.0,821.0,120.0,80.0,140.0,220.0,8,2011-01-05,2,3,0,2011,1,5
773,4,0,0,68.0,107.0,190.0,83.0,39.0,27.0,613.0,60.0,70.0,90.0,160.0,9,2010-01-02,2,10,0,2010,1,2
773,4,0,0,27.0,52.0,92.0,40.0,25.0,13.0,536.0,30.0,30.0,50.0,80.0,9,2010-01-11,2,10,0,2010,1,11
773,4,0,0,29.0,56.0,99.0,43.0,27.0,14.0,531.0,30.0,40.0,50.0,90.0,9,2010-01-12,2,10,0,2010,1,12
773,4,0,0,106.0,107.0,213.0,83.0,41.0,27.0,623.0,60.0,70.0,90.0,160.0,9,2011-01-01,2,10,0,2011,1,1
773,4,0,0,101.0,107.0,202.0,83.0,39.0,27.0,613.0,60.0,70.0,90.0,160.0,9,2011-01-02,2,10,0,2011,1,2
773,4,0,0,94.0,107.0,188.0,83.0,36.0,27.0,584.0,60.0,70.0,90.0,160.0,9,2011-01-05,2,10,0,2011,1,5
773,4,0,0,92.0,107.0,188.0,83.0,37.0,27.0,574.0,60.0,70.0,90.0,160.0,9,2011-01-06,2,10,0,2011,1,6
773,4,0,0,99.0,112.0,197.0,87.0,37.0,28.0,564.0,70.0,70.0,100.0,170.0,9,2011-01-07,2,10,0,2011,1,7
773,4,0,0,101.0,139.0,234.0,95.0,38.0,26.0,821.0,100.0,80.0,120.0,200.0,10,2010-01-01,2,11,0,2010,1,1
773,4,0,0,102.0,139.0,234.0,95.0,37.0,26.0,799.0,100.0,80.0,120.0,200.0,10,2010-01-03,2,11,0,2010,1,3
773,4,0,0,112.0,152.0,256.0,104.0,40.0,29.0,871.0,120.0,80.0,140.0,220.0,10,2010-01-05,2,11,0,2010,1,5
773,4,0,0,106.0,145.0,245.0,100.0,39.0,28.0,981.0,110.0,80.0,130.0,210.0,10,2010-01-09,2,11,0,2010,1,9
773,4,0,0,157.0,145.0,261.0,100.0,39.0,28.0,981.0,110.0,80.0,130.0,210.0,10,2011-01-09,2,11,0,2011,1,9
773,4,0,0,53.0,108.0,180.0,72.0,55.0,23.0,541.0,40.0,60.0,90.0,150.0,12,2010-01-03,3,8,1,2010,1,3
773,4,0,0,40.0,90.0,150.0,60.0,50.0,19.0,656.0,40.0,50.0,80.0,130.0,12,2010-01-09,3,8,1,2010,1,9
773,4,0,0,73.0,102.0,181.0,68.0,53.0,22.0,559.0,40.0,50.0,90.0,140.0,12,2011-01-04,3,8,1,2011,1,4
774,7,1,0,340.0,395.0,470.0,75.0,55.0,24.0,235.0,330.0,70.0,370.0,440.0,2,2010-01-02,0,4,1,2010,1,2
774,7,1,0,397.0,451.0,519.0,68.0,54.0,22.0,-348.0,400.0,60.0,430.0,490.0,2,2010-01-04,0,4,1,2010,1,4
774,7,1,0,543.0,420.0,524.0,72.0,54.0,23.0,-54.0,360.0,60.0,400.0,460.0,2,2011-01-03,0,4,1,2011,1,3
774,7,1,0,755.0,595.0,643.0,54.0,45.0,17.0,-1006.0,530.0,50.0,560.0,610.0,2,2011-01-06,0,4,1,2011,1,6
774,7,1,0,690.0,516.0,614.0,60.0,51.0,19.0,-2572.0,460.0,50.0,490.0,540.0,2,2011-01-09,0,4,1,2011,1,9
774,7,1,0,24.0,32.0,56.0,21.0,16.0,5.0,454.0,20.0,20.0,30.0,50.0,13,2011-01-04,3,9,1,2011,1,4
774,7,1,0,12.0,26.0,44.0,18.0,16.0,5.0,486.0,20.0,10.0,30.0,40.0,13,2011-01-07,3,9,1,2011,1,7
774,7,1,0,37.0,44.0,78.0,29.0,19.0,8.0,490.0,30.0,30.0,40.0,70.0,13,2011-01-12,3,9,1,2011,1,12
774,7,1,0,-11.0,65.0,116.0,51.0,76.0,46.0,542.0,30.0,30.0,70.0,100.0,5,2010-01-10,1,2,1,2010,1,10
774,7,1,0,-8.0,68.0,120.0,52.0,76.0,47.0,554.0,0.0,50.0,60.0,110.0,5,2010-01-11,1,2,1,2010,1,11
774,7,1,0,-6.0,74.0,136.0,54.0,78.0,49.0,451.0,10.0,50.0,70.0,120.0,5,2011-01-02,1,2,1,2011,1,2
774,7,1,0,-6.0,73.0,133.0,52.0,77.0,47.0,446.0,20.0,40.0,80.0,120.0,5,2011-01-03,1,2,1,2011,1,3
774,7,1,0,-16.0,65.0,124.0,51.0,76.0,46.0,542.0,30.0,30.0,70.0,100.0,5,2011-01-10,1,2,1,2011,1,10
774,7,1,0,19.0,67.0,129.0,54.0,54.0,20.0,337.0,20.0,40.0,50.0,90.0,9,2011-01-04,2,10,0,2011,1,4
774,7,1,0,15.0,64.0,114.0,51.0,49.0,19.0,419.0,20.0,30.0,50.0,80.0,9,2011-01-07,2,10,0,2011,1,7
774,7,1,0,9.0,57.0,109.0,45.0,51.0,17.0,409.0,10.0,30.0,40.0,70.0,9,2011-01-09,2,10,0,2011,1,9
774,7,1,0,10.0,57.0,110.0,46.0,50.0,17.0,422.0,10.0,30.0,40.0,70.0,9,2011-01-12,2,10,0,2011,1,12
774,7,1,0,30.0,42.0,70.0,29.0,19.0,8.0,835.0,30.0,30.0,40.0,70.0,11,2011-01-05,3,5,1,2011,1,5
774,7,1,0,147.0,170.0,362.0,170.0,71.0,47.0,1073.0,110.0,160.0,170.0,330.0,7,2011-01-02,1,12,1,2011,1,2
774,7,1,0,140.0,163.0,346.0,162.0,69.0,45.0,1059.0,100.0,150.0,160.0,310.0,7,2011-01-03,1,12,1,2011,1,3
774,7,1,0,129.0,155.0,330.0,155.0,68.0,43.0,1280.0,100.0,140.0,160.0,300.0,7,2011-01-09,1,12,1,2011,1,9
775,9,3,1,-5.0,41.0,74.0,33.0,46.0,12.0,193.0,10.0,40.0,50.0,90.0,2,2010-01-02,0,4,1,2010,1,2
775,9,3,1,-2.0,44.0,79.0,35.0,46.0,13.0,197.0,10.0,40.0,50.0,90.0,2,2010-01-04,0,4,1,2010,1,4
775,9,3,1,-1.0,46.0,82.0,36.0,47.0,13.0,252.0,20.0,40.0,60.0,100.0,2,2010-01-07,0,4,1,2010,1,7
775,9,3,1,-2.0,43.0,77.0,34.0,45.0,12.0,240.0,30.0,40.0,60.0,100.0,2,2010-01-10,0,4,1,2010,1,10
775,9,3,1,-4.0,41.0,74.0,33.0,45.0,12.0,243.0,10.0,30.0,50.0,80.0,2,2010-01-11,0,4,1,2010,1,11
775,9,3,1,1.0,49.0,88.0,39.0,48.0,14.0,250.0,20.0,40.0,60.0,100.0,2,2010-01-12,0,4,1,2010,1,12
775,9,3,1,-5.0,42.0,85.0,34.0,47.0,12.0,197.0,10.0,40.0,50.0,90.0,2,2011-01-01,0,4,1,2011,1,1
775,9,3,1,-1.0,46.0,81.0,36.0,44.0,13.0,252.0,20.0,40.0,60.0,100.0,2,2011-01-07,0,4,1,2011,1,7
775,9,3,1,1.0,48.0,85.0,38.0,44.0,14.0,248.0,20.0,40.0,60.0,100.0,2,2011-01-08,0,4,1,2011,1,8
775,9,3,1,3.0,51.0,97.0,40.0,49.0,15.0,244.0,20.0,50.0,60.0,110.0,2,2011-01-09,0,4,1,2011,1,9
775,9,3,1,-6.0,41.0,79.0,33.0,45.0,12.0,243.0,10.0,30.0,50.0,80.0,2,2011-01-11,0,4,1,2011,1,11
775,9,3,1,4.0,34.0,62.0,28.0,30.0,8.0,965.0,20.0,30.0,40.0,70.0,3,2010-01-01,0,7,0,2010,1,1
775,9,3,1,4.0,33.0,61.0,28.0,29.0,8.0,964.0,20.0,30.0,40.0,70.0,3,2010-01-04,0,7,0,2010,1,4
775,9,3,1,6.0,37.0,68.0,31.0,31.0,9.0,976.0,30.0,30.0,50.0,80.0,3,2010-01-05,0,7,0,2010,1,5
775,9,3,1,8.0,38.0,70.0,32.0,30.0,9.0,996.0,20.0,40.0,40.0,80.0,3,2010-01-06,0,7,0,2010,1,6
775,9,3,1,9.0,41.0,75.0,34.0,32.0,10.0,1010.0,30.0,40.0,50.0,90.0,3,2010-01-07,0,7,0,2010,1,7
775,9,3,1,7.0,37.0,68.0,31.0,30.0,9.0,1000.0,50.0,30.0,60.0,90.0,3,2010-01-10,0,7,0,2010,1,10
775,9,3,1,5.0,35.0,64.0,29.0,30.0,8.0,1003.0,20.0,30.0,40.0,70.0,3,2010-01-11,0,7,0,2010,1,11
775,9,3,1,9.0,35.0,67.0,28.0,29.0,8.0,961.0,20.0,30.0,40.0,70.0,3,2011-01-02,0,7,0,2011,1,2
775,9,3,1,9.0,35.0,67.0,28.0,29.0,8.0,958.0,20.0,30.0,40.0,70.0,3,2011-01-03,0,7,0,2011,1,3
775,9,3,1,8.0,37.0,67.0,31.0,29.0,9.0,976.0,30.0,30.0,50.0,80.0,3,2011-01-05,0,7,0,2011,1,5
775,9,3,1,10.0,37.0,72.0,31.0,30.0,9.0,1000.0,50.0,30.0,60.0,90.0,3,2011-01-10,0,7,0,2011,1,10
775,9,3,1,12.0,38.0,74.0,31.0,30.0,9.0,1009.0,30.0,30.0,50.0,80.0,3,2011-01-12,0,7,0,2011,1,12
775,9,3,1,-340.0,-245.0,32.0,245.0,127.0,93.0,2449.0,-240.0,160.0,-160.0,0.0,13,2010-01-03,3,9,1,2010,1,3
775,9,3,1,-404.0,-284.0,21.0,284.0,141.0,107.0,5807.0,-260.0,180.0,-180.0,0.0,13,2010-01-08,3,9,1,2010,1,8
775,9,3,1,-430.0,-302.0,19.0,302.0,147.0,114.0,6413.0,-280.0,190.0,-190.0,0.0,13,2010-01-09,3,9,1,2010,1,9
775,9,3,1,-408.0,-294.0,31.0,294.0,145.0,111.0,8252.0,-320.0,210.0,-210.0,0.0,13,2010-01-12,3,9,1,2010,1,12
775,9,3,1,-552.0,-245.0,19.0,245.0,132.0,93.0,1419.0,-240.0,160.0,-160.0,0.0,13,2011-01-01,3,9,1,2011,1,1
775,9,3,1,-508.0,-240.0,25.0,240.0,125.0,91.0,1937.0,-220.0,150.0,-150.0,0.0,13,2011-01-02,3,9,1,2011,1,2
775,9,3,1,-505.0,-245.0,34.0,245.0,127.0,93.0,2449.0,-240.0,160.0,-160.0,0.0,13,2011-01-03,3,9,1,2011,1,3
775,9,3,1,-509.0,-271.0,37.0,271.0,126.0,102.0,4507.0,-250.0,170.0,-170.0,0.0,13,2011-01-06,3,9,1,2011,1,6
775,9,3,1,-522.0,-270.0,27.0,270.0,126.0,102.0,5230.0,-250.0,170.0,-170.0,0.0,13,2011-01-07,3,9,1,2011,1,7
775,9,3,1,-558.0,-284.0,21.0,284.0,131.0,107.0,5807.0,-260.0,180.0,-180.0,0.0,13,2011-01-08,3,9,1,2011,1,8
775,9,3,1,-638.0,-302.0,20.0,302.0,147.0,114.0,6413.0,-280.0,190.0,-190.0,0.0,13,2011-01-09,3,9,1,2011,1,9
775,9,3,1,-505.0,-245.0,34.0,245.0,127.0,93.0,7653.0,-280.0,180.0,-180.0,0.0,13,2011-01-11,3,9,1,2011,1,11
775,9,3,1,-605.0,-294.0,33.0,294.0,145.0,111.0,8252.0,-320.0,210.0,-210.0,0.0,13,2011-01-12,3,9,1,2011,1,12
775,9,3,1,10.0,27.0,45.0,18.0,17.0,5.0,818.0,20.0,10.0,30.0,40.0,5,2010-01-02,1,2,1,2010,1,2
775,9,3,1,10.0,27.0,45.0,18.0,17.0,5.0,816.0,20.0,10.0,30.0,40.0,5,2010-01-03,1,2,1,2010,1,3
775,9,3,1,13.0,29.0,49.0,20.0,16.0,5.0,829.0,20.0,10.0,30.0,40.0,5,2010-01-05,1,2,1,2010,1,5
775,9,3,1,18.0,35.0,58.0,23.0,17.0,6.0,843.0,20.0,20.0,30.0,50.0,5,2010-01-06,1,2,1,2010,1,6
775,9,3,1,17.0,36.0,61.0,25.0,19.0,7.0,854.0,20.0,20.0,30.0,50.0,5,2010-01-07,1,2,1,2010,1,7
775,9,3,1,19.0,38.0,63.0,25.0,19.0,7.0,851.0,30.0,20.0,40.0,60.0,5,2010-01-08,1,2,1,2010,1,8
775,9,3,1,12.0,29.0,48.0,19.0,17.0,5.0,848.0,20.0,10.0,30.0,40.0,5,2010-01-09,1,2,1,2010,1,9
775,9,3,1,9.0,24.0,39.0,15.0,15.0,4.0,848.0,10.0,10.0,20.0,30.0,5,2010-01-11,1,2,1,2010,1,11
775,9,3,1,10.0,25.0,41.0,16.0,15.0,4.0,851.0,10.0,10.0,20.0,30.0,5,2010-01-12,1,2,1,2010,1,12
775,9,3,1,16.0,27.0,50.0,18.0,18.0,5.0,821.0,20.0,10.0,30.0,40.0,5,2011-01-01,1,2,1,2011,1,1
775,9,3,1,15.0,27.0,48.0,18.0,17.0,5.0,818.0,20.0,10.0,30.0,40.0,5,2011-01-02,1,2,1,2011,1,2
775,9,3,1,18.0,29.0,49.0,20.0,15.0,5.0,829.0,20.0,10.0,30.0,40.0,5,2011-01-05,1,2,1,2011,1,5
775,9,3,1,21.0,31.0,55.0,21.0,17.0,5.0,846.0,20.0,10.0,20.0,30.0,5,2011-01-10,1,2,1,2011,1,10
775,9,3,1,13.0,24.0,42.0,15.0,15.0,4.0,848.0,10.0,10.0,20.0,30.0,5,2011-01-11,1,2,1,2011,1,11
775,9,3,1,15.0,25.0,44.0,16.0,15.0,4.0,851.0,10.0,10.0,20.0,30.0,5,2011-01-12,1,2,1,2011,1,12
775,9,3,1,11.0,26.0,43.0,17.0,15.0,4.0,777.0,20.0,10.0,30.0,40.0,6,2010-01-01,1,6,0,2010,1,1
775,9,3,1,11.0,28.0,47.0,19.0,17.0,5.0,774.0,20.0,10.0,30.0,40.0,6,2010-01-02,1,6,0,2010,1,2
775,9,3,1,10.0,25.0,41.0,16.0,15.0,4.0,772.0,10.0,10.0,20.0,30.0,6,2010-01-03,1,6,0,2010,1,3
775,9,3,1,10.0,26.0,43.0,17.0,16.0,4.0,776.0,20.0,10.0,30.0,40.0,6,2010-01-04,1,6,0,2010,1,4
775,9,3,1,13.0,29.0,49.0,20.0,16.0,5.0,784.0,20.0,10.0,30.0,40.0,6,2010-01-05,1,6,0,2010,1,5
775,9,3,1,17.0,34.0,56.0,22.0,17.0,6.0,802.0,20.0,20.0,30.0,50.0,6,2010-01-11,1,6,0,2010,1,11
775,9,3,1,15.0,25.0,44.0,16.0,15.0,4.0,772.0,10.0,10.0,20.0,30.0,6,2011-01-03,1,6,0,2011,1,3
775,9,3,1,15.0,26.0,46.0,17.0,16.0,4.0,776.0,20.0,10.0,30.0,40.0,6,2011-01-04,1,6,0,2011,1,4
775,9,3,1,21.0,32.0,53.0,21.0,16.0,5.0,798.0,20.0,20.0,30.0,50.0,6,2011-01-06,1,6,0,2011,1,6
775,9,3,1,17.0,29.0,49.0,20.0,16.0,5.0,808.0,20.0,10.0,30.0,40.0,6,2011-01-07,1,6,0,2011,1,7
775,9,3,1,23.0,35.0,57.0,23.0,17.0,6.0,806.0,20.0,20.0,30.0,50.0,6,2011-01-08,1,6,0,2011,1,8
775,9,3,1,25.0,35.0,62.0,23.0,18.0,6.0,803.0,20.0,20.0,30.0,50.0,6,2011-01-09,1,6,0,2011,1,9
775,9,3,1,25.0,35.0,62.0,23.0,18.0,6.0,800.0,30.0,10.0,30.0,40.0,6,2011-01-10,1,6,0,2011,1,10
775,9,3,1,25.0,34.0,60.0,22.0,17.0,6.0,802.0,20.0,20.0,30.0,50.0,6,2011-01-11,1,6,0,2011,1,11
775,9,3,1,25.0,35.0,62.0,23.0,18.0,6.0,807.0,20.0,20.0,30.0,50.0,6,2011-01-12,1,6,0,2011,1,12
775,9,3,1,26.0,169.0,290.0,121.0,143.0,110.0,712.0,40.0,100.0,150.0,250.0,8,2010-01-02,2,3,0,2010,1,2
775,9,3,1,27.0,173.0,298.0,125.0,146.0,113.0,700.0,50.0,100.0,160.0,260.0,8,2010-01-03,2,3,0,2010,1,3
775,9,3,1,27.0,173.0,298.0,125.0,146.0,113.0,729.0,50.0,100.0,160.0,260.0,8,2010-01-04,2,3,0,2010,1,4
775,9,3,1,25.0,168.0,289.0,121.0,143.0,109.0,788.0,40.0,100.0,150.0,250.0,8,2010-01-05,2,3,0,2010,1,5
775,9,3,1,37.0,201.0,345.0,144.0,164.0,131.0,874.0,50.0,120.0,180.0,300.0,8,2010-01-06,2,3,0,2010,1,6
775,9,3,1,45.0,225.0,387.0,162.0,180.0,147.0,943.0,70.0,130.0,210.0,340.0,8,2010-01-07,2,3,0,2010,1,7
775,9,3,1,49.0,239.0,412.0,173.0,190.0,156.0,927.0,70.0,140.0,220.0,360.0,8,2010-01-08,2,3,0,2010,1,8
775,9,3,1,26.0,173.0,298.0,125.0,147.0,113.0,898.0,60.0,90.0,150.0,240.0,8,2010-01-10,2,3,0,2010,1,10
775,9,3,1,26.0,168.0,289.0,121.0,142.0,109.0,912.0,20.0,110.0,150.0,260.0,8,2010-01-11,2,3,0,2010,1,11
775,9,3,1,25.0,145.0,280.0,105.0,135.0,95.0,725.0,30.0,90.0,130.0,220.0,8,2011-01-01,2,3,0,2011,1,1
775,9,3,1,40.0,173.0,318.0,125.0,146.0,113.0,700.0,50.0,100.0,160.0,260.0,8,2011-01-03,2,3,0,2011,1,3
775,9,3,1,40.0,173.0,318.0,125.0,146.0,113.0,729.0,50.0,100.0,160.0,260.0,8,2011-01-04,2,3,0,2011,1,4
775,9,3,1,35.0,168.0,286.0,121.0,133.0,109.0,788.0,40.0,100.0,150.0,250.0,8,2011-01-05,2,3,0,2011,1,5
775,9,3,1,51.0,201.0,342.0,144.0,153.0,131.0,874.0,50.0,120.0,180.0,300.0,8,2011-01-06,2,3,0,2011,1,6
775,9,3,1,111.0,201.0,345.0,144.0,90.0,47.0,862.0,120.0,120.0,180.0,300.0,9,2010-01-01,2,10,0,2010,1,1
775,9,3,1,115.0,206.0,354.0,148.0,91.0,48.0,844.0,120.0,120.0,190.0,310.0,9,2010-01-02,2,10,0,2010,1,2
775,9,3,1,156.0,265.0,456.0,191.0,109.0,63.0,865.0,160.0,160.0,240.0,400.0,9,2010-01-04,2,10,0,2010,1,4
775,9,3,1,160.0,270.0,465.0,195.0,110.0,64.0,956.0,160.0,160.0,240.0,400.0,9,2010-01-05,2,10,0,2010,1,5
775,9,3,1,208.0,329.0,567.0,238.0,121.0,78.0,1190.0,200.0,200.0,290.0,490.0,9,2010-01-07,2,10,0,2010,1,7
775,9,3,1,163.0,271.0,467.0,196.0,108.0,64.0,1167.0,170.0,160.0,250.0,410.0,9,2010-01-08,2,10,0,2010,1,8
775,9,3,1,194.0,310.0,534.0,224.0,116.0,73.0,1191.0,170.0,210.0,280.0,490.0,9,2010-01-12,2,10,0,2010,1,12
775,9,3,1,173.0,201.0,386.0,144.0,94.0,47.0,862.0,120.0,120.0,180.0,300.0,9,2011-01-01,2,10,0,2011,1,1
775,9,3,1,171.0,206.0,377.0,148.0,91.0,48.0,844.0,120.0,120.0,190.0,310.0,9,2011-01-02,2,10,0,2011,1,2
775,9,3,1,225.0,271.0,463.0,196.0,100.0,64.0,1167.0,170.0,160.0,250.0,410.0,9,2011-01-08,2,10,0,2011,1,8
775,9,3,1,178.0,213.0,391.0,154.0,93.0,50.0,1132.0,120.0,120.0,170.0,290.0,9,2011-01-10,2,10,0,2011,1,10
775,9,3,1,121.0,185.0,312.0,127.0,64.0,40.0,671.0,120.0,100.0,170.0,270.0,10,2010-01-05,2,11,0,2010,1,5
775,9,3,1,136.0,204.0,345.0,141.0,68.0,45.0,764.0,130.0,120.0,180.0,300.0,10,2010-01-06,2,11,0,2010,1,6
775,9,3,1,150.0,222.0,376.0,154.0,72.0,49.0,833.0,150.0,130.0,200.0,330.0,10,2010-01-07,2,11,0,2010,1,7
775,9,3,1,115.0,176.0,298.0,122.0,61.0,39.0,801.0,120.0,100.0,160.0,260.0,10,2010-01-09,2,11,0,2010,1,9
775,9,3,1,122.0,185.0,312.0,127.0,63.0,40.0,830.0,120.0,120.0,170.0,290.0,10,2010-01-12,2,11,0,2010,1,12
775,9,3,1,134.0,139.0,262.0,95.0,56.0,30.0,608.0,90.0,80.0,120.0,200.0,10,2011-01-01,2,11,0,2011,1,1
775,9,3,1,140.0,150.0,271.0,104.0,56.0,33.0,596.0,110.0,80.0,140.0,220.0,10,2011-01-02,2,11,0,2011,1,2
775,9,3,1,151.0,158.0,285.0,109.0,56.0,34.0,585.0,110.0,90.0,140.0,230.0,10,2011-01-03,2,11,0,2011,1,3
775,9,3,1,171.0,178.0,321.0,123.0,63.0,39.0,611.0,110.0,100.0,160.0,260.0,10,2011-01-04,2,11,0,2011,1,4
775,9,3,1,188.0,204.0,342.0,141.0,63.0,45.0,764.0,130.0,120.0,180.0,300.0,10,2011-01-06,2,11,0,2011,1,6
775,9,3,1,207.0,222.0,373.0,154.0,67.0,49.0,817.0,150.0,130.0,200.0,330.0,10,2011-01-08,2,11,0,2011,1,8
775,9,3,1,169.0,176.0,318.0,122.0,62.0,39.0,789.0,130.0,90.0,150.0,240.0,10,2011-01-10,2,11,0,2011,1,10
775,9,3,1,159.0,165.0,296.0,113.0,58.0,36.0,803.0,100.0,100.0,150.0,250.0,10,2011-01-11,2,11,0,2011,1,11
775,9,3,1,181.0,185.0,332.0,127.0,63.0,40.0,830.0,120.0,120.0,170.0,290.0,10,2011-01-12,2,11,0,2011,1,12
775,9,3,1,203.0,312.0,546.0,234.0,109.0,77.0,1310.0,150.0,150.0,220.0,370.0,11,2010-01-01,3,5,1,2010,1,1
775,9,3,1,202.0,311.0,545.0,234.0,109.0,77.0,1282.0,150.0,150.0,220.0,370.0,11,2010-01-02,3,5,1,2010,1,2
775,9,3,1,241.0,362.0,634.0,272.0,121.0,89.0,1616.0,190.0,170.0,260.0,430.0,11,2010-01-06,3,5,1,2010,1,6
775,9,3,1,319.0,349.0,607.0,263.0,110.0,86.0,1433.0,170.0,170.0,240.0,410.0,11,2011-01-05,3,5,1,2011,1,5
775,9,3,1,328.0,336.0,628.0,253.0,115.0,83.0,1686.0,170.0,160.0,240.0,400.0,11,2011-01-09,3,5,1,2011,1,9
775,9,3,1,332.0,341.0,637.0,257.0,117.0,84.0,1662.0,130.0,110.0,180.0,290.0,11,2011-01-10,3,5,1,2011,1,10
775,9,3,1,291.0,304.0,567.0,228.0,108.0,75.0,1691.0,140.0,160.0,220.0,380.0,11,2011-01-11,3,5,1,2011,1,11
775,9,3,1,319.0,329.0,614.0,247.0,114.0,81.0,1744.0,150.0,180.0,240.0,420.0,11,2011-01-12,3,5,1,2011,1,12
775,9,3,1,141.0,228.0,456.0,228.0,87.0,63.0,1459.0,100.0,150.0,160.0,310.0,12,2010-01-01,3,8,1,2010,1,1
775,9,3,1,149.0,239.0,478.0,239.0,90.0,66.0,1464.0,110.0,150.0,170.0,320.0,12,2010-01-04,3,8,1,2010,1,4
775,9,3,1,164.0,261.0,521.0,260.0,97.0,72.0,1559.0,120.0,170.0,180.0,350.0,12,2010-01-05,3,8,1,2010,1,5
775,9,3,1,168.0,266.0,532.0,266.0,98.0,74.0,1819.0,130.0,170.0,190.0,360.0,12,2010-01-07,3,8,1,2010,1,7
775,9,3,1,167.0,266.0,532.0,266.0,99.0,74.0,1797.0,130.0,170.0,190.0,360.0,12,2010-01-08,3,8,1,2010,1,8
775,9,3,1,149.0,239.0,478.0,239.0,90.0,66.0,1755.0,80.0,110.0,120.0,230.0,12,2010-01-10,3,8,1,2010,1,10
775,9,3,1,220.0,228.0,510.0,228.0,91.0,63.0,1459.0,100.0,150.0,160.0,310.0,12,2011-01-01,3,8,1,2011,1,1
775,9,3,1,211.0,229.0,487.0,228.0,87.0,63.0,1436.0,100.0,150.0,160.0,310.0,12,2011-01-02,3,8,1,2011,1,2
775,9,3,1,220.0,239.0,509.0,239.0,91.0,66.0,1417.0,110.0,150.0,170.0,320.0,12,2011-01-03,3,8,1,2011,1,3
775,9,3,1,221.0,239.0,509.0,239.0,90.0,66.0,1464.0,110.0,150.0,170.0,320.0,12,2011-01-04,3,8,1,2011,1,4
775,9,3,1,226.0,261.0,516.0,260.0,90.0,72.0,1559.0,120.0,170.0,180.0,350.0,12,2011-01-05,3,8,1,2011,1,5
775,9,3,1,228.0,261.0,516.0,260.0,89.0,72.0,1715.0,120.0,170.0,180.0,350.0,12,2011-01-06,3,8,1,2011,1,6
775,9,3,1,232.0,249.0,531.0,249.0,93.0,69.0,1775.0,110.0,160.0,170.0,330.0,12,2011-01-09,3,8,1,2011,1,9
775,9,3,1,221.0,239.0,509.0,239.0,90.0,66.0,1755.0,80.0,110.0,120.0,230.0,12,2011-01-10,3,8,1,2011,1,10
775,9,3,1,233.0,251.0,534.0,250.0,94.0,70.0,1820.0,100.0,180.0,180.0,360.0,12,2011-01-12,3,8,1,2011,1,12
775,9,3,1,11.0,26.0,43.0,17.0,15.0,4.0,777.0,20.0,10.0,30.0,40.0,4,2010-01-01,1,1,1,2010,1,1
775,9,3,1,31.0,43.0,43.0,0.0,12.0,0.0,731.0,30.0,0.0,40.0,40.0,4,2010-01-03,1,1,1,2010,1,3
775,9,3,1,32.0,43.0,43.0,0.0,11.0,0.0,688.0,30.0,0.0,40.0,40.0,4,2010-01-04,1,1,1,2010,1,4
775,9,3,1,31.0,43.0,43.0,0.0,12.0,0.0,645.0,30.0,0.0,40.0,40.0,4,2010-01-05,1,1,1,2010,1,5
775,9,3,1,31.0,43.0,43.0,0.0,12.0,0.0,602.0,30.0,0.0,40.0,40.0,4,2010-01-06,1,1,1,2010,1,6
775,9,3,1,31.0,43.0,43.0,0.0,12.0,0.0,387.0,30.0,0.0,40.0,40.0,4,2010-01-11,1,1,1,2010,1,11
775,9,3,1,46.0,43.0,46.0,0.0,12.0,0.0,774.0,30.0,0.0,40.0,40.0,4,2011-01-02,1,1,1,2011,1,2
775,9,3,1,46.0,43.0,46.0,0.0,12.0,0.0,731.0,30.0,0.0,40.0,40.0,4,2011-01-03,1,1,1,2011,1,3
775,9,3,1,47.0,43.0,46.0,0.0,11.0,0.0,688.0,30.0,0.0,40.0,40.0,4,2011-01-04,1,1,1,2011,1,4
775,9,3,1,43.0,43.0,43.0,0.0,11.0,0.0,645.0,30.0,0.0,40.0,40.0,4,2011-01-05,1,1,1,2011,1,5
775,9,3,1,43.0,43.0,43.0,0.0,11.0,0.0,602.0,30.0,0.0,40.0,40.0,4,2011-01-06,1,1,1,2011,1,6
775,9,3,1,44.0,43.0,43.0,0.0,10.0,0.0,559.0,30.0,0.0,40.0,40.0,4,2011-01-07,1,1,1,2011,1,7
775,9,3,1,44.0,43.0,43.0,0.0,10.0,0.0,516.0,30.0,0.0,40.0,40.0,4,2011-01-08,1,1,1,2011,1,8
775,9,3,1,47.0,43.0,46.0,0.0,11.0,0.0,473.0,30.0,0.0,40.0,40.0,4,2011-01-09,1,1,1,2011,1,9
775,9,3,1,46.0,43.0,46.0,0.0,12.0,0.0,387.0,30.0,0.0,40.0,40.0,4,2011-01-11,1,1,1,2011,1,11
775,9,3,1,46.0,43.0,46.0,0.0,12.0,0.0,344.0,30.0,0.0,40.0,40.0,4,2011-01-12,1,1,1,2011,1,12
781,7,1,0,29.0,48.0,80.0,32.0,19.0,8.0,456.0,40.0,30.0,50.0,80.0,13,2010-01-01,3,9,1,2010,1,1
781,7,1,0,16.0,32.0,53.0,21.0,16.0,5.0,454.0,20.0,20.0,30.0,50.0,13,2010-01-04,3,9,1,2010,1,4
781,7,1,0,22.0,32.0,56.0,21.0,17.0,5.0,449.0,20.0,20.0,30.0,50.0,13,2011-01-03,3,9,1,2011,1,3
781,7,1,0,17.0,29.0,49.0,20.0,16.0,5.0,464.0,20.0,20.0,30.0,50.0,13,2011-01-05,3,9,1,2011,1,5
781,7,1,0,12.0,25.0,41.0,16.0,15.0,4.0,484.0,20.0,10.0,30.0,40.0,13,2011-01-08,3,9,1,2011,1,8
781,7,1,0,22.0,32.0,56.0,21.0,17.0,5.0,480.0,30.0,20.0,30.0,50.0,13,2011-01-10,3,9,1,2011,1,10
781,7,1,0,-23.0,63.0,126.0,63.0,86.0,57.0,435.0,-10.0,60.0,60.0,120.0,5,2010-01-01,1,2,1,2010,1,1
781,7,1,0,-4.0,67.0,110.0,44.0,65.0,40.0,543.0,10.0,40.0,60.0,100.0,5,2011-01-06,1,2,1,2011,1,6
781,7,1,0,18.0,73.0,132.0,59.0,55.0,22.0,331.0,30.0,40.0,60.0,100.0,9,2010-01-02,2,10,0,2010,1,2
781,7,1,0,12.0,64.0,115.0,51.0,52.0,19.0,396.0,20.0,30.0,50.0,80.0,9,2010-01-06,2,10,0,2010,1,6
781,7,1,0,13.0,66.0,120.0,54.0,53.0,20.0,404.0,20.0,30.0,30.0,60.0,9,2010-01-10,2,10,0,2010,1,10
781,7,1,0,26.0,72.0,145.0,58.0,58.0,22.0,338.0,30.0,40.0,60.0,100.0,9,2011-01-01,2,10,0,2011,1,1
781,7,1,0,24.0,71.0,137.0,58.0,55.0,22.0,325.0,30.0,40.0,60.0,100.0,9,2011-01-03,2,10,0,2011,1,3
781,7,1,0,17.0,64.0,114.0,51.0,48.0,19.0,396.0,20.0,30.0,50.0,80.0,9,2011-01-06,2,10,0,2011,1,6
781,7,1,0,26.0,45.0,75.0,30.0,19.0,8.0,820.0,40.0,30.0,50.0,80.0,11,2010-01-04,3,5,1,2010,1,4
781,7,1,0,19.0,36.0,60.0,24.0,17.0,6.0,856.0,30.0,20.0,40.0,60.0,11,2010-01-06,3,5,1,2010,1,6
781,7,1,0,45.0,48.0,90.0,32.0,20.0,8.0,821.0,40.0,30.0,50.0,80.0,11,2011-01-01,3,5,1,2011,1,1
781,7,1,0,87.0,155.0,310.0,155.0,68.0,43.0,1280.0,100.0,140.0,160.0,300.0,7,2010-01-09,1,12,1,2010,1,9
781,7,1,0,92.0,161.0,322.0,161.0,69.0,45.0,1267.0,120.0,140.0,160.0,300.0,7,2010-01-10,1,12,1,2010,1,10
781,7,1,0,116.0,149.0,295.0,149.0,60.0,41.0,1156.0,100.0,140.0,150.0,290.0,7,2011-01-05,1,12,1,2011,1,5
786,3,1,0,93.0,119.0,210.0,78.0,56.0,25.0,798.0,60.0,70.0,100.0,170.0,2,2011-01-11,0,4,1,2011,1,11
786,3,1,0,17.0,132.0,227.0,95.0,115.0,86.0,554.0,30.0,90.0,130.0,220.0,5,2010-01-04,1,2,1,2010,1,4
786,3,1,0,17.0,129.0,221.0,92.0,112.0,83.0,599.0,40.0,80.0,130.0,210.0,5,2010-01-05,1,2,1,2010,1,5
786,3,1,0,25.0,154.0,264.0,110.0,129.0,100.0,665.0,40.0,100.0,150.0,250.0,5,2010-01-06,1,2,1,2010,1,6
786,3,1,0,86.0,117.0,202.0,87.0,51.0,28.0,472.0,70.0,80.0,110.0,190.0,6,2011-01-05,1,6,0,2011,1,5
786,3,1,0,48.0,62.0,109.0,48.0,25.0,15.0,599.0,30.0,30.0,50.0,80.0,8,2011-01-05,2,3,0,2011,1,5
786,3,1,0,25.0,39.0,68.0,30.0,20.0,9.0,581.0,20.0,20.0,30.0,50.0,8,2011-01-08,2,3,0,2011,1,8
786,3,1,0,24.0,70.0,134.0,56.0,54.0,21.0,385.0,20.0,30.0,30.0,60.0,9,2011-01-10,2,10,0,2011,1,10
786,3,1,0,68.0,96.0,175.0,81.0,44.0,25.0,1046.0,40.0,60.0,70.0,130.0,10,2011-01-06,2,11,0,2011,1,6
786,3,1,0,28.0,48.0,80.0,32.0,20.0,8.0,817.0,40.0,30.0,50.0,80.0,11,2010-01-02,3,5,1,2010,1,2
801,17,3,1,47.0,92.0,170.0,78.0,45.0,24.0,965.0,80.0,90.0,120.0,210.0,1,2010-01-01,0,0,1,2010,1,1
801,17,3,1,24.0,60.0,110.0,50.0,36.0,15.0,1064.0,40.0,60.0,70.0,130.0,1,2010-01-08,0,0,1,2010,1,8
801,17,3,1,33.0,74.0,136.0,62.0,41.0,19.0,1059.0,70.0,70.0,100.0,170.0,1,2010-01-09,0,0,1,2010,1,9
801,17,3,1,39.0,81.0,150.0,69.0,42.0,21.0,1060.0,50.0,80.0,90.0,170.0,1,2010-01-11,0,0,1,2010,1,11
801,17,3,1,73.0,92.0,190.0,78.0,47.0,24.0,965.0,80.0,90.0,120.0,210.0,1,2011-01-01,0,0,1,2011,1,1
801,17,3,1,68.0,90.0,176.0,75.0,44.0,23.0,956.0,70.0,90.0,110.0,200.0,1,2011-01-02,0,0,1,2011,1,2
801,17,3,1,70.0,91.0,178.0,76.0,44.0,23.0,965.0,70.0,90.0,110.0,200.0,1,2011-01-04,0,0,1,2011,1,4
801,17,3,1,44.0,72.0,131.0,60.0,37.0,18.0,1070.0,60.0,70.0,90.0,160.0,1,2011-01-07,0,0,1,2011,1,7
801,17,3,1,26.0,71.0,124.0,53.0,45.0,17.0,299.0,60.0,60.0,90.0,150.0,2,2010-01-03,0,4,1,2010,1,3
801,17,3,1,19.0,62.0,108.0,46.0,43.0,15.0,367.0,50.0,50.0,80.0,130.0,2,2010-01-06,0,4,1,2010,1,6
801,17,3,1,16.0,57.0,100.0,43.0,41.0,14.0,388.0,40.0,50.0,70.0,120.0,2,2010-01-07,0,4,1,2010,1,7
801,17,3,1,21.0,65.0,114.0,49.0,44.0,16.0,392.0,50.0,50.0,80.0,130.0,2,2010-01-12,0,4,1,2010,1,12
801,17,3,1,39.0,71.0,132.0,53.0,45.0,17.0,299.0,60.0,60.0,90.0,150.0,2,2011-01-03,0,4,1,2011,1,3
801,17,3,1,33.0,65.0,120.0,48.0,43.0,15.0,380.0,50.0,60.0,80.0,140.0,2,2011-01-09,0,4,1,2011,1,9
801,17,3,1,39.0,105.0,190.0,85.0,66.0,32.0,494.0,70.0,100.0,130.0,230.0,3,2010-01-01,0,7,0,2010,1,1
801,17,3,1,24.0,83.0,150.0,67.0,59.0,25.0,599.0,50.0,80.0,100.0,180.0,3,2010-01-09,0,7,0,2010,1,9
801,17,3,1,38.0,102.0,184.0,82.0,64.0,31.0,601.0,60.0,90.0,120.0,210.0,3,2010-01-11,0,7,0,2010,1,11
801,17,3,1,61.0,105.0,213.0,85.0,69.0,32.0,494.0,70.0,100.0,130.0,230.0,3,2011-01-01,0,7,0,2011,1,1
801,17,3,1,50.0,98.0,190.0,80.0,64.0,30.0,494.0,70.0,100.0,120.0,220.0,3,2011-01-04,0,7,0,2011,1,4
801,17,3,1,37.0,88.0,159.0,72.0,57.0,27.0,606.0,60.0,90.0,110.0,200.0,3,2011-01-08,0,7,0,2011,1,8
801,17,3,1,39.0,85.0,163.0,68.0,59.0,25.0,619.0,50.0,80.0,100.0,180.0,3,2011-01-12,0,7,0,2011,1,12
801,17,3,1,-3.0,42.0,76.0,34.0,45.0,12.0,182.0,10.0,20.0,30.0,50.0,13,2010-01-05,3,9,1,2010,1,5
801,17,3,1,-3.0,42.0,76.0,34.0,45.0,12.0,211.0,0.0,20.0,30.0,50.0,13,2010-01-11,3,9,1,2010,1,11
801,17,3,1,-12.0,36.0,69.0,29.0,44.0,11.0,169.0,10.0,10.0,30.0,40.0,13,2011-01-04,3,9,1,2011,1,4
801,17,3,1,-4.0,42.0,75.0,34.0,42.0,12.0,182.0,10.0,20.0,30.0,50.0,13,2011-01-05,3,9,1,2011,1,5
801,17,3,1,35.0,63.0,112.0,49.0,28.0,16.0,617.0,40.0,40.0,60.0,100.0,5,2010-01-02,1,2,1,2010,1,2
801,17,3,1,34.0,62.0,110.0,48.0,28.0,15.0,611.0,40.0,40.0,60.0,100.0,5,2010-01-03,1,2,1,2010,1,3
801,17,3,1,37.0,67.0,119.0,52.0,30.0,17.0,605.0,50.0,40.0,70.0,110.0,5,2010-01-04,1,2,1,2010,1,4
801,17,3,1,32.0,60.0,106.0,46.0,28.0,15.0,587.0,40.0,40.0,60.0,100.0,5,2010-01-07,1,2,1,2010,1,7
801,17,3,1,62.0,99.0,176.0,77.0,37.0,25.0,581.0,60.0,70.0,90.0,160.0,5,2010-01-08,1,2,1,2010,1,8
801,17,3,1,87.0,133.0,236.0,103.0,46.0,33.0,564.0,110.0,80.0,130.0,210.0,5,2010-01-10,1,2,1,2010,1,10
801,17,3,1,50.0,62.0,117.0,48.0,28.0,15.0,611.0,40.0,40.0,60.0,100.0,5,2011-01-03,1,2,1,2011,1,3
801,17,3,1,48.0,63.0,110.0,48.0,26.0,15.0,593.0,40.0,40.0,60.0,100.0,5,2011-01-06,1,2,1,2011,1,6
801,17,3,1,83.0,90.0,169.0,69.0,34.0,22.0,572.0,60.0,60.0,90.0,150.0,5,2011-01-09,1,2,1,2011,1,9
801,17,3,1,126.0,130.0,246.0,101.0,45.0,33.0,552.0,90.0,90.0,130.0,220.0,5,2011-01-11,1,2,1,2011,1,11
801,17,3,1,31.0,52.0,87.0,35.0,21.0,9.0,894.0,40.0,30.0,50.0,80.0,6,2010-01-07,1,6,0,2010,1,7
801,17,3,1,21.0,55.0,93.0,38.0,34.0,12.0,241.0,30.0,30.0,50.0,80.0,8,2010-01-01,2,3,0,2010,1,1
801,17,3,1,49.0,90.0,151.0,61.0,41.0,19.0,322.0,60.0,50.0,80.0,130.0,8,2010-01-08,2,3,0,2010,1,8
801,17,3,1,33.0,71.0,120.0,49.0,38.0,15.0,310.0,60.0,30.0,60.0,90.0,8,2010-01-10,2,3,0,2010,1,10
801,17,3,1,30.0,67.0,113.0,46.0,37.0,14.0,316.0,30.0,40.0,60.0,100.0,8,2010-01-11,2,3,0,2010,1,11
801,17,3,1,50.0,72.0,129.0,49.0,38.0,15.0,241.0,30.0,40.0,60.0,100.0,8,2011-01-04,2,3,0,2011,1,4
801,17,3,1,50.0,71.0,128.0,49.0,37.0,15.0,315.0,40.0,40.0,60.0,100.0,8,2011-01-09,2,3,0,2011,1,9
801,17,3,1,49.0,71.0,128.0,49.0,38.0,15.0,310.0,60.0,30.0,60.0,90.0,8,2011-01-10,2,3,0,2011,1,10
801,17,3,1,28.0,74.0,122.0,48.0,46.0,15.0,462.0,40.0,40.0,70.0,110.0,9,2010-01-12,2,10,0,2010,1,12
801,17,3,1,58.0,94.0,155.0,62.0,48.0,20.0,436.0,50.0,50.0,80.0,130.0,9,2011-01-06,2,10,0,2011,1,6
801,17,3,1,-32.0,18.0,106.0,88.0,50.0,27.0,715.0,-20.0,70.0,20.0,90.0,10,2010-01-03,2,11,0,2010,1,3
801,17,3,1,-12.0,49.0,169.0,120.0,61.0,37.0,1334.0,-10.0,100.0,40.0,140.0,10,2010-01-07,2,11,0,2010,1,7
801,17,3,1,-41.0,19.0,139.0,120.0,60.0,37.0,1439.0,-30.0,100.0,20.0,120.0,10,2010-01-08,2,11,0,2010,1,8
801,17,3,1,-45.0,11.0,115.0,104.0,56.0,32.0,1574.0,-20.0,80.0,20.0,100.0,10,2010-01-09,2,11,0,2010,1,9
801,17,3,1,-8.0,40.0,122.0,82.0,48.0,25.0,1804.0,0.0,70.0,40.0,110.0,10,2010-01-11,2,11,0,2010,1,11
801,17,3,1,-47.0,18.0,113.0,88.0,50.0,27.0,715.0,-20.0,70.0,20.0,90.0,10,2011-01-03,2,11,0,2011,1,3
801,17,3,1,-21.0,38.0,135.0,98.0,49.0,30.0,973.0,-10.0,80.0,30.0,110.0,10,2011-01-05,2,11,0,2011,1,5
801,17,3,1,-17.0,49.0,167.0,120.0,57.0,37.0,1334.0,-10.0,100.0,40.0,140.0,10,2011-01-07,2,11,0,2011,1,7
801,17,3,1,-57.0,19.0,138.0,120.0,56.0,37.0,1439.0,-30.0,100.0,20.0,120.0,10,2011-01-08,2,11,0,2011,1,8
801,17,3,1,-7.0,63.0,107.0,44.0,70.0,40.0,251.0,10.0,20.0,50.0,70.0,11,2010-01-03,3,5,1,2010,1,3
801,17,3,1,-3.0,73.0,125.0,52.0,76.0,47.0,313.0,0.0,30.0,50.0,80.0,11,2010-01-06,3,5,1,2010,1,6
801,17,3,1,2.0,88.0,151.0,63.0,86.0,57.0,332.0,10.0,40.0,60.0,100.0,11,2010-01-08,3,5,1,2010,1,8
801,17,3,1,-6.0,64.0,109.0,45.0,70.0,41.0,320.0,20.0,10.0,40.0,50.0,11,2010-01-10,3,5,1,2010,1,10
801,17,3,1,-10.0,61.0,111.0,43.0,68.0,39.0,256.0,10.0,20.0,50.0,70.0,11,2011-01-02,3,5,1,2011,1,2
801,17,3,1,0.0,82.0,140.0,59.0,76.0,53.0,338.0,10.0,30.0,60.0,90.0,11,2011-01-07,3,5,1,2011,1,7
801,17,3,1,-10.0,62.0,113.0,44.0,69.0,40.0,325.0,10.0,20.0,50.0,70.0,11,2011-01-09,3,5,1,2011,1,9
801,17,3,1,14.0,55.0,96.0,41.0,41.0,13.0,239.0,20.0,20.0,40.0,60.0,12,2010-01-06,3,8,1,2010,1,6
801,17,3,1,12.0,52.0,91.0,39.0,40.0,12.0,248.0,20.0,20.0,40.0,60.0,12,2010-01-09,3,8,1,2010,1,9
801,17,3,1,12.0,51.0,89.0,38.0,39.0,12.0,256.0,10.0,20.0,40.0,60.0,12,2010-01-12,3,8,1,2010,1,12
801,17,3,1,14.0,47.0,92.0,35.0,40.0,11.0,196.0,10.0,20.0,30.0,50.0,12,2011-01-01,3,8,1,2011,1,1
801,17,3,1,13.0,47.0,87.0,35.0,38.0,11.0,191.0,10.0,20.0,30.0,50.0,12,2011-01-02,3,8,1,2011,1,2
801,17,3,1,15.0,49.0,91.0,36.0,39.0,11.0,187.0,10.0,20.0,30.0,50.0,12,2011-01-03,3,8,1,2011,1,3
801,17,3,1,16.0,51.0,94.0,37.0,40.0,12.0,195.0,10.0,20.0,30.0,50.0,12,2011-01-04,3,8,1,2011,1,4
801,17,3,1,23.0,59.0,102.0,44.0,39.0,14.0,258.0,30.0,20.0,50.0,70.0,12,2011-01-07,3,8,1,2011,1,7
801,17,3,1,36.0,57.0,96.0,39.0,21.0,10.0,845.0,50.0,30.0,60.0,90.0,4,2010-01-07,1,1,1,2010,1,7
801,17,3,1,28.0,48.0,80.0,32.0,20.0,8.0,841.0,30.0,30.0,40.0,70.0,4,2010-01-08,1,1,1,2010,1,8
801,17,3,1,28.0,47.0,79.0,32.0,19.0,8.0,833.0,40.0,20.0,40.0,60.0,4,2010-01-10,1,1,1,2010,1,10
801,17,3,1,67.0,70.0,126.0,48.0,25.0,13.0,766.0,50.0,40.0,70.0,110.0,4,2011-01-03,1,1,1,2011,1,3
805,0,3,0,-116.0,-21.0,105.0,127.0,59.0,40.0,1215.0,-80.0,160.0,-30.0,130.0,1,2011-01-05,0,0,1,2011,1,5
805,0,3,0,357.0,534.0,890.0,356.0,177.0,124.0,2476.0,500.0,440.0,670.0,1110.0,2,2010-01-06,0,4,1,2010,1,6
805,0,3,0,26.0,173.0,298.0,125.0,147.0,113.0,729.0,30.0,120.0,160.0,280.0,5,2010-01-04,1,2,1,2010,1,4
805,0,3,0,40.0,173.0,318.0,125.0,146.0,113.0,898.0,50.0,110.0,160.0,270.0,5,2011-01-10,1,2,1,2011,1,10
805,0,3,0,139.0,185.0,312.0,127.0,46.0,35.0,1007.0,150.0,100.0,170.0,270.0,8,2010-01-07,2,3,0,2010,1,7
805,0,3,0,183.0,277.0,512.0,235.0,94.0,72.0,1060.0,180.0,200.0,250.0,450.0,9,2010-01-05,2,10,0,2010,1,5
805,0,3,0,62.0,100.0,178.0,78.0,38.0,25.0,593.0,60.0,60.0,90.0,150.0,10,2010-01-04,2,11,0,2010,1,4
805,0,3,0,67.0,107.0,190.0,83.0,40.0,27.0,584.0,60.0,70.0,90.0,160.0,10,2010-01-05,2,11,0,2010,1,5
805,0,3,0,29.0,56.0,99.0,43.0,27.0,14.0,531.0,30.0,40.0,50.0,90.0,10,2010-01-12,2,11,0,2010,1,12
805,0,3,0,96.0,132.0,223.0,91.0,36.0,25.0,777.0,80.0,60.0,90.0,150.0,11,2010-01-04,3,5,1,2010,1,4
805,0,3,0,157.0,144.0,259.0,99.0,38.0,27.0,766.0,90.0,60.0,100.0,160.0,11,2011-01-02,3,5,1,2011,1,2
805,0,3,0,184.0,178.0,298.0,123.0,42.0,34.0,941.0,100.0,80.0,120.0,200.0,11,2011-01-08,3,5,1,2011,1,8
805,0,3,0,190.0,172.0,309.0,118.0,44.0,33.0,930.0,110.0,80.0,130.0,210.0,11,2011-01-11,3,5,1,2011,1,11
806,16,2,0,68.0,107.0,190.0,83.0,39.0,27.0,574.0,100.0,100.0,130.0,230.0,3,2010-01-06,0,7,0,2010,1,6
806,16,2,0,98.0,112.0,197.0,87.0,38.0,28.0,564.0,110.0,100.0,140.0,240.0,3,2011-01-07,0,7,0,2011,1,7
806,16,2,0,62.0,74.0,141.0,58.0,32.0,19.0,548.0,70.0,70.0,90.0,160.0,3,2011-01-09,0,7,0,2011,1,9
806,16,2,0,46.0,68.0,121.0,46.0,37.0,14.0,424.0,30.0,40.0,60.0,100.0,9,2011-01-11,2,10,0,2011,1,11
806,16,2,0,83.0,108.0,201.0,72.0,58.0,23.0,558.0,50.0,60.0,90.0,150.0,4,2011-01-01,1,1,1,2011,1,1
806,16,2,0,88.0,114.0,201.0,75.0,55.0,24.0,-1050.0,40.0,50.0,90.0,140.0,4,2011-01-11,1,1,1,2011,1,11
813,3,1,0,106.0,126.0,235.0,84.0,61.0,27.0,651.0,70.0,80.0,110.0,190.0,2,2011-01-01,0,4,1,2011,1,1
813,3,1,0,122.0,186.0,320.0,134.0,64.0,41.0,690.0,110.0,120.0,160.0,280.0,3,2010-01-12,0,7,0,2010,1,12
813,3,1,0,47.0,72.0,121.0,49.0,25.0,13.0,767.0,60.0,50.0,80.0,130.0,13,2010-01-03,3,9,1,2010,1,3
813,3,1,0,22.0,130.0,239.0,94.0,115.0,85.0,694.0,20.0,90.0,120.0,210.0,5,2011-01-11,1,2,1,2011,1,11
813,3,1,0,80.0,108.0,200.0,80.0,54.0,26.0,415.0,70.0,70.0,110.0,180.0,6,2011-01-03,1,6,0,2011,1,3
813,3,1,0,18.0,39.0,69.0,30.0,21.0,9.0,581.0,20.0,20.0,30.0,50.0,8,2010-01-08,2,3,0,2010,1,8
813,3,1,0,40.0,84.0,155.0,71.0,44.0,22.0,950.0,50.0,50.0,70.0,120.0,10,2010-01-03,2,11,0,2010,1,3
813,3,1,0,59.0,84.0,165.0,71.0,44.0,22.0,950.0,50.0,50.0,70.0,120.0,10,2011-01-03,2,11,0,2011,1,3
813,3,1,0,26.0,45.0,75.0,30.0,19.0,8.0,882.0,30.0,30.0,40.0,70.0,11,2010-01-12,3,5,1,2010,1,12
815,4,0,0,167.0,278.0,478.0,200.0,111.0,66.0,1095.0,190.0,210.0,290.0,500.0,2,2010-01-06,0,4,1,2010,1,6
815,4,0,0,120.0,213.0,367.0,154.0,93.0,50.0,1132.0,160.0,150.0,220.0,370.0,2,2010-01-10,0,4,1,2010,1,10
815,4,0,0,139.0,239.0,412.0,173.0,100.0,57.0,1150.0,140.0,170.0,230.0,400.0,2,2010-01-11,0,4,1,2010,1,11
815,4,0,0,173.0,201.0,386.0,144.0,94.0,47.0,862.0,130.0,150.0,210.0,360.0,2,2011-01-01,0,4,1,2011,1,1
815,4,0,0,287.0,329.0,562.0,238.0,113.0,78.0,1190.0,230.0,250.0,340.0,590.0,2,2011-01-07,0,4,1,2011,1,7
815,4,0,0,178.0,213.0,391.0,154.0,93.0,50.0,1132.0,160.0,150.0,220.0,370.0,2,2011-01-10,0,4,1,2011,1,10
815,4,0,0,206.0,239.0,439.0,173.0,100.0,57.0,1150.0,140.0,170.0,230.0,400.0,2,2011-01-11,0,4,1,2011,1,11
815,4,0,0,115.0,176.0,298.0,122.0,61.0,39.0,789.0,160.0,110.0,190.0,300.0,3,2010-01-10,0,7,0,2010,1,10
815,4,0,0,106.0,165.0,278.0,113.0,59.0,36.0,803.0,110.0,110.0,160.0,270.0,3,2010-01-11,0,7,0,2010,1,11
815,4,0,0,151.0,158.0,285.0,109.0,56.0,34.0,585.0,120.0,110.0,170.0,280.0,3,2011-01-03,0,7,0,2011,1,3
815,4,0,0,186.0,204.0,342.0,141.0,64.0,45.0,764.0,160.0,140.0,220.0,360.0,3,2011-01-06,0,7,0,2011,1,6
815,4,0,0,171.0,176.0,318.0,122.0,61.0,39.0,789.0,160.0,110.0,190.0,300.0,3,2011-01-10,0,7,0,2011,1,10
815,4,0,0,224.0,341.0,598.0,257.0,117.0,84.0,1662.0,420.0,370.0,520.0,890.0,5,2010-01-10,1,2,1,2010,1,10
815,4,0,0,216.0,329.0,576.0,247.0,113.0,81.0,1744.0,320.0,310.0,420.0,730.0,5,2010-01-12,1,2,1,2010,1,12
815,4,0,0,298.0,311.0,581.0,234.0,110.0,77.0,1282.0,260.0,270.0,370.0,640.0,5,2011-01-02,1,2,1,2011,1,2
815,4,0,0,221.0,239.0,509.0,239.0,90.0,66.0,1464.0,200.0,270.0,290.0,560.0,6,2011-01-04,1,6,0,2011,1,4
815,4,0,0,232.0,266.0,527.0,266.0,91.0,74.0,1819.0,220.0,300.0,320.0,620.0,6,2011-01-07,1,6,0,2011,1,7
815,4,0,0,105.0,144.0,243.0,99.0,39.0,27.0,766.0,110.0,80.0,130.0,210.0,8,2010-01-02,2,3,0,2010,1,2
815,4,0,0,182.0,178.0,298.0,123.0,43.0,34.0,941.0,140.0,100.0,160.0,260.0,8,2011-01-08,2,3,0,2011,1,8
815,4,0,0,139.0,185.0,312.0,127.0,46.0,35.0,1007.0,150.0,100.0,170.0,270.0,10,2010-01-07,2,11,0,2010,1,7
815,4,0,0,116.0,157.0,265.0,108.0,41.0,30.0,971.0,120.0,80.0,130.0,210.0,10,2010-01-10,2,11,0,2010,1,10
815,4,0,0,147.0,137.0,247.0,95.0,38.0,26.0,809.0,100.0,80.0,120.0,200.0,10,2011-01-02,2,11,0,2011,1,2
815,4,0,0,157.0,145.0,261.0,100.0,39.0,28.0,822.0,110.0,80.0,130.0,210.0,10,2011-01-04,2,11,0,2011,1,4
815,4,0,0,172.0,157.0,282.0,108.0,41.0,30.0,971.0,120.0,80.0,130.0,210.0,10,2011-01-10,2,11,0,2011,1,10
815,4,0,0,84.0,117.0,198.0,81.0,33.0,22.0,441.0,80.0,60.0,110.0,170.0,11,2010-01-03,3,5,1,2010,1,3
815,4,0,0,83.0,117.0,198.0,81.0,34.0,22.0,460.0,80.0,60.0,110.0,170.0,11,2010-01-04,3,5,1,2010,1,4
815,4,0,0,99.0,136.0,230.0,94.0,37.0,26.0,608.0,90.0,80.0,120.0,200.0,11,2010-01-07,3,5,1,2010,1,7
815,4,0,0,84.0,118.0,199.0,81.0,34.0,22.0,588.0,80.0,60.0,110.0,170.0,11,2010-01-09,3,5,1,2010,1,9
815,4,0,0,116.0,111.0,199.0,76.0,33.0,21.0,580.0,80.0,50.0,80.0,130.0,11,2011-01-10,3,5,1,2011,1,10
815,4,0,0,44.0,96.0,160.0,64.0,52.0,21.0,593.0,50.0,50.0,90.0,140.0,12,2010-01-05,3,8,1,2010,1,5
815,4,0,0,31.0,79.0,131.0,52.0,48.0,17.0,668.0,30.0,40.0,70.0,110.0,12,2010-01-07,3,8,1,2010,1,7
815,4,0,0,84.0,108.0,201.0,72.0,57.0,23.0,558.0,40.0,60.0,90.0,150.0,12,2011-01-01,3,8,1,2011,1,1
815,4,0,0,79.0,108.0,192.0,72.0,55.0,23.0,541.0,40.0,60.0,90.0,150.0,12,2011-01-03,3,8,1,2011,1,3
815,4,0,0,41.0,79.0,130.0,52.0,46.0,17.0,662.0,30.0,40.0,70.0,110.0,12,2011-01-08,3,8,1,2011,1,8
815,4,0,0,82.0,110.0,194.0,72.0,55.0,23.0,650.0,50.0,50.0,80.0,130.0,12,2011-01-10,3,8,1,2011,1,10
816,8,0,1,35.0,98.0,177.0,79.0,63.0,30.0,593.0,70.0,70.0,100.0,170.0,2,2010-01-10,0,4,1,2010,1,10
816,8,0,1,46.0,90.0,165.0,75.0,44.0,23.0,956.0,60.0,70.0,100.0,170.0,3,2010-01-02,0,7,0,2010,1,2
816,8,0,1,24.0,60.0,110.0,50.0,36.0,15.0,1064.0,30.0,50.0,60.0,110.0,3,2010-01-08,0,7,0,2010,1,8
816,8,0,1,36.0,76.0,139.0,63.0,40.0,19.0,1075.0,40.0,60.0,70.0,130.0,3,2010-01-12,0,7,0,2010,1,12
816,8,0,1,50.0,74.0,145.0,62.0,40.0,19.0,1059.0,50.0,60.0,80.0,140.0,3,2011-01-09,0,7,0,2011,1,9
816,8,0,1,0.0,46.0,82.0,36.0,46.0,13.0,252.0,0.0,30.0,40.0,70.0,13,2010-01-07,3,9,1,2010,1,7
816,8,0,1,-6.0,42.0,85.0,34.0,48.0,12.0,197.0,0.0,20.0,40.0,60.0,13,2011-01-01,3,9,1,2011,1,1
816,8,0,1,0.0,46.0,81.0,36.0,43.0,13.0,236.0,0.0,30.0,40.0,70.0,13,2011-01-06,3,9,1,2011,1,6
816,8,0,1,41.0,64.0,108.0,44.0,23.0,12.0,886.0,50.0,50.0,70.0,120.0,5,2010-01-09,1,2,1,2010,1,9
816,8,0,1,36.0,58.0,97.0,39.0,22.0,10.0,799.0,50.0,40.0,70.0,110.0,6,2010-01-05,1,6,0,2010,1,5
816,8,0,1,40.0,46.0,82.0,31.0,19.0,8.0,844.0,50.0,30.0,60.0,90.0,6,2011-01-12,1,6,0,2011,1,12
816,8,0,1,-6.0,63.0,107.0,44.0,69.0,40.0,251.0,10.0,30.0,60.0,90.0,8,2010-01-03,2,3,0,2010,1,3
816,8,0,1,-1.0,82.0,141.0,59.0,83.0,53.0,338.0,10.0,50.0,70.0,120.0,8,2010-01-07,2,3,0,2010,1,7
816,8,0,1,-6.0,73.0,124.0,52.0,72.0,47.0,313.0,20.0,40.0,70.0,110.0,8,2011-01-06,2,3,0,2011,1,6
816,8,0,1,-47.0,18.0,113.0,88.0,50.0,27.0,715.0,-10.0,70.0,20.0,90.0,9,2011-01-03,2,10,0,2011,1,3
816,8,0,1,-57.0,19.0,138.0,120.0,56.0,37.0,1439.0,-20.0,100.0,20.0,120.0,9,2011-01-08,2,10,0,2011,1,8
816,8,0,1,9.0,47.0,82.0,35.0,38.0,11.0,191.0,10.0,30.0,40.0,70.0,11,2010-01-02,3,5,1,2010,1,2
816,8,0,1,19.0,60.0,105.0,45.0,41.0,14.0,253.0,30.0,30.0,60.0,90.0,11,2010-01-08,3,5,1,2010,1,8
816,8,0,1,19.0,55.0,95.0,41.0,38.0,13.0,239.0,20.0,30.0,50.0,80.0,11,2011-01-06,3,5,1,2011,1,6
816,8,0,1,1.0,49.0,89.0,40.0,48.0,15.0,219.0,0.0,30.0,40.0,70.0,12,2010-01-07,3,8,1,2010,1,7
816,8,0,1,1.0,49.0,88.0,40.0,45.0,15.0,219.0,0.0,30.0,40.0,70.0,12,2011-01-07,3,8,1,2011,1,7
816,8,0,1,-24.0,25.0,48.0,20.0,41.0,7.0,218.0,-10.0,10.0,20.0,30.0,12,2011-01-12,3,8,1,2011,1,12
817,16,2,0,253.0,277.0,507.0,235.0,87.0,72.0,1060.0,270.0,290.0,350.0,640.0,2,2011-01-05,0,4,1,2011,1,5
817,16,2,0,197.0,179.0,322.0,123.0,46.0,34.0,915.0,100.0,70.0,120.0,190.0,5,2011-01-10,1,2,1,2011,1,10
817,16,2,0,28.0,74.0,129.0,55.0,46.0,18.0,336.0,40.0,50.0,70.0,120.0,8,2010-01-04,2,3,0,2010,1,4
817,16,2,0,26.0,62.0,107.0,46.0,40.0,15.0,415.0,30.0,40.0,60.0,100.0,8,2011-01-08,2,3,0,2011,1,8
817,16,2,0,59.0,114.0,189.0,75.0,55.0,24.0,-1050.0,40.0,50.0,90.0,140.0,4,2010-01-11,1,1,1,2010,1,11
817,16,2,0,41.0,79.0,130.0,52.0,46.0,17.0,-587.0,40.0,40.0,70.0,110.0,4,2011-01-08,1,1,1,2011,1,8
818,0,3,0,-76.0,-13.0,110.0,123.0,63.0,39.0,964.0,-70.0,150.0,-20.0,130.0,1,2010-01-04,0,0,1,2010,1,4
818,0,3,0,-74.0,-13.0,109.0,122.0,61.0,39.0,2555.0,-60.0,170.0,-20.0,150.0,1,2010-01-10,0,0,1,2010,1,10
818,0,3,0,367.0,390.0,693.0,260.0,143.0,91.0,2548.0,470.0,380.0,580.0,960.0,2,2011-01-10,0,4,1,2011,1,10
818,0,3,0,-117.0,-26.0,122.0,148.0,91.0,48.0,1071.0,-110.0,180.0,-30.0,150.0,3,2010-01-02,0,7,0,2010,1,2
818,0,3,0,-209.0,-32.0,169.0,191.0,109.0,63.0,1564.0,-150.0,240.0,-50.0,190.0,3,2011-01-04,0,7,0,2011,1,4
818,0,3,0,-178.0,-24.0,147.0,162.0,96.0,53.0,3421.0,-120.0,200.0,-30.0,170.0,3,2011-01-09,0,7,0,2011,1,9
818,0,3,0,30.0,79.0,131.0,52.0,49.0,17.0,662.0,20.0,30.0,50.0,80.0,13,2010-01-08,3,9,1,2010,1,8
818,0,3,0,80.0,108.0,192.0,72.0,54.0,23.0,541.0,50.0,40.0,80.0,120.0,13,2011-01-03,3,9,1,2011,1,3
818,0,3,0,17.0,145.0,250.0,105.0,128.0,95.0,725.0,20.0,100.0,140.0,240.0,5,2010-01-01,1,2,1,2010,1,1
818,0,3,0,26.0,168.0,289.0,121.0,142.0,109.0,912.0,40.0,110.0,170.0,280.0,5,2010-01-11,1,2,1,2010,1,11
818,0,3,0,344.0,367.0,672.0,311.0,110.0,96.0,1296.0,240.0,260.0,330.0,590.0,9,2011-01-08,2,10,0,2011,1,8
818,0,3,0,64.0,74.0,141.0,58.0,31.0,19.0,548.0,50.0,40.0,70.0,110.0,10,2011-01-09,2,11,0,2011,1,9
818,0,3,0,167.0,266.0,532.0,266.0,99.0,74.0,1819.0,170.0,250.0,260.0,510.0,4,2010-01-07,1,1,1,2010,1,7
830,16,2,0,246.0,253.0,498.0,214.0,87.0,66.0,923.0,240.0,260.0,320.0,580.0,2,2011-01-03,0,4,1,2011,1,3
830,16,2,0,155.0,152.0,254.0,104.0,37.0,29.0,821.0,120.0,80.0,140.0,220.0,5,2011-01-05,1,2,1,2011,1,5
830,16,2,0,27.0,72.0,125.0,53.0,45.0,17.0,410.0,40.0,50.0,70.0,120.0,8,2010-01-09,2,3,0,2010,1,9
830,16,2,0,28.0,64.0,107.0,43.0,36.0,13.0,424.0,30.0,40.0,60.0,100.0,9,2010-01-09,2,10,0,2010,1,9
830,16,2,0,53.0,108.0,180.0,72.0,55.0,23.0,558.0,50.0,60.0,90.0,150.0,4,2010-01-01,1,1,1,2010,1,1
830,16,2,0,39.0,90.0,150.0,60.0,51.0,19.0,-718.0,40.0,50.0,70.0,120.0,4,2010-01-09,1,1,1,2010,1,9
831,0,3,0,220.0,335.0,587.0,252.0,115.0,83.0,1316.0,220.0,240.0,320.0,560.0,6,2010-01-04,1,6,0,2010,1,4
831,0,3,0,143.0,191.0,323.0,132.0,48.0,36.0,994.0,140.0,110.0,170.0,280.0,8,2010-01-08,2,3,0,2010,1,8
831,0,3,0,72.0,112.0,199.0,87.0,40.0,28.0,564.0,70.0,70.0,100.0,170.0,10,2010-01-07,2,11,0,2010,1,7
831,0,3,0,199.0,179.0,322.0,123.0,45.0,34.0,915.0,80.0,50.0,90.0,140.0,11,2011-01-10,3,5,1,2011,1,10
831,0,3,0,98.0,136.0,230.0,94.0,38.0,26.0,608.0,80.0,60.0,90.0,150.0,12,2010-01-07,3,8,1,2010,1,7
831,0,3,0,142.0,229.0,457.0,228.0,87.0,63.0,1436.0,150.0,210.0,220.0,430.0,4,2010-01-02,1,1,1,2010,1,2
832,16,2,0,161.0,247.0,456.0,209.0,86.0,64.0,969.0,230.0,260.0,310.0,570.0,2,2010-01-04,0,4,1,2010,1,4
832,16,2,0,142.0,132.0,238.0,91.0,36.0,25.0,777.0,100.0,70.0,120.0,190.0,5,2011-01-04,1,2,1,2011,1,4
832,16,2,0,98.0,136.0,230.0,94.0,38.0,26.0,608.0,90.0,80.0,110.0,190.0,6,2010-01-07,1,6,0,2010,1,7
832,16,2,0,125.0,117.0,211.0,81.0,33.0,22.0,460.0,90.0,60.0,110.0,170.0,6,2011-01-04,1,6,0,2011,1,4
832,16,2,0,24.0,68.0,118.0,50.0,44.0,16.0,397.0,40.0,40.0,70.0,110.0,8,2010-01-06,2,3,0,2010,1,6
832,16,2,0,48.0,102.0,170.0,68.0,54.0,22.0,9.0,50.0,50.0,90.0,140.0,4,2010-01-04,1,1,1,2010,1,4
832,16,2,0,55.0,110.0,182.0,72.0,55.0,23.0,-868.0,50.0,40.0,70.0,110.0,4,2010-01-10,1,1,1,2010,1,10
845,12,1,0,370.0,548.0,912.0,364.0,178.0,127.0,2654.0,370.0,340.0,520.0,860.0,2,2010-01-07,0,4,1,2010,1,7
845,12,1,0,368.0,546.0,910.0,364.0,178.0,127.0,2617.0,370.0,340.0,520.0,860.0,2,2010-01-08,0,4,1,2010,1,8
845,12,1,0,271.0,420.0,699.0,279.0,149.0,97.0,2642.0,250.0,250.0,370.0,620.0,2,2010-01-12,0,4,1,2010,1,12
845,12,1,0,79.0,112.0,189.0,77.0,33.0,21.0,449.0,90.0,80.0,120.0,200.0,13,2010-01-02,3,9,1,2010,1,2
845,12,1,0,145.0,145.0,243.0,100.0,37.0,28.0,598.0,130.0,100.0,160.0,260.0,13,2011-01-08,3,9,1,2011,1,8
845,12,1,0,-202.0,-56.0,69.0,125.0,146.0,113.0,3142.0,-170.0,110.0,-60.0,50.0,5,2010-01-10,1,2,1,2010,1,10
845,12,1,0,-309.0,-62.0,67.0,125.0,146.0,113.0,1118.0,-190.0,120.0,-60.0,60.0,5,2011-01-03,1,2,1,2011,1,3
845,12,1,0,-326.0,-72.0,71.0,144.0,153.0,131.0,1979.0,-210.0,130.0,-60.0,70.0,5,2011-01-06,1,2,1,2011,1,6
845,12,1,0,-332.0,-69.0,70.0,135.0,155.0,122.0,3641.0,-210.0,130.0,-70.0,60.0,5,2011-01-12,1,2,1,2011,1,12
845,12,1,0,129.0,258.0,513.0,255.0,129.0,96.0,1622.0,70.0,140.0,150.0,290.0,9,2010-01-10,2,10,0,2010,1,10
845,12,1,0,137.0,239.0,577.0,302.0,147.0,114.0,1518.0,90.0,220.0,200.0,420.0,9,2011-01-09,2,10,0,2011,1,9
845,12,1,0,-113.0,-27.0,180.0,207.0,86.0,64.0,965.0,-70.0,150.0,-10.0,140.0,10,2010-01-01,2,11,0,2010,1,1
845,12,1,0,-178.0,-33.0,192.0,213.0,87.0,66.0,1214.0,-80.0,160.0,-20.0,140.0,10,2011-01-02,2,11,0,2011,1,2
845,12,1,0,-353.0,-139.0,119.0,251.0,99.0,77.0,3948.0,-180.0,190.0,-110.0,80.0,10,2011-01-09,2,11,0,2011,1,9
845,12,1,0,157.0,145.0,261.0,100.0,39.0,28.0,981.0,130.0,100.0,160.0,260.0,11,2011-01-09,3,5,1,2011,1,9
845,12,1,0,121.0,163.0,276.0,113.0,42.0,31.0,897.0,140.0,110.0,180.0,290.0,12,2010-01-06,3,8,1,2010,1,6
847,4,0,0,163.0,271.0,467.0,196.0,108.0,64.0,1167.0,190.0,200.0,290.0,490.0,2,2010-01-08,0,4,1,2010,1,8
847,4,0,0,194.0,310.0,534.0,224.0,116.0,73.0,1191.0,190.0,220.0,300.0,520.0,2,2010-01-12,0,4,1,2010,1,12
847,4,0,0,95.0,150.0,254.0,104.0,55.0,33.0,596.0,100.0,110.0,150.0,260.0,3,2010-01-02,0,7,0,2010,1,2
847,4,0,0,168.0,185.0,309.0,127.0,59.0,40.0,671.0,140.0,130.0,190.0,320.0,3,2011-01-05,0,7,0,2011,1,5
847,4,0,0,207.0,222.0,373.0,154.0,67.0,49.0,833.0,170.0,160.0,230.0,390.0,3,2011-01-07,0,7,0,2011,1,7
847,4,0,0,171.0,176.0,318.0,122.0,61.0,39.0,801.0,140.0,120.0,190.0,310.0,3,2011-01-09,0,7,0,2011,1,9
847,4,0,0,157.0,165.0,296.0,113.0,59.0,36.0,803.0,110.0,110.0,160.0,270.0,3,2011-01-11,0,7,0,2011,1,11
847,4,0,0,167.0,266.0,532.0,266.0,99.0,74.0,1797.0,220.0,300.0,320.0,620.0,6,2010-01-08,1,6,0,2010,1,8
847,4,0,0,129.0,212.0,423.0,211.0,83.0,59.0,1778.0,200.0,270.0,270.0,540.0,6,2010-01-11,1,6,0,2010,1,11
847,4,0,0,230.0,266.0,527.0,266.0,92.0,74.0,1797.0,220.0,300.0,320.0,620.0,6,2011-01-08,1,6,0,2011,1,8
847,4,0,0,191.0,212.0,451.0,211.0,83.0,59.0,1778.0,200.0,270.0,270.0,540.0,6,2011-01-11,1,6,0,2011,1,11
847,4,0,0,141.0,132.0,238.0,91.0,37.0,25.0,777.0,100.0,70.0,120.0,190.0,8,2011-01-04,2,3,0,2011,1,4
847,4,0,0,39.0,68.0,120.0,52.0,29.0,17.0,554.0,40.0,40.0,60.0,100.0,9,2010-01-08,2,10,0,2010,1,8
847,4,0,0,99.0,137.0,232.0,95.0,38.0,26.0,809.0,100.0,80.0,120.0,200.0,10,2010-01-02,2,11,0,2010,1,2
847,4,0,0,88.0,124.0,210.0,86.0,36.0,24.0,499.0,80.0,70.0,110.0,180.0,11,2010-01-05,3,5,1,2010,1,5
847,4,0,0,48.0,73.0,123.0,50.0,25.0,14.0,589.0,40.0,40.0,60.0,100.0,11,2010-01-11,3,5,1,2010,1,11
847,4,0,0,121.0,124.0,208.0,86.0,33.0,24.0,499.0,80.0,70.0,110.0,180.0,11,2011-01-05,3,5,1,2011,1,5
847,4,0,0,55.0,110.0,182.0,72.0,55.0,23.0,650.0,50.0,50.0,80.0,130.0,12,2010-01-10,3,8,1,2010,1,10
850,3,1,0,104.0,172.0,286.0,114.0,68.0,37.0,810.0,120.0,100.0,170.0,270.0,2,2010-01-08,0,4,1,2010,1,8
850,3,1,0,108.0,134.0,237.0,88.0,61.0,29.0,653.0,90.0,80.0,130.0,210.0,2,2011-01-04,0,4,1,2011,1,4
850,3,1,0,105.0,164.0,282.0,118.0,59.0,36.0,636.0,100.0,110.0,150.0,260.0,3,2010-01-06,0,7,0,2010,1,6
850,3,1,0,65.0,68.0,123.0,47.0,24.0,13.0,772.0,60.0,40.0,80.0,120.0,13,2011-01-02,3,9,1,2011,1,2
850,3,1,0,24.0,128.0,234.0,92.0,112.0,83.0,541.0,40.0,80.0,130.0,210.0,5,2011-01-02,1,2,1,2011,1,2
850,3,1,0,25.0,132.0,242.0,95.0,115.0,86.0,554.0,30.0,90.0,130.0,220.0,5,2011-01-04,1,2,1,2011,1,4
850,3,1,0,23.0,129.0,219.0,92.0,104.0,83.0,599.0,40.0,80.0,130.0,210.0,5,2011-01-05,1,2,1,2011,1,5
850,3,1,0,73.0,132.0,231.0,99.0,59.0,32.0,565.0,80.0,90.0,130.0,220.0,6,2010-01-08,1,6,0,2010,1,8
850,3,1,0,53.0,62.0,123.0,48.0,29.0,15.0,623.0,30.0,30.0,50.0,80.0,8,2011-01-01,2,3,0,2011,1,1
850,3,1,0,16.0,70.0,126.0,56.0,54.0,21.0,385.0,20.0,30.0,30.0,60.0,9,2010-01-10,2,10,0,2010,1,10
850,3,1,0,42.0,84.0,154.0,70.0,42.0,21.0,957.0,50.0,50.0,70.0,120.0,10,2010-01-02,2,11,0,2010,1,2
850,3,1,0,58.0,82.0,161.0,69.0,43.0,21.0,965.0,40.0,50.0,60.0,110.0,10,2011-01-04,2,11,0,2011,1,4
850,3,1,0,97.0,123.0,224.0,103.0,49.0,31.0,1073.0,70.0,70.0,100.0,170.0,10,2011-01-08,2,11,0,2011,1,8
850,3,1,0,35.0,56.0,94.0,38.0,21.0,10.0,871.0,50.0,40.0,60.0,100.0,11,2010-01-10,3,5,1,2010,1,10
850,3,1,0,42.0,48.0,85.0,32.0,20.0,8.0,817.0,40.0,30.0,50.0,80.0,11,2011-01-02,3,5,1,2011,1,2
857,7,1,0,348.0,402.0,474.0,72.0,54.0,23.0,-3004.0,330.0,50.0,350.0,400.0,2,2010-01-10,0,4,1,2010,1,10
857,7,1,0,505.0,395.0,501.0,75.0,55.0,24.0,235.0,330.0,70.0,370.0,440.0,2,2011-01-02,0,4,1,2011,1,2
857,7,1,0,516.0,402.0,505.0,72.0,54.0,23.0,-3004.0,330.0,50.0,350.0,400.0,2,2011-01-10,0,4,1,2011,1,10
857,7,1,0,481.0,379.0,484.0,75.0,55.0,24.0,-3287.0,300.0,60.0,340.0,400.0,2,2011-01-11,0,4,1,2011,1,11
857,7,1,0,15.0,32.0,53.0,21.0,17.0,5.0,449.0,20.0,20.0,30.0,50.0,13,2010-01-03,3,9,1,2010,1,3
857,7,1,0,25.0,44.0,73.0,29.0,19.0,8.0,490.0,30.0,30.0,40.0,70.0,13,2010-01-12,3,9,1,2010,1,12
857,7,1,0,-46.0,46.0,104.0,52.0,77.0,47.0,520.0,-10.0,40.0,50.0,90.0,5,2011-01-09,1,2,1,2011,1,9
857,7,1,0,12.0,65.0,118.0,53.0,53.0,20.0,361.0,20.0,40.0,50.0,90.0,9,2010-01-05,2,10,0,2010,1,5
857,7,1,0,6.0,57.0,102.0,45.0,51.0,17.0,409.0,10.0,30.0,40.0,70.0,9,2010-01-09,2,10,0,2010,1,9
857,7,1,0,22.0,69.0,132.0,55.0,54.0,20.0,410.0,20.0,40.0,50.0,90.0,9,2011-01-11,2,10,0,2011,1,11
857,7,1,0,22.0,42.0,71.0,29.0,20.0,8.0,835.0,30.0,30.0,40.0,70.0,11,2010-01-05,3,5,1,2010,1,5
857,7,1,0,26.0,36.0,59.0,24.0,16.0,6.0,856.0,30.0,20.0,40.0,60.0,11,2011-01-06,3,5,1,2011,1,6
857,7,1,0,113.0,146.0,288.0,145.0,60.0,40.0,1292.0,100.0,130.0,150.0,280.0,7,2011-01-08,1,12,1,2011,1,8
857,7,1,0,129.0,153.0,326.0,153.0,66.0,42.0,1319.0,80.0,150.0,140.0,290.0,7,2011-01-12,1,12,1,2011,1,12
858,0,3,0,-192.0,-67.0,86.0,154.0,67.0,49.0,2105.0,-150.0,190.0,-90.0,100.0,1,2011-01-08,0,0,1,2011,1,8
858,0,3,0,384.0,405.0,719.0,270.0,146.0,94.0,2041.0,370.0,340.0,500.0,840.0,2,2011-01-03,0,4,1,2011,1,3
858,0,3,0,58.0,114.0,189.0,75.0,56.0,24.0,549.0,50.0,40.0,80.0,120.0,13,2010-01-02,3,9,1,2010,1,2
858,0,3,0,80.0,112.0,189.0,77.0,32.0,21.0,449.0,60.0,50.0,70.0,120.0,12,2010-01-02,3,8,1,2010,1,2
860,2,1,1,91.0,155.0,258.0,103.0,64.0,33.0,1130.0,110.0,90.0,150.0,240.0,2,2010-01-09,0,4,1,2010,1,9
860,2,1,1,115.0,188.0,313.0,125.0,73.0,41.0,1119.0,130.0,100.0,160.0,260.0,2,2010-01-10,0,4,1,2010,1,10
860,2,1,1,180.0,195.0,346.0,130.0,74.0,42.0,945.0,130.0,120.0,180.0,300.0,2,2011-01-02,0,4,1,2011,1,2
860,2,1,1,169.0,186.0,329.0,123.0,72.0,40.0,932.0,130.0,110.0,180.0,290.0,2,2011-01-03,0,4,1,2011,1,3
860,2,1,1,18.0,37.0,62.0,25.0,19.0,7.0,769.0,30.0,20.0,40.0,60.0,13,2010-01-03,3,9,1,2010,1,3
860,2,1,1,15.0,31.0,51.0,20.0,16.0,5.0,814.0,20.0,20.0,30.0,50.0,13,2010-01-07,3,9,1,2010,1,7
860,2,1,1,17.0,34.0,57.0,23.0,17.0,6.0,809.0,30.0,20.0,40.0,60.0,13,2010-01-09,3,9,1,2010,1,9
860,2,1,1,23.0,34.0,56.0,23.0,16.0,6.0,787.0,30.0,20.0,40.0,60.0,13,2011-01-05,3,9,1,2011,1,5
860,2,1,1,21.0,31.0,51.0,20.0,15.0,5.0,814.0,20.0,20.0,30.0,50.0,13,2011-01-07,3,9,1,2011,1,7
860,2,1,1,7.0,105.0,180.0,75.0,98.0,68.0,522.0,20.0,70.0,100.0,170.0,5,2010-01-01,1,2,1,2010,1,1
860,2,1,1,3.0,90.0,155.0,65.0,87.0,58.0,513.0,20.0,60.0,90.0,150.0,5,2010-01-02,1,2,1,2010,1,2
860,2,1,1,0.0,87.0,150.0,63.0,87.0,57.0,506.0,10.0,60.0,80.0,140.0,5,2010-01-03,1,2,1,2010,1,3
860,2,1,1,0.0,87.0,150.0,63.0,87.0,57.0,521.0,10.0,60.0,80.0,140.0,5,2010-01-04,1,2,1,2010,1,4
860,2,1,1,-5.0,66.0,113.0,47.0,71.0,42.0,622.0,20.0,40.0,70.0,110.0,5,2010-01-07,1,2,1,2010,1,7
860,2,1,1,-8.0,61.0,105.0,44.0,69.0,39.0,617.0,10.0,40.0,60.0,100.0,5,2010-01-08,1,2,1,2010,1,8
860,2,1,1,-3.0,75.0,127.0,53.0,72.0,48.0,597.0,10.0,50.0,70.0,120.0,5,2011-01-06,1,2,1,2011,1,6
860,2,1,1,26.0,71.0,124.0,53.0,45.0,17.0,299.0,40.0,50.0,70.0,120.0,6,2010-01-03,1,6,0,2010,1,3
860,2,1,1,23.0,65.0,113.0,48.0,42.0,15.0,380.0,40.0,40.0,70.0,110.0,6,2010-01-09,1,6,0,2010,1,9
860,2,1,1,21.0,64.0,111.0,47.0,43.0,15.0,375.0,50.0,30.0,60.0,90.0,6,2010-01-10,1,6,0,2010,1,10
860,2,1,1,26.0,71.0,124.0,53.0,45.0,17.0,380.0,40.0,50.0,70.0,120.0,6,2010-01-11,1,6,0,2010,1,11
860,2,1,1,36.0,68.0,127.0,51.0,44.0,16.0,311.0,40.0,40.0,70.0,110.0,6,2011-01-04,1,6,0,2011,1,4
860,2,1,1,30.0,65.0,112.0,48.0,40.0,15.0,334.0,40.0,40.0,70.0,110.0,6,2011-01-05,1,6,0,2011,1,5
860,2,1,1,22.0,57.0,99.0,43.0,38.0,14.0,388.0,20.0,40.0,50.0,90.0,6,2011-01-07,1,6,0,2011,1,7
860,2,1,1,40.0,105.0,190.0,85.0,65.0,32.0,494.0,40.0,60.0,80.0,140.0,9,2010-01-01,2,10,0,2010,1,1
860,2,1,1,33.0,96.0,173.0,77.0,63.0,29.0,529.0,40.0,50.0,80.0,130.0,9,2010-01-05,2,10,0,2010,1,5
860,2,1,1,28.0,88.0,160.0,72.0,60.0,27.0,606.0,30.0,50.0,70.0,120.0,9,2010-01-08,2,10,0,2010,1,8
860,2,1,1,38.0,102.0,184.0,82.0,64.0,31.0,601.0,30.0,60.0,70.0,130.0,9,2010-01-11,2,10,0,2010,1,11
860,2,1,1,62.0,105.0,213.0,85.0,68.0,32.0,494.0,40.0,60.0,80.0,140.0,9,2011-01-01,2,10,0,2011,1,1
860,2,1,1,44.0,93.0,167.0,76.0,57.0,28.0,580.0,40.0,50.0,80.0,130.0,9,2011-01-06,2,10,0,2011,1,6
860,2,1,1,44.0,93.0,167.0,76.0,57.0,28.0,613.0,40.0,50.0,80.0,130.0,9,2011-01-07,2,10,0,2011,1,7
860,2,1,1,40.0,85.0,163.0,68.0,58.0,25.0,619.0,20.0,50.0,60.0,110.0,9,2011-01-12,2,10,0,2011,1,12
860,2,1,1,46.0,90.0,165.0,75.0,44.0,23.0,956.0,50.0,50.0,70.0,120.0,10,2010-01-02,2,11,0,2010,1,2
860,2,1,1,46.0,91.0,167.0,76.0,45.0,23.0,965.0,60.0,50.0,80.0,130.0,10,2010-01-04,2,11,0,2010,1,4
860,2,1,1,35.0,77.0,142.0,65.0,42.0,20.0,1053.0,50.0,30.0,50.0,80.0,10,2010-01-10,2,11,0,2010,1,10
860,2,1,1,73.0,92.0,190.0,78.0,47.0,24.0,965.0,50.0,50.0,80.0,130.0,10,2011-01-01,2,11,0,2011,1,1
860,2,1,1,42.0,65.0,109.0,44.0,23.0,12.0,844.0,50.0,40.0,70.0,110.0,11,2010-01-05,3,5,1,2010,1,5
860,2,1,1,36.0,59.0,99.0,40.0,23.0,11.0,881.0,50.0,40.0,60.0,100.0,11,2010-01-10,3,5,1,2010,1,10
860,2,1,1,47.0,73.0,123.0,50.0,26.0,14.0,898.0,50.0,50.0,70.0,120.0,11,2010-01-12,3,5,1,2010,1,12
860,2,1,1,70.0,72.0,129.0,49.0,25.0,13.0,809.0,60.0,50.0,80.0,130.0,11,2011-01-03,3,5,1,2011,1,3
860,2,1,1,61.0,64.0,115.0,44.0,23.0,12.0,886.0,50.0,40.0,70.0,110.0,11,2011-01-09,3,5,1,2011,1,9
860,2,1,1,76.0,78.0,141.0,54.0,27.0,15.0,885.0,60.0,50.0,80.0,130.0,11,2011-01-11,3,5,1,2011,1,11
863,3,1,0,110.0,125.0,228.0,89.0,51.0,27.0,481.0,80.0,80.0,120.0,200.0,3,2011-01-03,0,7,0,2011,1,3
863,3,1,0,138.0,159.0,271.0,114.0,55.0,35.0,555.0,100.0,100.0,150.0,250.0,3,2011-01-05,0,7,0,2011,1,5
863,3,1,0,46.0,70.0,118.0,48.0,24.0,13.0,851.0,60.0,50.0,70.0,120.0,13,2010-01-10,3,9,1,2010,1,10
863,3,1,0,30.0,51.0,85.0,34.0,21.0,9.0,863.0,40.0,30.0,50.0,80.0,13,2010-01-12,3,9,1,2010,1,12
863,3,1,0,17.0,130.0,223.0,93.0,113.0,84.0,692.0,40.0,80.0,130.0,210.0,5,2010-01-09,1,2,1,2010,1,9
863,3,1,0,62.0,117.0,204.0,87.0,55.0,28.0,472.0,70.0,80.0,110.0,190.0,6,2010-01-05,1,6,0,2010,1,5
863,3,1,0,71.0,130.0,227.0,97.0,59.0,32.0,575.0,80.0,90.0,130.0,220.0,6,2010-01-07,1,6,0,2010,1,7
863,3,1,0,58.0,114.0,199.0,85.0,56.0,28.0,555.0,70.0,80.0,110.0,190.0,6,2010-01-09,1,6,0,2010,1,9
863,3,1,0,34.0,62.0,110.0,48.0,28.0,15.0,623.0,30.0,30.0,50.0,80.0,8,2010-01-01,2,3,0,2010,1,1
863,3,1,0,35.0,63.0,112.0,49.0,28.0,16.0,611.0,30.0,30.0,50.0,80.0,8,2010-01-03,2,3,0,2010,1,3
863,3,1,0,36.0,65.0,115.0,50.0,29.0,16.0,587.0,30.0,30.0,50.0,80.0,8,2010-01-07,2,3,0,2010,1,7
863,3,1,0,27.0,48.0,81.0,33.0,21.0,9.0,813.0,40.0,30.0,50.0,80.0,11,2010-01-03,3,5,1,2010,1,3
863,3,1,0,40.0,48.0,86.0,33.0,21.0,9.0,813.0,40.0,30.0,50.0,80.0,11,2011-01-03,3,5,1,2011,1,3
863,3,1,0,44.0,53.0,88.0,36.0,20.0,10.0,838.0,40.0,30.0,60.0,90.0,11,2011-01-05,3,5,1,2011,1,5
903,16,2,0,63.0,100.0,178.0,78.0,37.0,25.0,593.0,100.0,90.0,130.0,220.0,3,2010-01-04,0,7,0,2010,1,4
903,16,2,0,106.0,144.0,243.0,99.0,38.0,27.0,766.0,100.0,80.0,120.0,200.0,5,2010-01-02,1,2,1,2010,1,2
903,16,2,0,20.0,63.0,110.0,47.0,43.0,15.0,420.0,30.0,40.0,60.0,100.0,8,2010-01-07,2,3,0,2010,1,7
903,16,2,0,33.0,68.0,117.0,50.0,41.0,16.0,397.0,40.0,40.0,70.0,110.0,8,2011-01-06,2,3,0,2011,1,6
903,16,2,0,58.0,90.0,160.0,60.0,51.0,19.0,-718.0,40.0,50.0,70.0,120.0,4,2011-01-09,1,1,1,2011,1,9
904,3,1,0,78.0,141.0,235.0,94.0,63.0,31.0,697.0,90.0,90.0,130.0,220.0,2,2010-01-05,0,4,1,2010,1,5
904,3,1,0,99.0,167.0,278.0,111.0,68.0,36.0,767.0,110.0,100.0,160.0,260.0,2,2010-01-06,0,4,1,2010,1,6
904,3,1,0,104.0,172.0,286.0,114.0,68.0,37.0,822.0,120.0,100.0,170.0,270.0,2,2010-01-07,0,4,1,2010,1,7
904,3,1,0,99.0,126.0,224.0,84.0,59.0,27.0,632.0,70.0,80.0,110.0,190.0,2,2011-01-03,0,4,1,2011,1,3
904,3,1,0,132.0,143.0,261.0,102.0,54.0,31.0,666.0,90.0,90.0,130.0,220.0,3,2011-01-11,0,7,0,2011,1,11
904,3,1,0,63.0,91.0,154.0,63.0,28.0,17.0,864.0,80.0,60.0,100.0,160.0,13,2010-01-08,3,9,1,2010,1,8
904,3,1,0,49.0,75.0,126.0,51.0,26.0,14.0,857.0,60.0,50.0,80.0,130.0,13,2010-01-09,3,9,1,2010,1,9
904,3,1,0,70.0,72.0,129.0,49.0,25.0,13.0,767.0,60.0,50.0,80.0,130.0,13,2011-01-03,3,9,1,2011,1,3
904,3,1,0,70.0,72.0,129.0,49.0,25.0,13.0,779.0,60.0,50.0,80.0,130.0,13,2011-01-04,3,9,1,2011,1,4
904,3,1,0,87.0,91.0,153.0,63.0,26.0,17.0,864.0,80.0,60.0,100.0,160.0,13,2011-01-08,3,9,1,2011,1,8
904,3,1,0,42.0,47.0,83.0,31.0,19.0,8.0,856.0,40.0,30.0,50.0,80.0,13,2011-01-11,3,9,1,2011,1,11
904,3,1,0,58.0,112.0,195.0,83.0,54.0,27.0,433.0,80.0,70.0,120.0,190.0,6,2010-01-04,1,6,0,2010,1,4
904,3,1,0,101.0,132.0,229.0,99.0,55.0,32.0,565.0,80.0,90.0,130.0,220.0,6,2011-01-08,1,6,0,2011,1,8
904,3,1,0,15.0,29.0,54.0,22.0,19.0,7.0,573.0,20.0,0.0,20.0,20.0,8,2011-01-10,2,3,0,2011,1,10
904,3,1,0,18.0,32.0,60.0,24.0,20.0,7.0,567.0,20.0,10.0,30.0,40.0,8,2011-01-12,2,3,0,2011,1,12
904,3,1,0,19.0,74.0,133.0,59.0,55.0,22.0,403.0,30.0,40.0,60.0,100.0,9,2010-01-07,2,10,0,2010,1,7
904,3,1,0,20.0,66.0,134.0,54.0,56.0,20.0,312.0,20.0,40.0,50.0,90.0,9,2011-01-01,2,10,0,2011,1,1
904,3,1,0,18.0,65.0,126.0,53.0,53.0,20.0,306.0,20.0,40.0,50.0,90.0,9,2011-01-02,2,10,0,2011,1,2
904,3,1,0,23.0,72.0,129.0,58.0,51.0,22.0,338.0,30.0,40.0,60.0,100.0,9,2011-01-05,2,10,0,2011,1,5
904,3,1,0,55.0,103.0,189.0,86.0,48.0,26.0,1081.0,50.0,60.0,80.0,140.0,10,2010-01-07,2,11,0,2010,1,7
904,3,1,0,71.0,94.0,185.0,80.0,46.0,24.0,1055.0,40.0,40.0,50.0,90.0,10,2011-01-10,2,11,0,2011,1,10
904,3,1,0,30.0,51.0,85.0,34.0,21.0,9.0,821.0,50.0,30.0,60.0,90.0,11,2010-01-04,3,5,1,2010,1,4
904,3,1,0,45.0,51.0,91.0,34.0,21.0,9.0,821.0,50.0,30.0,60.0,90.0,11,2011-01-04,3,5,1,2011,1,4
909,0,3,0,-27.0,28.0,132.0,104.0,55.0,33.0,685.0,-20.0,130.0,30.0,160.0,1,2010-01-02,0,0,1,2010,1,2
909,0,3,0,-110.0,-13.0,116.0,122.0,61.0,39.0,2555.0,-60.0,170.0,-20.0,150.0,1,2011-01-10,0,0,1,2011,1,10
909,0,3,0,-120.0,-24.0,138.0,162.0,96.0,53.0,3421.0,-120.0,200.0,-30.0,170.0,3,2010-01-09,0,7,0,2010,1,9
909,0,3,0,-127.0,-27.0,146.0,173.0,100.0,57.0,3909.0,-130.0,200.0,-30.0,170.0,3,2010-01-11,0,7,0,2010,1,11
909,0,3,0,-217.0,-36.0,200.0,238.0,113.0,78.0,2797.0,-150.0,290.0,-40.0,250.0,3,2011-01-07,0,7,0,2011,1,7
909,0,3,0,362.0,392.0,681.0,295.0,121.0,97.0,1714.0,250.0,280.0,370.0,650.0,6,2011-01-08,1,6,0,2011,1,8
909,0,3,0,99.0,112.0,197.0,87.0,37.0,28.0,564.0,70.0,70.0,100.0,170.0,10,2011-01-07,2,11,0,2011,1,7
914,12,1,0,508.0,546.0,902.0,364.0,166.0,127.0,2617.0,370.0,340.0,520.0,860.0,2,2011-01-08,0,4,1,2011,1,8
914,12,1,0,70.0,73.0,131.0,50.0,26.0,14.0,589.0,50.0,50.0,70.0,120.0,13,2011-01-11,3,9,1,2011,1,11
914,12,1,0,-205.0,-59.0,66.0,125.0,146.0,113.0,1382.0,-190.0,120.0,-60.0,60.0,5,2010-01-04,1,2,1,2010,1,4
914,12,1,0,-236.0,-72.0,72.0,144.0,164.0,131.0,1979.0,-210.0,130.0,-60.0,70.0,5,2010-01-06,1,2,1,2010,1,6
914,12,1,0,-300.0,-56.0,74.0,125.0,146.0,113.0,3142.0,-170.0,110.0,-60.0,50.0,5,2011-01-10,1,2,1,2011,1,10
914,12,1,0,-300.0,-60.0,65.0,121.0,142.0,109.0,3385.0,-190.0,110.0,-60.0,50.0,5,2011-01-11,1,2,1,2011,1,11
914,12,1,0,-119.0,-32.0,182.0,214.0,87.0,66.0,1480.0,-80.0,160.0,-20.0,140.0,10,2010-01-03,2,11,0,2010,1,3
914,12,1,0,-156.0,-65.0,160.0,225.0,91.0,69.0,4742.0,-120.0,160.0,-50.0,110.0,10,2010-01-11,2,11,0,2010,1,11
914,12,1,0,-197.0,-46.0,196.0,244.0,90.0,75.0,2636.0,-100.0,180.0,-30.0,150.0,10,2011-01-06,2,11,0,2011,1,6
914,12,1,0,-226.0,-62.0,196.0,260.0,95.0,80.0,3076.0,-110.0,190.0,-40.0,150.0,10,2011-01-07,2,11,0,2011,1,7
914,12,1,0,184.0,178.0,298.0,123.0,42.0,34.0,947.0,150.0,130.0,190.0,320.0,11,2011-01-06,3,5,1,2011,1,6
914,12,1,0,133.0,178.0,301.0,123.0,45.0,34.0,941.0,150.0,130.0,190.0,320.0,12,2010-01-08,3,8,1,2010,1,8
914,12,1,0,153.0,152.0,254.0,104.0,38.0,29.0,952.0,120.0,110.0,160.0,270.0,12,2011-01-07,3,8,1,2011,1,7
914,12,1,0,188.0,172.0,309.0,118.0,45.0,33.0,930.0,130.0,120.0,170.0,290.0,12,2011-01-11,3,8,1,2011,1,11
914,12,1,0,349.0,325.0,601.0,239.0,90.0,66.0,1262.0,250.0,220.0,330.0,550.0,7,2011-01-04,1,12,1,2011,1,4
915,16,2,0,26.0,52.0,92.0,40.0,26.0,13.0,536.0,40.0,40.0,60.0,100.0,3,2010-01-11,0,7,0,2010,1,11
915,16,2,0,104.0,109.0,206.0,84.0,39.0,27.0,603.0,110.0,100.0,140.0,240.0,3,2011-01-03,0,7,0,2011,1,3
915,16,2,0,188.0,172.0,309.0,118.0,45.0,33.0,930.0,100.0,90.0,130.0,220.0,5,2011-01-11,1,2,1,2011,1,11
915,16,2,0,78.0,111.0,187.0,76.0,33.0,21.0,580.0,80.0,40.0,80.0,120.0,6,2010-01-10,1,6,0,2010,1,10
915,16,2,0,27.0,71.0,123.0,52.0,44.0,17.0,361.0,50.0,40.0,80.0,120.0,8,2010-01-05,2,3,0,2010,1,5
915,16,2,0,49.0,80.0,149.0,60.0,47.0,19.0,329.0,50.0,50.0,80.0,130.0,8,2011-01-02,2,3,0,2011,1,2
915,16,2,0,37.0,71.0,122.0,52.0,41.0,17.0,361.0,50.0,40.0,80.0,120.0,8,2011-01-05,2,3,0,2011,1,5
915,16,2,0,52.0,72.0,129.0,49.0,37.0,15.0,351.0,40.0,40.0,70.0,110.0,9,2011-01-03,2,10,0,2011,1,3
916,0,3,0,-2.0,50.0,145.0,95.0,52.0,30.0,608.0,30.0,110.0,70.0,180.0,1,2010-01-01,0,0,1,2010,1,1
916,0,3,0,-61.0,16.0,133.0,109.0,57.0,34.0,796.0,-30.0,130.0,20.0,150.0,1,2011-01-03,0,0,1,2011,1,3
916,0,3,0,-83.0,3.0,124.0,113.0,59.0,36.0,2758.0,-50.0,130.0,0.0,130.0,1,2011-01-11,0,0,1,2011,1,11
916,0,3,0,-141.0,-32.0,159.0,191.0,109.0,63.0,1564.0,-150.0,240.0,-50.0,190.0,3,2010-01-04,0,7,0,2010,1,4
916,0,3,0,26.0,169.0,290.0,121.0,143.0,110.0,712.0,30.0,110.0,160.0,270.0,5,2010-01-02,1,2,1,2010,1,2
916,0,3,0,39.0,169.0,309.0,121.0,143.0,110.0,712.0,30.0,110.0,160.0,270.0,5,2011-01-02,1,2,1,2011,1,2
916,0,3,0,39.0,168.0,308.0,121.0,142.0,109.0,912.0,40.0,110.0,170.0,280.0,5,2011-01-11,1,2,1,2011,1,11
916,0,3,0,211.0,324.0,567.0,243.0,113.0,80.0,1260.0,210.0,230.0,310.0,540.0,6,2010-01-03,1,6,0,2010,1,3
916,0,3,0,197.0,191.0,320.0,132.0,45.0,36.0,994.0,140.0,110.0,170.0,280.0,8,2011-01-08,2,3,0,2011,1,8
916,0,3,0,132.0,124.0,224.0,86.0,35.0,24.0,1003.0,80.0,80.0,110.0,190.0,8,2011-01-12,2,3,0,2011,1,12
916,0,3,0,249.0,367.0,678.0,311.0,118.0,96.0,1296.0,240.0,260.0,330.0,590.0,9,2010-01-08,2,10,0,2010,1,8
916,0,3,0,134.0,179.0,302.0,123.0,45.0,34.0,959.0,110.0,90.0,130.0,220.0,11,2010-01-12,3,5,1,2010,1,12
916,0,3,0,125.0,117.0,211.0,81.0,33.0,22.0,441.0,70.0,50.0,80.0,130.0,12,2011-01-03,3,8,1,2011,1,3
916,0,3,0,167.0,266.0,532.0,266.0,99.0,74.0,1797.0,170.0,250.0,260.0,510.0,4,2010-01-08,1,1,1,2010,1,8
916,0,3,0,157.0,251.0,501.0,250.0,94.0,70.0,1820.0,160.0,240.0,240.0,480.0,4,2010-01-12,1,1,1,2010,1,12
917,12,1,0,245.0,387.0,645.0,258.0,142.0,90.0,2067.0,250.0,240.0,370.0,610.0,2,2010-01-02,0,4,1,2010,1,2
917,12,1,0,312.0,474.0,790.0,316.0,162.0,110.0,2580.0,320.0,300.0,450.0,750.0,2,2010-01-09,0,4,1,2010,1,9
917,12,1,0,493.0,534.0,882.0,356.0,165.0,124.0,2476.0,350.0,340.0,500.0,840.0,2,2011-01-06,0,4,1,2011,1,6
917,12,1,0,92.0,239.0,541.0,302.0,147.0,114.0,1518.0,90.0,220.0,200.0,420.0,9,2010-01-09,2,10,0,2010,1,9
917,12,1,0,392.0,352.0,618.0,228.0,88.0,63.0,1402.0,280.0,210.0,350.0,560.0,7,2011-01-02,1,12,1,2011,1,2
917,12,1,0,565.0,464.0,719.0,211.0,83.0,59.0,933.0,390.0,200.0,460.0,660.0,7,2011-01-11,1,12,1,2011,1,11
918,14,2,1,29.0,56.0,100.0,44.0,27.0,14.0,618.0,50.0,50.0,70.0,120.0,2,2010-01-02,0,4,1,2010,1,2
918,14,2,1,29.0,55.0,98.0,43.0,26.0,14.0,613.0,50.0,50.0,70.0,120.0,2,2010-01-03,0,4,1,2010,1,3
918,14,2,1,29.0,56.0,99.0,43.0,27.0,14.0,597.0,50.0,50.0,70.0,120.0,2,2010-01-06,0,4,1,2010,1,6
918,14,2,1,74.0,115.0,205.0,90.0,41.0,29.0,572.0,140.0,130.0,160.0,290.0,2,2010-01-10,0,4,1,2010,1,10
918,14,2,1,71.0,112.0,200.0,88.0,41.0,29.0,561.0,90.0,100.0,130.0,230.0,2,2010-01-11,0,4,1,2010,1,11
918,14,2,1,49.0,60.0,113.0,46.0,27.0,15.0,608.0,60.0,50.0,80.0,130.0,2,2011-01-04,0,4,1,2011,1,4
918,14,2,1,41.0,56.0,98.0,43.0,24.0,14.0,602.0,50.0,50.0,70.0,120.0,2,2011-01-05,0,4,1,2011,1,5
918,14,2,1,110.0,115.0,218.0,90.0,41.0,29.0,572.0,140.0,130.0,160.0,290.0,2,2011-01-10,0,4,1,2011,1,10
918,14,2,1,105.0,112.0,213.0,88.0,41.0,29.0,561.0,90.0,100.0,130.0,230.0,2,2011-01-11,0,4,1,2011,1,11
918,14,2,1,21.0,39.0,66.0,27.0,18.0,7.0,859.0,60.0,30.0,60.0,90.0,3,2010-01-10,0,7,0,2010,1,10
918,14,2,1,44.0,48.0,90.0,32.0,21.0,8.0,821.0,50.0,40.0,60.0,100.0,3,2011-01-01,0,7,0,2011,1,1
918,14,2,1,30.0,42.0,70.0,29.0,19.0,8.0,835.0,40.0,30.0,50.0,80.0,3,2011-01-05,0,7,0,2011,1,5
918,14,2,1,26.0,36.0,59.0,24.0,16.0,6.0,856.0,30.0,30.0,40.0,70.0,3,2011-01-06,0,7,0,2011,1,6
918,14,2,1,22.0,34.0,56.0,23.0,17.0,6.0,868.0,40.0,20.0,50.0,70.0,3,2011-01-07,0,7,0,2011,1,7
918,14,2,1,22.0,33.0,55.0,22.0,16.0,6.0,865.0,30.0,20.0,40.0,60.0,3,2011-01-08,0,7,0,2011,1,8
918,14,2,1,42.0,49.0,87.0,33.0,21.0,9.0,870.0,50.0,30.0,60.0,90.0,3,2011-01-12,0,7,0,2011,1,12
918,14,2,1,17.0,34.0,56.0,22.0,17.0,6.0,452.0,30.0,10.0,30.0,40.0,5,2010-01-02,1,2,1,2010,1,2
918,14,2,1,15.0,32.0,53.0,21.0,17.0,5.0,449.0,30.0,10.0,30.0,40.0,5,2010-01-03,1,2,1,2010,1,3
918,14,2,1,10.0,26.0,44.0,18.0,16.0,5.0,478.0,20.0,10.0,20.0,30.0,5,2010-01-06,1,2,1,2010,1,6
918,14,2,1,9.0,26.0,44.0,18.0,17.0,5.0,486.0,20.0,10.0,20.0,30.0,5,2010-01-07,1,2,1,2010,1,7
918,14,2,1,10.0,25.0,41.0,16.0,15.0,4.0,484.0,20.0,10.0,20.0,30.0,5,2010-01-08,1,2,1,2010,1,8
918,14,2,1,29.0,48.0,80.0,32.0,19.0,8.0,482.0,30.0,20.0,40.0,60.0,5,2010-01-11,1,2,1,2010,1,11
918,14,2,1,18.0,29.0,49.0,20.0,15.0,5.0,464.0,30.0,10.0,30.0,40.0,5,2011-01-05,1,2,1,2011,1,5
918,14,2,1,14.0,26.0,44.0,18.0,15.0,5.0,478.0,20.0,10.0,20.0,30.0,5,2011-01-06,1,2,1,2011,1,6
918,14,2,1,12.0,26.0,44.0,18.0,16.0,5.0,486.0,20.0,10.0,20.0,30.0,5,2011-01-07,1,2,1,2011,1,7
918,14,2,1,99.0,167.0,278.0,111.0,68.0,36.0,767.0,90.0,90.0,140.0,230.0,6,2010-01-06,1,6,0,2010,1,6
918,14,2,1,62.0,119.0,197.0,78.0,57.0,25.0,798.0,40.0,60.0,90.0,150.0,6,2010-01-11,1,6,0,2010,1,11
918,14,2,1,137.0,167.0,276.0,111.0,63.0,36.0,767.0,90.0,90.0,140.0,230.0,6,2011-01-06,1,6,0,2011,1,6
918,14,2,1,107.0,133.0,236.0,88.0,61.0,29.0,817.0,60.0,60.0,110.0,170.0,6,2011-01-12,1,6,0,2011,1,12
918,14,2,1,13.0,66.0,120.0,54.0,53.0,20.0,312.0,20.0,50.0,60.0,110.0,8,2010-01-01,2,3,0,2010,1,1
918,14,2,1,11.0,65.0,118.0,53.0,54.0,20.0,306.0,20.0,50.0,60.0,110.0,8,2010-01-02,2,3,0,2010,1,2
918,14,2,1,17.0,72.0,130.0,58.0,55.0,22.0,338.0,20.0,50.0,70.0,120.0,8,2010-01-05,2,3,0,2010,1,5
918,14,2,1,19.0,74.0,133.0,59.0,55.0,22.0,377.0,30.0,50.0,80.0,130.0,8,2010-01-06,2,3,0,2010,1,6
918,14,2,1,13.0,67.0,121.0,54.0,54.0,20.0,391.0,20.0,50.0,60.0,110.0,8,2010-01-11,2,3,0,2010,1,11
918,14,2,1,20.0,66.0,134.0,54.0,56.0,20.0,312.0,20.0,50.0,60.0,110.0,8,2011-01-01,2,3,0,2011,1,1
918,14,2,1,19.0,66.0,128.0,54.0,53.0,20.0,301.0,20.0,50.0,60.0,110.0,8,2011-01-03,2,3,0,2011,1,3
918,14,2,1,22.0,70.0,135.0,57.0,55.0,21.0,313.0,30.0,50.0,70.0,120.0,8,2011-01-04,2,3,0,2011,1,4
918,14,2,1,28.0,77.0,139.0,63.0,53.0,23.0,397.0,20.0,60.0,70.0,130.0,8,2011-01-08,2,3,0,2011,1,8
918,14,2,1,17.0,129.0,221.0,92.0,112.0,83.0,599.0,40.0,80.0,130.0,210.0,9,2010-01-05,2,10,0,2010,1,5
918,14,2,1,25.0,132.0,242.0,95.0,115.0,86.0,532.0,30.0,90.0,130.0,220.0,9,2011-01-03,2,10,0,2011,1,3
918,14,2,1,24.0,132.0,242.0,95.0,116.0,86.0,554.0,30.0,90.0,130.0,220.0,9,2011-01-04,2,10,0,2011,1,4
918,14,2,1,35.0,154.0,262.0,110.0,120.0,100.0,665.0,40.0,100.0,150.0,250.0,9,2011-01-06,2,10,0,2011,1,6
918,14,2,1,25.0,134.0,245.0,96.0,117.0,87.0,683.0,40.0,80.0,120.0,200.0,9,2011-01-10,2,10,0,2011,1,10
918,14,2,1,98.0,155.0,267.0,112.0,57.0,34.0,-120.0,90.0,90.0,130.0,220.0,4,2010-01-04,1,1,1,2010,1,4
918,14,2,1,101.0,159.0,273.0,114.0,58.0,35.0,-387.0,100.0,90.0,140.0,230.0,4,2010-01-05,1,1,1,2010,1,5
918,14,2,1,105.0,164.0,282.0,118.0,59.0,36.0,-660.0,100.0,100.0,140.0,240.0,4,2010-01-06,1,1,1,2010,1,6
918,14,2,1,102.0,161.0,277.0,116.0,59.0,35.0,-1278.0,100.0,90.0,140.0,230.0,4,2010-01-08,1,1,1,2010,1,8
918,14,2,1,89.0,143.0,245.0,102.0,54.0,31.0,-2003.0,60.0,80.0,100.0,180.0,4,2010-01-11,1,1,1,2010,1,11
918,14,2,1,121.0,186.0,320.0,134.0,65.0,41.0,-2248.0,90.0,100.0,140.0,240.0,4,2010-01-12,1,1,1,2010,1,12
918,14,2,1,139.0,159.0,271.0,114.0,54.0,35.0,-387.0,100.0,90.0,140.0,230.0,4,2011-01-05,1,1,1,2011,1,5
918,14,2,1,141.0,161.0,275.0,116.0,55.0,35.0,-1278.0,100.0,90.0,140.0,230.0,4,2011-01-08,1,1,1,2011,1,8
918,14,2,1,122.0,134.0,245.0,96.0,52.0,29.0,-1555.0,80.0,80.0,110.0,190.0,4,2011-01-09,1,1,1,2011,1,9
918,14,2,1,180.0,186.0,341.0,134.0,65.0,41.0,-2248.0,90.0,100.0,140.0,240.0,4,2011-01-12,1,1,1,2011,1,12
920,19,0,1,16.0,70.0,127.0,57.0,54.0,21.0,313.0,20.0,60.0,70.0,130.0,1,2010-01-04,0,0,1,2010,1,4
920,19,0,1,18.0,74.0,133.0,59.0,56.0,22.0,403.0,20.0,60.0,70.0,130.0,1,2010-01-07,0,0,1,2010,1,7
920,19,0,1,33.0,80.0,155.0,65.0,58.0,24.0,403.0,30.0,60.0,80.0,140.0,1,2011-01-12,0,0,1,2011,1,12
920,19,0,1,15.0,128.0,220.0,92.0,113.0,83.0,541.0,40.0,90.0,140.0,230.0,2,2010-01-02,0,4,1,2010,1,2
920,19,0,1,48.0,184.0,314.0,133.0,139.0,120.0,705.0,60.0,140.0,190.0,330.0,2,2011-01-08,0,4,1,2011,1,8
920,19,0,1,63.0,121.0,212.0,91.0,58.0,30.0,533.0,90.0,90.0,130.0,220.0,3,2010-01-06,0,7,0,2010,1,6
920,19,0,1,71.0,130.0,227.0,97.0,59.0,32.0,575.0,80.0,100.0,130.0,230.0,3,2010-01-07,0,7,0,2010,1,7
920,19,0,1,91.0,116.0,215.0,86.0,55.0,28.0,547.0,100.0,80.0,120.0,200.0,3,2011-01-10,0,7,0,2011,1,10
920,19,0,1,76.0,103.0,192.0,77.0,52.0,25.0,557.0,60.0,70.0,100.0,170.0,3,2011-01-11,0,7,0,2011,1,11
920,19,0,1,70.0,123.0,226.0,103.0,53.0,31.0,1073.0,100.0,110.0,150.0,260.0,5,2010-01-08,1,2,1,2010,1,8
920,19,0,1,45.0,89.0,164.0,75.0,44.0,23.0,1063.0,70.0,90.0,110.0,200.0,5,2010-01-11,1,2,1,2010,1,11
920,19,0,1,79.0,99.0,194.0,83.0,46.0,25.0,1063.0,80.0,90.0,120.0,210.0,5,2011-01-09,1,2,1,2011,1,9
920,19,0,1,36.0,65.0,115.0,50.0,29.0,16.0,587.0,60.0,50.0,80.0,130.0,6,2010-01-07,1,6,0,2010,1,7
920,19,0,1,47.0,58.0,110.0,45.0,26.0,14.0,605.0,50.0,50.0,70.0,120.0,6,2011-01-04,1,6,0,2011,1,4
920,19,0,1,16.0,30.0,55.0,22.0,19.0,7.0,570.0,30.0,20.0,40.0,60.0,6,2011-01-11,1,6,0,2011,1,11
920,19,0,1,29.0,65.0,104.0,39.0,36.0,12.0,380.0,40.0,30.0,60.0,90.0,8,2010-01-07,2,3,0,2010,1,7
920,19,0,1,53.0,94.0,151.0,57.0,41.0,17.0,349.0,70.0,40.0,90.0,130.0,8,2010-01-09,2,3,0,2010,1,9
920,19,0,1,48.0,88.0,141.0,53.0,40.0,16.0,321.0,50.0,50.0,80.0,130.0,8,2010-01-11,2,3,0,2010,1,11
920,19,0,1,30.0,66.0,107.0,41.0,36.0,12.0,320.0,30.0,30.0,60.0,90.0,8,2010-01-12,2,3,0,2010,1,12
920,19,0,1,93.0,105.0,178.0,62.0,42.0,19.0,346.0,70.0,50.0,90.0,140.0,8,2011-01-03,2,3,0,2011,1,3
920,19,0,1,45.0,66.0,114.0,41.0,36.0,12.0,320.0,30.0,30.0,60.0,90.0,8,2011-01-12,2,3,0,2011,1,12
920,19,0,1,58.0,85.0,144.0,59.0,27.0,16.0,842.0,60.0,50.0,70.0,120.0,9,2010-01-06,2,10,0,2010,1,6
920,19,0,1,64.0,68.0,123.0,47.0,25.0,13.0,772.0,50.0,40.0,60.0,100.0,9,2011-01-02,2,10,0,2011,1,2
920,19,0,1,41.0,81.0,137.0,56.0,40.0,17.0,382.0,50.0,40.0,80.0,120.0,11,2010-01-02,3,5,1,2010,1,2
920,19,0,1,27.0,65.0,110.0,45.0,38.0,14.0,410.0,30.0,30.0,60.0,90.0,11,2010-01-05,3,5,1,2010,1,5
920,19,0,1,24.0,59.0,99.0,40.0,35.0,12.0,443.0,20.0,30.0,50.0,80.0,11,2010-01-06,3,5,1,2010,1,6
920,19,0,1,21.0,54.0,90.0,36.0,33.0,11.0,462.0,10.0,30.0,40.0,70.0,11,2010-01-07,3,5,1,2010,1,7
920,19,0,1,20.0,54.0,90.0,36.0,34.0,11.0,458.0,10.0,30.0,40.0,70.0,11,2010-01-08,3,5,1,2010,1,8
920,19,0,1,31.0,67.0,113.0,46.0,36.0,14.0,454.0,30.0,30.0,60.0,90.0,11,2010-01-09,3,5,1,2010,1,9
920,19,0,1,1.0,87.0,150.0,63.0,86.0,57.0,506.0,10.0,50.0,80.0,130.0,12,2010-01-03,3,8,1,2010,1,3
920,19,0,1,-3.0,76.0,131.0,55.0,79.0,49.0,627.0,0.0,40.0,60.0,100.0,12,2010-01-12,3,8,1,2010,1,12
920,19,0,1,4.0,90.0,165.0,65.0,87.0,58.0,513.0,10.0,50.0,80.0,130.0,12,2011-01-02,3,8,1,2011,1,2
925,0,3,0,-41.0,16.0,125.0,109.0,57.0,34.0,796.0,-30.0,130.0,20.0,150.0,1,2010-01-03,0,0,1,2010,1,3
925,0,3,0,-174.0,-26.0,130.0,148.0,91.0,48.0,1071.0,-110.0,180.0,-30.0,150.0,3,2011-01-02,0,7,0,2011,1,2
925,0,3,0,-196.0,-32.0,162.0,195.0,102.0,64.0,1952.0,-140.0,240.0,-40.0,200.0,3,2011-01-05,0,7,0,2011,1,5
925,0,3,0,-196.0,-31.0,167.0,200.0,103.0,66.0,2393.0,-140.0,250.0,-40.0,210.0,3,2011-01-06,0,7,0,2011,1,6
925,0,3,0,171.0,157.0,282.0,108.0,42.0,30.0,971.0,120.0,80.0,130.0,210.0,8,2011-01-10,2,3,0,2011,1,10
925,0,3,0,135.0,136.0,228.0,94.0,35.0,26.0,562.0,80.0,60.0,90.0,150.0,12,2011-01-06,3,8,1,2011,1,6
925,0,3,0,148.0,239.0,478.0,239.0,91.0,66.0,1464.0,150.0,220.0,230.0,450.0,4,2010-01-04,1,1,1,2010,1,4
936,16,2,0,185.0,281.0,520.0,239.0,96.0,74.0,1246.0,340.0,350.0,420.0,770.0,2,2010-01-10,0,4,1,2010,1,10
936,16,2,0,39.0,52.0,98.0,40.0,26.0,13.0,536.0,40.0,40.0,60.0,100.0,3,2011-01-11,0,7,0,2011,1,11
936,16,2,0,91.0,126.0,213.0,87.0,35.0,24.0,756.0,90.0,70.0,110.0,180.0,5,2010-01-03,1,2,1,2010,1,3
936,16,2,0,47.0,79.0,147.0,59.0,47.0,19.0,411.0,40.0,50.0,70.0,120.0,8,2011-01-11,2,3,0,2011,1,11
936,16,2,0,31.0,68.0,114.0,46.0,37.0,14.0,424.0,30.0,40.0,60.0,100.0,9,2010-01-11,2,10,0,2010,1,11
936,16,2,0,33.0,81.0,135.0,54.0,48.0,17.0,-321.0,40.0,40.0,70.0,110.0,4,2010-01-06,1,1,1,2010,1,6
937,13,0,0,33.0,80.0,140.0,60.0,47.0,19.0,329.0,50.0,60.0,80.0,140.0,1,2010-01-02,0,0,1,2010,1,2
937,13,0,0,32.0,77.0,134.0,57.0,45.0,18.0,323.0,50.0,60.0,80.0,140.0,1,2010-01-03,0,0,1,2010,1,3
937,13,0,0,28.0,64.0,107.0,43.0,36.0,13.0,419.0,60.0,30.0,70.0,100.0,2,2010-01-10,0,4,1,2010,1,10
937,13,0,0,42.0,64.0,114.0,43.0,36.0,13.0,419.0,60.0,30.0,70.0,100.0,2,2011-01-10,0,4,1,2011,1,10
937,13,0,0,-6.0,63.0,107.0,44.0,69.0,40.0,496.0,20.0,40.0,70.0,110.0,3,2010-01-06,0,7,0,2010,1,6
937,13,0,0,129.0,153.0,326.0,153.0,66.0,42.0,1319.0,140.0,190.0,200.0,390.0,5,2011-01-12,1,2,1,2011,1,12
937,13,0,0,8.0,60.0,109.0,49.0,52.0,18.0,414.0,20.0,50.0,70.0,120.0,6,2010-01-08,1,6,0,2010,1,8
937,13,0,0,25.0,72.0,145.0,58.0,59.0,22.0,338.0,40.0,60.0,90.0,150.0,6,2011-01-01,1,6,0,2011,1,1
937,13,0,0,24.0,69.0,132.0,55.0,53.0,20.0,410.0,40.0,70.0,80.0,150.0,6,2011-01-11,1,6,0,2011,1,11
937,13,0,0,29.0,48.0,80.0,32.0,19.0,8.0,456.0,50.0,20.0,50.0,70.0,8,2010-01-01,2,3,0,2010,1,1
937,13,0,0,14.0,30.0,50.0,20.0,16.0,5.0,482.0,30.0,10.0,30.0,40.0,8,2010-01-09,2,3,0,2010,1,9
937,13,0,0,16.0,32.0,53.0,21.0,16.0,5.0,480.0,30.0,0.0,30.0,30.0,8,2010-01-10,2,3,0,2010,1,10
937,13,0,0,29.0,48.0,80.0,32.0,19.0,8.0,482.0,30.0,30.0,40.0,70.0,8,2010-01-11,2,3,0,2010,1,11
937,13,0,0,25.0,44.0,73.0,29.0,19.0,8.0,490.0,30.0,20.0,40.0,60.0,8,2010-01-12,2,3,0,2010,1,12
937,13,0,0,24.0,32.0,56.0,21.0,16.0,5.0,480.0,30.0,0.0,30.0,30.0,8,2011-01-10,2,3,0,2011,1,10
937,13,0,0,22.0,34.0,56.0,23.0,17.0,6.0,868.0,40.0,10.0,40.0,50.0,9,2011-01-07,2,10,0,2011,1,7
937,13,0,0,30.0,39.0,70.0,27.0,19.0,7.0,859.0,30.0,10.0,30.0,40.0,9,2011-01-10,2,10,0,2011,1,10
937,13,0,0,108.0,134.0,237.0,88.0,61.0,29.0,653.0,70.0,70.0,120.0,190.0,11,2011-01-04,3,5,1,2011,1,4
937,13,0,0,97.0,155.0,267.0,112.0,58.0,34.0,502.0,90.0,90.0,140.0,230.0,12,2010-01-04,3,8,1,2010,1,4
937,13,0,0,105.0,164.0,282.0,118.0,59.0,36.0,636.0,90.0,100.0,140.0,240.0,12,2010-01-06,3,8,1,2010,1,6
940,16,2,0,166.0,253.0,467.0,214.0,87.0,66.0,923.0,240.0,260.0,320.0,580.0,2,2010-01-03,0,4,1,2010,1,3
940,16,2,0,345.0,367.0,672.0,311.0,109.0,96.0,1296.0,340.0,390.0,450.0,840.0,2,2011-01-08,0,4,1,2011,1,8
940,16,2,0,93.0,100.0,190.0,78.0,37.0,25.0,593.0,100.0,90.0,130.0,220.0,3,2011-01-04,0,7,0,2011,1,4
940,16,2,0,46.0,77.0,143.0,57.0,46.0,18.0,323.0,50.0,50.0,80.0,130.0,8,2011-01-03,2,3,0,2011,1,3
941,3,1,0,137.0,167.0,276.0,111.0,63.0,36.0,767.0,110.0,100.0,160.0,260.0,2,2011-01-06,0,4,1,2011,1,6
941,3,1,0,17.0,132.0,227.0,95.0,115.0,86.0,532.0,30.0,90.0,130.0,220.0,5,2010-01-03,1,2,1,2010,1,3
941,3,1,0,35.0,184.0,317.0,133.0,149.0,120.0,705.0,60.0,120.0,190.0,310.0,5,2010-01-08,1,2,1,2010,1,8
941,3,1,0,48.0,184.0,314.0,133.0,139.0,120.0,705.0,60.0,120.0,190.0,310.0,5,2011-01-08,1,2,1,2011,1,8
941,3,1,0,54.0,108.0,188.0,80.0,54.0,26.0,415.0,70.0,70.0,110.0,180.0,6,2010-01-03,1,6,0,2010,1,3
941,3,1,0,86.0,114.0,212.0,85.0,56.0,28.0,555.0,70.0,80.0,110.0,190.0,6,2011-01-09,1,6,0,2011,1,9
941,3,1,0,35.0,62.0,110.0,48.0,27.0,15.0,599.0,30.0,30.0,50.0,80.0,8,2010-01-05,2,3,0,2010,1,5
941,3,1,0,35.0,62.0,110.0,48.0,27.0,15.0,593.0,30.0,30.0,50.0,80.0,8,2010-01-06,2,3,0,2010,1,6
941,3,1,0,65.0,92.0,168.0,78.0,42.0,24.0,995.0,50.0,50.0,80.0,130.0,10,2011-01-05,2,11,0,2011,1,5
941,3,1,0,44.0,68.0,114.0,46.0,24.0,12.0,880.0,60.0,40.0,80.0,120.0,11,2010-01-08,3,5,1,2010,1,8
949,0,3,0,408.0,407.0,759.0,271.0,152.0,94.0,2101.0,370.0,340.0,500.0,840.0,2,2011-01-01,0,4,1,2011,1,1
949,0,3,0,44.0,81.0,134.0,54.0,46.0,17.0,641.0,30.0,30.0,60.0,90.0,13,2011-01-06,3,9,1,2011,1,6
949,0,3,0,41.0,79.0,130.0,52.0,46.0,17.0,668.0,20.0,30.0,50.0,80.0,13,2011-01-07,3,9,1,2011,1,7
949,0,3,0,100.0,137.0,232.0,95.0,37.0,26.0,809.0,100.0,80.0,120.0,200.0,8,2010-01-02,2,3,0,2010,1,2
949,0,3,0,184.0,178.0,298.0,123.0,42.0,34.0,947.0,140.0,100.0,160.0,260.0,8,2011-01-06,2,3,0,2011,1,6
949,0,3,0,156.0,249.0,498.0,249.0,93.0,69.0,1775.0,160.0,230.0,240.0,470.0,4,2010-01-09,1,1,1,2010,1,9
949,0,3,0,233.0,251.0,534.0,250.0,94.0,70.0,1820.0,160.0,240.0,240.0,480.0,4,2011-01-12,1,1,1,2011,1,12
951,0,3,0,-88.0,-25.0,102.0,127.0,63.0,40.0,2947.0,-90.0,150.0,-30.0,120.0,1,2010-01-12,0,0,1,2010,1,12
951,0,3,0,235.0,374.0,623.0,249.0,139.0,87.0,2580.0,310.0,290.0,450.0,740.0,2,2010-01-11,0,4,1,2010,1,11
951,0,3,0,-117.0,-24.0,130.0,154.0,93.0,50.0,3654.0,-100.0,220.0,-30.0,190.0,3,2010-01-10,0,7,0,2010,1,10
951,0,3,0,-221.0,-32.0,205.0,224.0,117.0,73.0,4216.0,-150.0,260.0,-40.0,220.0,3,2011-01-12,0,7,0,2011,1,12
951,0,3,0,26.0,169.0,290.0,121.0,143.0,110.0,910.0,30.0,110.0,160.0,270.0,5,2010-01-09,1,2,1,2010,1,9
951,0,3,0,69.0,239.0,408.0,173.0,176.0,156.0,927.0,60.0,160.0,230.0,390.0,5,2011-01-08,1,2,1,2011,1,8
951,0,3,0,39.0,169.0,309.0,121.0,143.0,110.0,910.0,30.0,110.0,160.0,270.0,5,2011-01-09,1,2,1,2011,1,9
951,0,3,0,202.0,311.0,545.0,234.0,109.0,77.0,1282.0,200.0,220.0,300.0,520.0,6,2010-01-02,1,6,0,2010,1,2
951,0,3,0,316.0,312.0,611.0,234.0,114.0,77.0,1310.0,200.0,220.0,300.0,520.0,6,2011-01-01,1,6,0,2011,1,1
951,0,3,0,276.0,281.0,554.0,239.0,95.0,74.0,1246.0,170.0,190.0,220.0,410.0,9,2011-01-10,2,10,0,2011,1,10
951,0,3,0,43.0,74.0,132.0,58.0,31.0,19.0,548.0,50.0,40.0,70.0,110.0,10,2010-01-09,2,11,0,2010,1,9
951,0,3,0,142.0,132.0,238.0,91.0,36.0,25.0,777.0,80.0,60.0,90.0,150.0,11,2011-01-04,3,5,1,2011,1,4
951,0,3,0,166.0,163.0,274.0,113.0,40.0,31.0,897.0,90.0,70.0,110.0,180.0,11,2011-01-06,3,5,1,2011,1,6
951,0,3,0,84.0,117.0,198.0,81.0,33.0,22.0,441.0,70.0,50.0,80.0,130.0,12,2010-01-03,3,8,1,2010,1,3
951,0,3,0,191.0,212.0,451.0,211.0,83.0,59.0,1778.0,140.0,200.0,210.0,410.0,4,2011-01-11,1,1,1,2011,1,11
954,3,1,0,68.0,126.0,210.0,84.0,58.0,27.0,651.0,70.0,80.0,110.0,190.0,2,2010-01-01,0,4,1,2010,1,1
954,3,1,0,144.0,172.0,283.0,114.0,63.0,37.0,810.0,120.0,100.0,170.0,270.0,2,2011-01-08,0,4,1,2011,1,8
954,3,1,0,95.0,123.0,218.0,82.0,59.0,27.0,788.0,90.0,60.0,110.0,170.0,2,2011-01-10,0,4,1,2011,1,10
954,3,1,0,81.0,134.0,230.0,96.0,53.0,29.0,666.0,80.0,90.0,120.0,210.0,3,2010-01-09,0,7,0,2010,1,9
954,3,1,0,145.0,164.0,279.0,118.0,55.0,36.0,636.0,100.0,110.0,150.0,260.0,3,2011-01-06,0,7,0,2011,1,6
954,3,1,0,58.0,85.0,144.0,59.0,27.0,16.0,870.0,70.0,60.0,90.0,150.0,13,2010-01-07,3,9,1,2010,1,7
954,3,1,0,23.0,80.0,145.0,65.0,57.0,24.0,403.0,20.0,40.0,60.0,100.0,9,2010-01-12,2,10,0,2010,1,12
954,3,1,0,44.0,89.0,164.0,75.0,45.0,23.0,1063.0,30.0,50.0,60.0,110.0,10,2010-01-11,2,11,0,2010,1,11
954,3,1,0,28.0,48.0,80.0,32.0,20.0,8.0,821.0,40.0,30.0,50.0,80.0,11,2010-01-01,3,5,1,2010,1,1
954,3,1,0,61.0,68.0,113.0,46.0,22.0,12.0,880.0,60.0,40.0,80.0,120.0,11,2011-01-08,3,5,1,2011,1,8
956,16,2,0,174.0,265.0,490.0,225.0,91.0,69.0,1272.0,230.0,260.0,320.0,580.0,2,2010-01-11,0,4,1,2010,1,11
956,16,2,0,68.0,107.0,190.0,83.0,39.0,27.0,584.0,100.0,100.0,130.0,230.0,3,2010-01-05,0,7,0,2010,1,5
956,16,2,0,45.0,56.0,106.0,43.0,26.0,14.0,531.0,40.0,50.0,60.0,110.0,3,2011-01-12,0,7,0,2011,1,12
956,16,2,0,54.0,80.0,134.0,54.0,26.0,15.0,456.0,60.0,40.0,70.0,110.0,6,2010-01-01,1,6,0,2010,1,1
956,16,2,0,80.0,112.0,189.0,77.0,32.0,21.0,449.0,90.0,60.0,100.0,160.0,6,2010-01-02,1,6,0,2010,1,2
956,16,2,0,84.0,117.0,198.0,81.0,33.0,22.0,460.0,90.0,60.0,110.0,170.0,6,2010-01-04,1,6,0,2010,1,4
956,16,2,0,86.0,114.0,201.0,75.0,56.0,24.0,378.0,60.0,60.0,100.0,160.0,4,2011-01-02,1,1,1,2011,1,2
956,16,2,0,71.0,102.0,181.0,68.0,54.0,22.0,9.0,50.0,50.0,90.0,140.0,4,2011-01-04,1,1,1,2011,1,4
959,2,1,1,121.0,195.0,325.0,130.0,74.0,42.0,945.0,130.0,120.0,180.0,300.0,2,2010-01-02,0,4,1,2010,1,2
959,2,1,1,98.0,165.0,275.0,110.0,67.0,36.0,1020.0,110.0,100.0,160.0,260.0,2,2010-01-05,0,4,1,2010,1,5
959,2,1,1,179.0,186.0,347.0,124.0,75.0,40.0,961.0,130.0,110.0,180.0,290.0,2,2011-01-01,0,4,1,2011,1,1
959,2,1,1,159.0,176.0,311.0,116.0,69.0,38.0,962.0,110.0,110.0,160.0,270.0,2,2011-01-04,0,4,1,2011,1,4
959,2,1,1,109.0,140.0,230.0,92.0,57.0,30.0,1102.0,100.0,80.0,140.0,220.0,2,2011-01-06,0,4,1,2011,1,6
959,2,1,1,156.0,174.0,308.0,115.0,69.0,37.0,1166.0,110.0,100.0,160.0,260.0,2,2011-01-12,0,4,1,2011,1,12
959,2,1,1,12.0,28.0,47.0,19.0,16.0,5.0,811.0,20.0,20.0,30.0,50.0,13,2010-01-08,3,9,1,2010,1,8
959,2,1,1,18.0,36.0,60.0,24.0,18.0,6.0,806.0,40.0,20.0,40.0,60.0,13,2010-01-10,3,9,1,2010,1,10
959,2,1,1,28.0,49.0,82.0,33.0,21.0,9.0,818.0,40.0,30.0,50.0,80.0,13,2010-01-12,3,9,1,2010,1,12
959,2,1,1,31.0,39.0,70.0,27.0,18.0,7.0,772.0,40.0,20.0,50.0,70.0,13,2011-01-02,3,9,1,2011,1,2
959,2,1,1,27.0,37.0,66.0,25.0,19.0,7.0,775.0,30.0,20.0,40.0,60.0,13,2011-01-04,3,9,1,2011,1,4
959,2,1,1,25.0,34.0,61.0,23.0,17.0,6.0,809.0,30.0,20.0,40.0,60.0,13,2011-01-09,3,9,1,2011,1,9
959,2,1,1,42.0,49.0,87.0,33.0,21.0,9.0,818.0,40.0,30.0,50.0,80.0,13,2011-01-12,3,9,1,2011,1,12
959,2,1,1,2.0,87.0,149.0,62.0,85.0,56.0,612.0,20.0,50.0,90.0,140.0,5,2010-01-09,1,2,1,2010,1,9
959,2,1,1,1.0,84.0,153.0,60.0,83.0,54.0,606.0,40.0,40.0,90.0,130.0,5,2011-01-10,1,2,1,2011,1,10
959,2,1,1,21.0,65.0,114.0,49.0,44.0,16.0,392.0,40.0,40.0,70.0,110.0,6,2010-01-12,1,6,0,2010,1,12
959,2,1,1,43.0,75.0,139.0,55.0,46.0,18.0,305.0,40.0,50.0,70.0,120.0,6,2011-01-02,1,6,0,2011,1,2
959,2,1,1,26.0,62.0,107.0,46.0,40.0,15.0,367.0,30.0,40.0,60.0,100.0,6,2011-01-06,1,6,0,2011,1,6
959,2,1,1,34.0,65.0,120.0,48.0,42.0,15.0,380.0,40.0,40.0,70.0,110.0,6,2011-01-09,1,6,0,2011,1,9
959,2,1,1,34.0,98.0,178.0,80.0,64.0,30.0,494.0,30.0,60.0,70.0,130.0,9,2010-01-04,2,10,0,2010,1,4
959,2,1,1,32.0,93.0,169.0,76.0,61.0,28.0,613.0,40.0,50.0,80.0,130.0,9,2010-01-07,2,10,0,2010,1,7
959,2,1,1,24.0,83.0,150.0,67.0,59.0,25.0,599.0,20.0,50.0,60.0,110.0,9,2010-01-09,2,10,0,2010,1,9
959,2,1,1,34.0,98.0,177.0,79.0,64.0,30.0,593.0,30.0,40.0,50.0,90.0,9,2010-01-10,2,10,0,2010,1,10
959,2,1,1,58.0,104.0,201.0,85.0,65.0,32.0,476.0,40.0,60.0,80.0,140.0,9,2011-01-03,2,10,0,2011,1,3
959,2,1,1,39.0,88.0,159.0,72.0,56.0,27.0,606.0,30.0,50.0,70.0,120.0,9,2011-01-08,2,10,0,2011,1,8
959,2,1,1,33.0,72.0,132.0,60.0,39.0,18.0,1070.0,40.0,40.0,60.0,100.0,10,2010-01-07,2,11,0,2010,1,7
959,2,1,1,24.0,60.0,110.0,50.0,36.0,15.0,1064.0,30.0,30.0,50.0,80.0,10,2010-01-08,2,11,0,2010,1,8
959,2,1,1,50.0,77.0,141.0,65.0,38.0,20.0,1042.0,50.0,40.0,70.0,110.0,10,2011-01-06,2,11,0,2011,1,6
959,2,1,1,46.0,72.0,131.0,60.0,36.0,18.0,1070.0,40.0,40.0,60.0,100.0,10,2011-01-07,2,11,0,2011,1,7
959,2,1,1,56.0,81.0,160.0,69.0,43.0,21.0,1060.0,30.0,50.0,50.0,100.0,10,2011-01-11,2,11,0,2011,1,11
959,2,1,1,47.0,72.0,121.0,49.0,25.0,13.0,809.0,60.0,50.0,80.0,130.0,11,2010-01-03,3,5,1,2010,1,3
959,2,1,1,33.0,55.0,92.0,37.0,22.0,10.0,876.0,40.0,30.0,60.0,90.0,11,2010-01-06,3,5,1,2010,1,6
959,2,1,1,51.0,78.0,132.0,54.0,27.0,15.0,885.0,60.0,50.0,80.0,130.0,11,2010-01-11,3,5,1,2010,1,11
959,2,1,1,73.0,73.0,138.0,50.0,27.0,14.0,821.0,60.0,50.0,80.0,130.0,11,2011-01-01,3,5,1,2011,1,1
959,2,1,1,64.0,68.0,123.0,47.0,25.0,13.0,821.0,60.0,40.0,80.0,120.0,11,2011-01-04,3,5,1,2011,1,4
959,2,1,1,44.0,52.0,86.0,35.0,19.0,9.0,894.0,50.0,30.0,60.0,90.0,11,2011-01-07,3,5,1,2011,1,7
959,2,1,1,39.0,49.0,82.0,34.0,20.0,9.0,890.0,40.0,30.0,50.0,80.0,11,2011-01-08,3,5,1,2011,1,8
959,2,1,1,70.0,73.0,131.0,50.0,26.0,14.0,898.0,50.0,50.0,70.0,120.0,11,2011-01-12,3,5,1,2011,1,12
970,1,0,0,134.0,179.0,302.0,123.0,45.0,34.0,928.0,140.0,130.0,180.0,310.0,1,2010-01-09,0,0,1,2010,1,9
970,1,0,0,133.0,179.0,302.0,123.0,46.0,34.0,915.0,160.0,120.0,180.0,300.0,1,2010-01-10,0,0,1,2010,1,10
970,1,0,0,128.0,172.0,290.0,118.0,44.0,33.0,930.0,130.0,110.0,170.0,280.0,1,2010-01-11,0,0,1,2010,1,11
970,1,0,0,142.0,132.0,238.0,91.0,36.0,25.0,777.0,110.0,90.0,140.0,230.0,1,2011-01-04,0,0,1,2011,1,4
970,1,0,0,199.0,179.0,322.0,123.0,45.0,34.0,928.0,140.0,130.0,180.0,310.0,1,2011-01-09,0,0,1,2011,1,9
970,1,0,0,68.0,107.0,190.0,83.0,39.0,27.0,623.0,80.0,80.0,110.0,190.0,2,2010-01-01,0,4,1,2010,1,1
970,1,0,0,69.0,109.0,193.0,84.0,40.0,27.0,603.0,90.0,80.0,120.0,200.0,2,2010-01-03,0,4,1,2010,1,3
970,1,0,0,63.0,100.0,178.0,78.0,37.0,25.0,593.0,70.0,80.0,100.0,180.0,2,2010-01-04,0,4,1,2010,1,4
970,1,0,0,68.0,107.0,190.0,83.0,39.0,27.0,574.0,80.0,80.0,110.0,190.0,2,2010-01-06,0,4,1,2010,1,6
970,1,0,0,71.0,112.0,199.0,87.0,41.0,28.0,564.0,80.0,90.0,110.0,200.0,2,2010-01-07,0,4,1,2010,1,7
970,1,0,0,42.0,74.0,132.0,58.0,32.0,19.0,548.0,50.0,60.0,70.0,130.0,2,2010-01-09,0,4,1,2010,1,9
970,1,0,0,27.0,52.0,92.0,40.0,25.0,13.0,536.0,40.0,30.0,60.0,90.0,2,2010-01-11,0,4,1,2010,1,11
970,1,0,0,29.0,56.0,99.0,43.0,27.0,14.0,531.0,30.0,40.0,50.0,90.0,2,2010-01-12,0,4,1,2010,1,12
970,1,0,0,102.0,109.0,206.0,84.0,40.0,27.0,603.0,90.0,80.0,120.0,200.0,2,2011-01-03,0,4,1,2011,1,3
970,1,0,0,93.0,100.0,190.0,78.0,37.0,25.0,593.0,70.0,80.0,100.0,180.0,2,2011-01-04,0,4,1,2011,1,4
970,1,0,0,94.0,107.0,188.0,83.0,36.0,27.0,574.0,80.0,80.0,110.0,190.0,2,2011-01-06,0,4,1,2011,1,6
970,1,0,0,54.0,68.0,119.0,52.0,27.0,17.0,554.0,50.0,50.0,70.0,120.0,2,2011-01-08,0,4,1,2011,1,8
970,1,0,0,43.0,56.0,106.0,43.0,27.0,14.0,531.0,30.0,40.0,50.0,90.0,2,2011-01-12,0,4,1,2011,1,12
970,1,0,0,101.0,139.0,234.0,95.0,38.0,26.0,821.0,110.0,100.0,140.0,240.0,3,2010-01-01,0,7,0,2010,1,1
970,1,0,0,139.0,185.0,312.0,127.0,46.0,35.0,1007.0,150.0,130.0,190.0,320.0,3,2010-01-07,0,7,0,2010,1,7
970,1,0,0,106.0,145.0,245.0,100.0,39.0,28.0,981.0,120.0,100.0,150.0,250.0,3,2010-01-09,0,7,0,2010,1,9
970,1,0,0,84.0,117.0,198.0,81.0,33.0,22.0,984.0,80.0,80.0,110.0,190.0,3,2010-01-11,0,7,0,2010,1,11
970,1,0,0,30.0,56.0,100.0,44.0,26.0,14.0,618.0,30.0,30.0,50.0,80.0,13,2010-01-02,3,9,1,2010,1,2
970,1,0,0,47.0,79.0,140.0,61.0,32.0,20.0,579.0,50.0,50.0,70.0,120.0,13,2010-01-09,3,9,1,2010,1,9
970,1,0,0,45.0,56.0,107.0,44.0,26.0,14.0,618.0,30.0,30.0,50.0,80.0,13,2011-01-02,3,9,1,2011,1,2
970,1,0,0,41.0,56.0,98.0,43.0,24.0,14.0,602.0,30.0,30.0,50.0,80.0,13,2011-01-05,3,9,1,2011,1,5
970,1,0,0,40.0,56.0,98.0,43.0,25.0,14.0,597.0,30.0,30.0,50.0,80.0,13,2011-01-06,3,9,1,2011,1,6
970,1,0,0,37.0,53.0,93.0,41.0,24.0,13.0,592.0,30.0,30.0,50.0,80.0,13,2011-01-07,3,9,1,2011,1,7
970,1,0,0,110.0,115.0,218.0,90.0,41.0,29.0,572.0,80.0,50.0,90.0,140.0,13,2011-01-10,3,9,1,2011,1,10
970,1,0,0,104.0,112.0,213.0,88.0,42.0,29.0,561.0,60.0,70.0,90.0,160.0,13,2011-01-11,3,9,1,2011,1,11
970,1,0,0,80.0,112.0,189.0,77.0,32.0,21.0,449.0,110.0,80.0,140.0,220.0,5,2010-01-02,1,2,1,2010,1,2
970,1,0,0,53.0,79.0,133.0,54.0,26.0,15.0,601.0,90.0,60.0,110.0,170.0,5,2010-01-12,1,2,1,2010,1,12
970,1,0,0,121.0,124.0,208.0,86.0,33.0,24.0,499.0,120.0,90.0,150.0,240.0,5,2011-01-05,1,2,1,2011,1,5
970,1,0,0,117.0,111.0,199.0,76.0,32.0,21.0,580.0,170.0,100.0,180.0,280.0,5,2011-01-10,1,2,1,2011,1,10
970,1,0,0,79.0,79.0,142.0,54.0,26.0,15.0,601.0,90.0,60.0,110.0,170.0,5,2011-01-12,1,2,1,2011,1,12
970,1,0,0,54.0,108.0,180.0,72.0,54.0,23.0,541.0,80.0,80.0,130.0,210.0,6,2010-01-03,1,6,0,2010,1,3
970,1,0,0,47.0,101.0,168.0,67.0,54.0,22.0,677.0,80.0,80.0,130.0,210.0,6,2010-01-12,1,6,0,2010,1,12
970,1,0,0,88.0,114.0,201.0,75.0,55.0,24.0,549.0,90.0,80.0,140.0,220.0,6,2011-01-02,1,6,0,2011,1,2
970,1,0,0,80.0,108.0,192.0,72.0,54.0,23.0,541.0,80.0,80.0,130.0,210.0,6,2011-01-03,1,6,0,2011,1,3
970,1,0,0,46.0,81.0,134.0,54.0,45.0,17.0,641.0,50.0,60.0,90.0,150.0,6,2011-01-06,1,6,0,2011,1,6
970,1,0,0,58.0,90.0,160.0,60.0,51.0,19.0,656.0,60.0,60.0,110.0,170.0,6,2011-01-09,1,6,0,2011,1,9
970,1,0,0,83.0,110.0,194.0,72.0,54.0,23.0,650.0,130.0,100.0,160.0,260.0,6,2011-01-10,1,6,0,2011,1,10
970,1,0,0,86.0,114.0,201.0,75.0,56.0,24.0,659.0,100.0,90.0,150.0,240.0,6,2011-01-11,1,6,0,2011,1,11
970,1,0,0,99.0,171.0,341.0,170.0,72.0,47.0,1091.0,110.0,140.0,160.0,300.0,8,2010-01-01,2,3,0,2010,1,1
970,1,0,0,99.0,170.0,340.0,170.0,71.0,47.0,1073.0,100.0,140.0,150.0,290.0,8,2010-01-02,2,3,0,2010,1,2
970,1,0,0,83.0,149.0,298.0,149.0,66.0,41.0,1156.0,90.0,120.0,140.0,260.0,8,2010-01-05,2,3,0,2010,1,5
970,1,0,0,87.0,155.0,310.0,155.0,68.0,43.0,1280.0,90.0,130.0,140.0,270.0,8,2010-01-09,2,3,0,2010,1,9
970,1,0,0,107.0,182.0,363.0,181.0,75.0,50.0,1283.0,100.0,170.0,160.0,330.0,8,2010-01-11,2,3,0,2010,1,11
970,1,0,0,147.0,170.0,362.0,170.0,71.0,47.0,1073.0,100.0,140.0,150.0,290.0,8,2011-01-02,2,3,0,2011,1,2
970,1,0,0,140.0,163.0,346.0,162.0,69.0,45.0,1059.0,100.0,130.0,150.0,280.0,8,2011-01-03,2,3,0,2011,1,3
970,1,0,0,159.0,182.0,387.0,181.0,75.0,50.0,1283.0,100.0,170.0,160.0,330.0,8,2011-01-11,2,3,0,2011,1,11
970,1,0,0,129.0,153.0,326.0,153.0,66.0,42.0,1319.0,80.0,140.0,140.0,280.0,8,2011-01-12,2,3,0,2011,1,12
970,1,0,0,-3.0,75.0,129.0,54.0,78.0,49.0,427.0,10.0,40.0,70.0,110.0,9,2010-01-02,2,10,0,2010,1,2
970,1,0,0,-4.0,73.0,125.0,52.0,77.0,47.0,421.0,20.0,40.0,70.0,110.0,9,2010-01-03,2,10,0,2010,1,3
970,1,0,0,-10.0,56.0,95.0,39.0,66.0,36.0,517.0,0.0,30.0,50.0,80.0,9,2010-01-07,2,10,0,2010,1,7
970,1,0,0,-10.0,52.0,89.0,37.0,62.0,33.0,513.0,0.0,30.0,40.0,70.0,9,2010-01-08,2,10,0,2010,1,8
970,1,0,0,-2.0,74.0,126.0,52.0,76.0,47.0,509.0,20.0,40.0,70.0,110.0,9,2010-01-09,2,10,0,2010,1,9
970,1,0,0,-6.0,65.0,112.0,47.0,71.0,42.0,521.0,0.0,40.0,60.0,100.0,9,2010-01-12,2,10,0,2010,1,12
970,1,0,0,-4.0,75.0,137.0,54.0,78.0,49.0,427.0,10.0,40.0,70.0,110.0,9,2011-01-02,2,10,0,2011,1,2
970,1,0,0,-4.0,75.0,127.0,53.0,73.0,48.0,458.0,10.0,40.0,70.0,110.0,9,2011-01-05,2,10,0,2011,1,5
970,1,0,0,-3.0,74.0,134.0,52.0,76.0,47.0,509.0,20.0,40.0,70.0,110.0,9,2011-01-09,2,10,0,2011,1,9
970,1,0,0,-6.0,73.0,133.0,52.0,77.0,47.0,509.0,10.0,40.0,70.0,110.0,9,2011-01-11,2,10,0,2011,1,11
970,1,0,0,33.0,80.0,140.0,60.0,47.0,19.0,336.0,40.0,50.0,70.0,120.0,10,2010-01-01,2,11,0,2010,1,1
970,1,0,0,26.0,71.0,123.0,52.0,45.0,17.0,405.0,50.0,30.0,60.0,90.0,10,2010-01-10,2,11,0,2010,1,10
970,1,0,0,51.0,80.0,157.0,60.0,49.0,19.0,336.0,40.0,50.0,70.0,120.0,10,2011-01-01,2,11,0,2011,1,1
970,1,0,0,46.0,77.0,143.0,57.0,46.0,18.0,323.0,40.0,40.0,70.0,110.0,10,2011-01-03,2,11,0,2011,1,3
970,1,0,0,39.0,71.0,131.0,52.0,45.0,17.0,405.0,50.0,30.0,60.0,90.0,10,2011-01-10,2,11,0,2011,1,10
970,1,0,0,47.0,79.0,147.0,59.0,47.0,19.0,411.0,40.0,50.0,70.0,120.0,10,2011-01-11,2,11,0,2011,1,11
970,1,0,0,43.0,73.0,135.0,54.0,44.0,17.0,424.0,30.0,50.0,60.0,110.0,10,2011-01-12,2,11,0,2011,1,12
970,1,0,0,16.0,71.0,129.0,58.0,55.0,22.0,325.0,20.0,40.0,70.0,110.0,11,2010-01-03,3,5,1,2010,1,3
970,1,0,0,12.0,64.0,115.0,51.0,52.0,19.0,419.0,20.0,40.0,60.0,100.0,11,2010-01-07,3,5,1,2010,1,7
970,1,0,0,7.0,57.0,102.0,45.0,50.0,17.0,409.0,10.0,30.0,50.0,80.0,11,2010-01-09,3,5,1,2010,1,9
970,1,0,0,27.0,73.0,141.0,59.0,55.0,22.0,331.0,10.0,50.0,60.0,110.0,11,2011-01-02,3,5,1,2011,1,2
970,1,0,0,24.0,71.0,137.0,58.0,55.0,22.0,325.0,20.0,40.0,70.0,110.0,11,2011-01-03,3,5,1,2011,1,3
970,1,0,0,15.0,64.0,114.0,51.0,49.0,19.0,396.0,20.0,40.0,60.0,100.0,11,2011-01-06,3,5,1,2011,1,6
970,1,0,0,27.0,64.0,117.0,53.0,37.0,16.0,1028.0,30.0,40.0,60.0,100.0,12,2010-01-06,3,8,1,2010,1,6
970,1,0,0,16.0,50.0,91.0,41.0,34.0,12.0,1046.0,20.0,30.0,50.0,80.0,12,2010-01-08,3,8,1,2010,1,8
970,1,0,0,50.0,74.0,145.0,62.0,40.0,19.0,958.0,30.0,50.0,60.0,110.0,12,2011-01-02,3,8,1,2011,1,2
970,1,0,0,47.0,73.0,144.0,62.0,41.0,19.0,952.0,30.0,50.0,60.0,110.0,12,2011-01-03,3,8,1,2011,1,3
970,1,0,0,40.0,64.0,126.0,54.0,37.0,16.0,1037.0,40.0,30.0,50.0,80.0,12,2011-01-10,3,8,1,2011,1,10
970,1,0,0,39.0,63.0,124.0,53.0,37.0,16.0,1054.0,20.0,40.0,50.0,90.0,12,2011-01-12,3,8,1,2011,1,12
971,15,3,1,-4.0,75.0,129.0,54.0,79.0,49.0,427.0,40.0,60.0,100.0,160.0,1,2010-01-02,0,0,1,2010,1,2
971,15,3,1,-3.0,73.0,125.0,52.0,76.0,47.0,433.0,30.0,60.0,90.0,150.0,1,2010-01-04,0,0,1,2010,1,4
971,15,3,1,-10.0,56.0,95.0,39.0,66.0,36.0,517.0,20.0,40.0,70.0,110.0,1,2010-01-07,0,0,1,2010,1,7
971,15,3,1,-5.0,71.0,122.0,51.0,76.0,46.0,503.0,50.0,70.0,100.0,170.0,1,2010-01-10,0,0,1,2010,1,10
971,15,3,1,-4.0,73.0,133.0,52.0,76.0,47.0,421.0,30.0,60.0,90.0,150.0,1,2011-01-03,0,0,1,2011,1,3
971,15,3,1,-3.0,75.0,127.0,53.0,72.0,48.0,458.0,40.0,60.0,100.0,160.0,1,2011-01-05,0,0,1,2011,1,5
971,15,3,1,-15.0,52.0,88.0,37.0,59.0,33.0,513.0,20.0,40.0,70.0,110.0,1,2011-01-08,0,0,1,2011,1,8
971,15,3,1,-6.0,73.0,133.0,52.0,77.0,47.0,509.0,10.0,60.0,80.0,140.0,1,2011-01-11,0,0,1,2011,1,11
971,15,3,1,8.0,68.0,116.0,48.0,60.0,15.0,422.0,30.0,60.0,80.0,140.0,2,2010-01-05,0,4,1,2010,1,5
971,15,3,1,4.0,65.0,112.0,47.0,61.0,15.0,456.0,40.0,50.0,90.0,140.0,2,2010-01-06,0,4,1,2010,1,6
971,15,3,1,0.0,55.0,94.0,39.0,55.0,12.0,478.0,20.0,40.0,70.0,110.0,2,2010-01-07,0,4,1,2010,1,7
971,15,3,1,8.0,67.0,114.0,47.0,59.0,15.0,474.0,40.0,50.0,90.0,140.0,2,2010-01-08,0,4,1,2010,1,8
971,15,3,1,21.0,84.0,144.0,60.0,63.0,19.0,463.0,90.0,80.0,130.0,210.0,2,2010-01-10,0,4,1,2010,1,10
971,15,3,1,14.0,75.0,128.0,53.0,61.0,17.0,470.0,40.0,60.0,90.0,150.0,2,2010-01-11,0,4,1,2010,1,11
971,15,3,1,36.0,87.0,159.0,62.0,63.0,20.0,385.0,60.0,70.0,110.0,180.0,2,2011-01-03,0,4,1,2011,1,3
971,15,3,1,11.0,68.0,115.0,48.0,56.0,15.0,422.0,30.0,60.0,80.0,140.0,2,2011-01-05,0,4,1,2011,1,5
971,15,3,1,11.0,67.0,113.0,47.0,55.0,15.0,474.0,40.0,50.0,90.0,140.0,2,2011-01-08,0,4,1,2011,1,8
971,15,3,1,42.0,83.0,140.0,57.0,41.0,18.0,364.0,70.0,70.0,100.0,170.0,3,2010-01-01,0,7,0,2010,1,1
971,15,3,1,38.0,76.0,128.0,52.0,38.0,16.0,357.0,70.0,60.0,100.0,160.0,3,2010-01-02,0,7,0,2010,1,2
971,15,3,1,25.0,61.0,103.0,42.0,36.0,13.0,384.0,40.0,50.0,70.0,120.0,3,2010-01-05,0,7,0,2010,1,5
971,15,3,1,28.0,64.0,107.0,43.0,36.0,13.0,424.0,50.0,50.0,80.0,130.0,3,2010-01-09,0,7,0,2010,1,9
971,15,3,1,29.0,64.0,107.0,43.0,35.0,13.0,419.0,80.0,50.0,100.0,150.0,3,2010-01-10,0,7,0,2010,1,10
971,15,3,1,65.0,83.0,157.0,57.0,43.0,18.0,364.0,70.0,70.0,100.0,170.0,3,2011-01-01,0,7,0,2011,1,1
971,15,3,1,56.0,76.0,136.0,52.0,38.0,16.0,357.0,70.0,60.0,100.0,160.0,3,2011-01-02,0,7,0,2011,1,2
971,15,3,1,50.0,72.0,129.0,49.0,38.0,15.0,351.0,60.0,60.0,90.0,150.0,3,2011-01-03,0,7,0,2011,1,3
971,15,3,1,35.0,61.0,102.0,42.0,33.0,13.0,384.0,40.0,50.0,70.0,120.0,3,2011-01-05,0,7,0,2011,1,5
971,15,3,1,43.0,64.0,114.0,43.0,35.0,13.0,419.0,80.0,50.0,100.0,150.0,3,2011-01-10,0,7,0,2011,1,10
971,15,3,1,98.0,155.0,267.0,112.0,57.0,34.0,502.0,70.0,70.0,110.0,180.0,13,2010-01-04,3,9,1,2010,1,4
971,15,3,1,101.0,159.0,273.0,114.0,58.0,35.0,555.0,70.0,70.0,110.0,180.0,13,2010-01-05,3,9,1,2010,1,5
971,15,3,1,76.0,127.0,218.0,91.0,51.0,28.0,656.0,50.0,40.0,60.0,100.0,13,2010-01-10,3,9,1,2010,1,10
971,15,3,1,89.0,143.0,245.0,102.0,54.0,31.0,666.0,70.0,70.0,100.0,170.0,13,2010-01-11,3,9,1,2010,1,11
971,15,3,1,105.0,120.0,220.0,86.0,49.0,26.0,490.0,60.0,50.0,90.0,140.0,13,2011-01-02,3,9,1,2011,1,2
971,15,3,1,110.0,125.0,228.0,89.0,51.0,27.0,481.0,60.0,50.0,90.0,140.0,13,2011-01-03,3,9,1,2011,1,3
971,15,3,1,145.0,155.0,285.0,112.0,57.0,34.0,502.0,70.0,70.0,110.0,180.0,13,2011-01-04,3,9,1,2011,1,4
971,15,3,1,120.0,134.0,245.0,96.0,53.0,29.0,666.0,60.0,60.0,90.0,150.0,13,2011-01-09,3,9,1,2011,1,9
971,15,3,1,132.0,143.0,261.0,102.0,54.0,31.0,666.0,70.0,70.0,100.0,170.0,13,2011-01-11,3,9,1,2011,1,11
971,15,3,1,32.0,77.0,134.0,57.0,45.0,18.0,323.0,40.0,50.0,70.0,120.0,5,2010-01-03,1,2,1,2010,1,3
971,15,3,1,28.0,74.0,129.0,55.0,46.0,18.0,336.0,40.0,50.0,70.0,120.0,5,2010-01-04,1,2,1,2010,1,4
971,15,3,1,27.0,71.0,123.0,52.0,44.0,17.0,405.0,60.0,30.0,70.0,100.0,5,2010-01-10,1,2,1,2010,1,10
971,15,3,1,42.0,74.0,137.0,55.0,46.0,18.0,336.0,40.0,50.0,70.0,120.0,5,2011-01-04,1,2,1,2011,1,4
971,15,3,1,37.0,71.0,122.0,52.0,41.0,17.0,361.0,40.0,40.0,70.0,110.0,5,2011-01-05,1,2,1,2011,1,5
971,15,3,1,26.0,62.0,107.0,46.0,40.0,15.0,415.0,30.0,40.0,60.0,100.0,5,2011-01-08,1,2,1,2011,1,8
971,15,3,1,99.0,171.0,341.0,170.0,72.0,47.0,1091.0,100.0,160.0,160.0,320.0,6,2010-01-01,1,6,0,2010,1,1
971,15,3,1,99.0,170.0,340.0,170.0,71.0,47.0,1073.0,100.0,160.0,160.0,320.0,6,2010-01-02,1,6,0,2010,1,2
971,15,3,1,94.0,163.0,325.0,162.0,69.0,45.0,1059.0,100.0,150.0,160.0,310.0,6,2010-01-03,1,6,0,2010,1,3
971,15,3,1,87.0,153.0,306.0,153.0,66.0,42.0,1319.0,80.0,150.0,140.0,290.0,6,2010-01-12,1,6,0,2010,1,12
971,15,3,1,154.0,171.0,382.0,170.0,76.0,47.0,1091.0,100.0,160.0,160.0,320.0,6,2011-01-01,1,6,0,2011,1,1
971,15,3,1,138.0,163.0,346.0,162.0,70.0,45.0,1091.0,100.0,150.0,160.0,310.0,6,2011-01-04,1,6,0,2011,1,4
971,15,3,1,129.0,155.0,330.0,155.0,68.0,43.0,1280.0,90.0,140.0,150.0,290.0,6,2011-01-09,1,6,0,2011,1,9
971,15,3,1,160.0,182.0,387.0,181.0,74.0,50.0,1283.0,120.0,170.0,180.0,350.0,6,2011-01-11,1,6,0,2011,1,11
971,15,3,1,129.0,153.0,326.0,153.0,66.0,42.0,1319.0,80.0,150.0,140.0,290.0,6,2011-01-12,1,6,0,2011,1,12
971,15,3,1,33.0,54.0,90.0,36.0,21.0,10.0,777.0,40.0,30.0,40.0,70.0,8,2010-01-01,2,3,0,2010,1,1
971,15,3,1,28.0,48.0,81.0,33.0,20.0,9.0,772.0,50.0,20.0,50.0,70.0,8,2010-01-02,2,3,0,2010,1,2
971,15,3,1,31.0,52.0,87.0,35.0,21.0,9.0,777.0,40.0,30.0,40.0,70.0,8,2010-01-04,2,3,0,2010,1,4
971,15,3,1,22.0,41.0,69.0,28.0,19.0,7.0,816.0,40.0,20.0,40.0,60.0,8,2010-01-06,2,3,0,2010,1,6
971,15,3,1,19.0,37.0,62.0,25.0,18.0,7.0,826.0,30.0,20.0,30.0,50.0,8,2010-01-08,2,3,0,2010,1,8
971,15,3,1,17.0,36.0,61.0,25.0,19.0,7.0,820.0,30.0,10.0,30.0,40.0,8,2010-01-10,2,3,0,2010,1,10
971,15,3,1,46.0,52.0,93.0,35.0,21.0,9.0,777.0,40.0,30.0,40.0,70.0,8,2011-01-04,2,3,0,2011,1,4
971,15,3,1,26.0,37.0,61.0,25.0,17.0,7.0,826.0,30.0,20.0,30.0,50.0,8,2011-01-08,2,3,0,2011,1,8
971,15,3,1,25.0,36.0,65.0,25.0,19.0,7.0,820.0,30.0,10.0,30.0,40.0,8,2011-01-10,2,3,0,2011,1,10
971,15,3,1,29.0,55.0,98.0,43.0,26.0,14.0,613.0,30.0,30.0,50.0,80.0,9,2010-01-03,2,10,0,2010,1,3
971,15,3,1,32.0,60.0,106.0,46.0,28.0,15.0,608.0,40.0,30.0,60.0,90.0,9,2010-01-04,2,10,0,2010,1,4
971,15,3,1,30.0,56.0,99.0,43.0,26.0,14.0,602.0,30.0,30.0,50.0,80.0,9,2010-01-05,2,10,0,2010,1,5
971,15,3,1,47.0,79.0,140.0,61.0,32.0,20.0,579.0,50.0,50.0,70.0,120.0,9,2010-01-09,2,10,0,2010,1,9
971,15,3,1,73.0,115.0,205.0,90.0,42.0,29.0,572.0,90.0,60.0,100.0,160.0,9,2010-01-10,2,10,0,2010,1,10
971,15,3,1,70.0,112.0,200.0,88.0,42.0,29.0,561.0,70.0,80.0,100.0,180.0,9,2010-01-11,2,10,0,2010,1,11
971,15,3,1,28.0,48.0,80.0,32.0,20.0,8.0,456.0,30.0,20.0,30.0,50.0,11,2010-01-01,3,5,1,2010,1,1
971,15,3,1,16.0,32.0,53.0,21.0,16.0,5.0,449.0,20.0,10.0,20.0,30.0,11,2010-01-03,3,5,1,2010,1,3
971,15,3,1,25.0,44.0,73.0,29.0,19.0,8.0,490.0,30.0,20.0,30.0,50.0,11,2010-01-12,3,5,1,2010,1,12
971,15,3,1,12.0,26.0,44.0,18.0,16.0,5.0,478.0,10.0,10.0,10.0,20.0,11,2011-01-06,3,5,1,2011,1,6
971,15,3,1,24.0,32.0,56.0,21.0,16.0,5.0,480.0,20.0,0.0,20.0,20.0,11,2011-01-10,3,5,1,2011,1,10
971,15,3,1,62.0,120.0,200.0,80.0,58.0,26.0,640.0,50.0,50.0,80.0,130.0,12,2010-01-02,3,8,1,2010,1,2
971,15,3,1,104.0,172.0,286.0,114.0,68.0,37.0,810.0,80.0,70.0,120.0,190.0,12,2010-01-08,3,8,1,2010,1,8
971,15,3,1,64.0,123.0,205.0,82.0,59.0,27.0,788.0,50.0,30.0,60.0,90.0,12,2010-01-10,3,8,1,2010,1,10
971,15,3,1,62.0,119.0,197.0,78.0,57.0,25.0,798.0,50.0,50.0,90.0,140.0,12,2010-01-11,3,8,1,2010,1,11
971,15,3,1,73.0,133.0,221.0,88.0,60.0,29.0,817.0,60.0,60.0,100.0,160.0,12,2010-01-12,3,8,1,2010,1,12
971,15,3,1,101.0,126.0,224.0,84.0,58.0,27.0,632.0,60.0,50.0,90.0,140.0,12,2011-01-03,3,8,1,2011,1,3
971,15,3,1,108.0,133.0,236.0,88.0,60.0,29.0,817.0,60.0,60.0,100.0,160.0,12,2011-01-12,3,8,1,2011,1,12
971,15,3,1,12.0,64.0,115.0,51.0,52.0,19.0,419.0,30.0,40.0,70.0,110.0,4,2010-01-07,1,1,1,2010,1,7
971,15,3,1,9.0,60.0,109.0,49.0,51.0,18.0,414.0,20.0,40.0,60.0,100.0,4,2010-01-08,1,1,1,2010,1,8
971,15,3,1,6.0,57.0,103.0,46.0,51.0,17.0,422.0,10.0,40.0,50.0,90.0,4,2010-01-12,1,1,1,2010,1,12
971,15,3,1,19.0,67.0,129.0,54.0,54.0,20.0,337.0,20.0,50.0,60.0,110.0,4,2011-01-04,1,1,1,2011,1,4
971,15,3,1,15.0,64.0,114.0,51.0,49.0,19.0,396.0,30.0,40.0,70.0,110.0,4,2011-01-06,1,1,1,2011,1,6
971,15,3,1,17.0,64.0,114.0,51.0,48.0,19.0,419.0,30.0,40.0,70.0,110.0,4,2011-01-07,1,1,1,2011,1,7
971,15,3,1,9.0,57.0,109.0,45.0,51.0,17.0,409.0,10.0,40.0,50.0,90.0,4,2011-01-09,1,1,1,2011,1,9
971,15,3,1,18.0,66.0,128.0,54.0,54.0,20.0,404.0,40.0,40.0,60.0,100.0,4,2011-01-10,1,1,1,2011,1,10
971,15,3,1,9.0,57.0,110.0,46.0,51.0,17.0,422.0,10.0,40.0,50.0,90.0,4,2011-01-12,1,1,1,2011,1,12
972,16,2,0,164.0,252.0,465.0,213.0,88.0,66.0,942.0,240.0,260.0,320.0,580.0,2,2010-01-02,0,4,1,2010,1,2
972,16,2,0,188.0,284.0,525.0,241.0,96.0,74.0,1321.0,240.0,280.0,340.0,620.0,2,2010-01-12,0,4,1,2010,1,12
972,16,2,0,284.0,307.0,562.0,260.0,94.0,80.0,1319.0,290.0,320.0,380.0,700.0,2,2011-01-07,0,4,1,2011,1,7
972,16,2,0,133.0,179.0,302.0,123.0,46.0,34.0,959.0,110.0,90.0,140.0,230.0,5,2010-01-12,1,2,1,2010,1,12
972,16,2,0,84.0,117.0,198.0,81.0,33.0,22.0,441.0,90.0,60.0,110.0,170.0,6,2010-01-03,1,6,0,2010,1,3
978,7,1,0,366.0,420.0,492.0,72.0,54.0,23.0,-54.0,360.0,60.0,400.0,460.0,2,2010-01-03,0,4,1,2010,1,3
978,7,1,0,434.0,487.0,551.0,64.0,53.0,21.0,-663.0,430.0,60.0,460.0,520.0,2,2010-01-05,0,4,1,2010,1,5
978,7,1,0,324.0,379.0,454.0,75.0,55.0,24.0,-3287.0,300.0,60.0,340.0,400.0,2,2010-01-11,0,4,1,2010,1,11
978,7,1,0,778.0,613.0,659.0,52.0,46.0,17.0,-1493.0,560.0,40.0,590.0,630.0,2,2011-01-07,0,4,1,2011,1,7
978,7,1,0,17.0,34.0,56.0,22.0,17.0,6.0,452.0,30.0,20.0,40.0,60.0,13,2010-01-02,3,9,1,2010,1,2
978,7,1,0,45.0,48.0,90.0,32.0,20.0,8.0,456.0,40.0,30.0,50.0,80.0,13,2011-01-01,3,9,1,2011,1,1
978,7,1,0,25.0,34.0,60.0,22.0,17.0,6.0,452.0,30.0,20.0,40.0,60.0,13,2011-01-02,3,9,1,2011,1,2
978,7,1,0,43.0,48.0,85.0,32.0,19.0,8.0,482.0,40.0,30.0,50.0,80.0,13,2011-01-11,3,9,1,2011,1,11
978,7,1,0,7.0,72.0,111.0,39.0,65.0,36.0,560.0,20.0,30.0,70.0,100.0,5,2010-01-07,1,2,1,2010,1,7
978,7,1,0,-30.0,52.0,106.0,47.0,72.0,42.0,571.0,-10.0,40.0,50.0,90.0,5,2011-01-12,1,2,1,2011,1,12
978,7,1,0,11.0,64.0,115.0,51.0,53.0,19.0,419.0,20.0,30.0,50.0,80.0,9,2010-01-07,2,10,0,2010,1,7
978,7,1,0,12.0,60.0,108.0,49.0,47.0,18.0,414.0,20.0,30.0,50.0,80.0,9,2011-01-08,2,10,0,2011,1,8
978,7,1,0,28.0,48.0,80.0,32.0,20.0,8.0,817.0,40.0,30.0,50.0,80.0,11,2010-01-02,3,5,1,2010,1,2
978,7,1,0,28.0,47.0,79.0,32.0,19.0,8.0,813.0,40.0,30.0,50.0,80.0,11,2010-01-03,3,5,1,2010,1,3
978,7,1,0,30.0,39.0,70.0,27.0,19.0,7.0,859.0,50.0,20.0,50.0,70.0,11,2011-01-10,3,5,1,2011,1,10
978,7,1,0,43.0,49.0,87.0,33.0,20.0,9.0,870.0,40.0,30.0,50.0,80.0,11,2011-01-12,3,5,1,2011,1,12
978,7,1,0,100.0,171.0,341.0,170.0,71.0,47.0,1091.0,110.0,160.0,170.0,330.0,7,2010-01-01,1,12,1,2010,1,1
979,16,2,0,250.0,367.0,678.0,311.0,117.0,96.0,1296.0,340.0,390.0,450.0,840.0,2,2010-01-08,0,4,1,2010,1,8
979,16,2,0,155.0,152.0,254.0,104.0,37.0,29.0,952.0,120.0,80.0,140.0,220.0,5,2011-01-07,1,2,1,2011,1,7
979,16,2,0,85.0,118.0,199.0,81.0,33.0,22.0,588.0,90.0,60.0,110.0,170.0,6,2010-01-09,1,6,0,2010,1,9
979,16,2,0,28.0,55.0,92.0,38.0,33.0,12.0,414.0,30.0,30.0,60.0,90.0,9,2011-01-06,2,10,0,2011,1,6
979,16,2,0,80.0,108.0,192.0,72.0,54.0,23.0,189.0,50.0,60.0,90.0,150.0,4,2011-01-03,1,1,1,2011,1,3
985,6,2,1,68.0,71.0,128.0,49.0,25.0,13.0,845.0,70.0,50.0,90.0,140.0,2,2011-01-12,0,4,1,2011,1,12
985,6,2,1,28.0,48.0,81.0,33.0,20.0,9.0,777.0,50.0,40.0,60.0,100.0,3,2010-01-01,0,7,0,2010,1,1
985,6,2,1,70.0,72.0,129.0,49.0,25.0,13.0,767.0,70.0,60.0,90.0,150.0,3,2011-01-03,0,7,0,2011,1,3
985,6,2,1,87.0,91.0,153.0,63.0,26.0,17.0,864.0,100.0,70.0,120.0,190.0,3,2011-01-08,0,7,0,2011,1,8
985,6,2,1,67.0,70.0,126.0,48.0,25.0,13.0,851.0,80.0,70.0,90.0,160.0,3,2011-01-10,0,7,0,2011,1,10
985,6,2,1,53.0,94.0,151.0,57.0,41.0,17.0,349.0,60.0,40.0,80.0,120.0,5,2010-01-09,1,2,1,2010,1,9
985,6,2,1,58.0,99.0,159.0,60.0,41.0,18.0,329.0,70.0,30.0,70.0,100.0,5,2010-01-10,1,2,1,2010,1,10
985,6,2,1,31.0,66.0,107.0,41.0,35.0,12.0,320.0,20.0,30.0,50.0,80.0,5,2010-01-12,1,2,1,2010,1,12
985,6,2,1,61.0,82.0,129.0,48.0,35.0,14.0,351.0,50.0,40.0,70.0,110.0,5,2011-01-05,1,2,1,2011,1,5
985,6,2,1,41.0,81.0,137.0,56.0,40.0,17.0,382.0,50.0,40.0,70.0,110.0,6,2010-01-02,1,6,0,2010,1,2
985,6,2,1,31.0,67.0,113.0,46.0,36.0,14.0,454.0,40.0,30.0,60.0,90.0,6,2010-01-09,1,6,0,2010,1,9
985,6,2,1,61.0,81.0,146.0,56.0,40.0,17.0,382.0,50.0,40.0,70.0,110.0,6,2011-01-02,1,6,0,2011,1,2
985,6,2,1,56.0,77.0,137.0,52.0,39.0,16.0,376.0,50.0,40.0,70.0,110.0,6,2011-01-03,1,6,0,2011,1,3
985,6,2,1,38.0,67.0,119.0,52.0,29.0,17.0,605.0,50.0,40.0,70.0,110.0,8,2010-01-04,2,3,0,2010,1,4
985,6,2,1,35.0,63.0,111.0,48.0,28.0,15.0,599.0,40.0,40.0,60.0,100.0,8,2010-01-05,2,3,0,2010,1,5
985,6,2,1,48.0,63.0,110.0,48.0,26.0,15.0,599.0,40.0,40.0,60.0,100.0,8,2011-01-05,2,3,0,2011,1,5
985,6,2,1,126.0,130.0,246.0,101.0,45.0,33.0,552.0,80.0,90.0,120.0,210.0,8,2011-01-11,2,3,0,2011,1,11
985,6,2,1,114.0,120.0,228.0,94.0,43.0,31.0,540.0,70.0,80.0,110.0,190.0,8,2011-01-12,2,3,0,2011,1,12
985,6,2,1,28.0,88.0,160.0,72.0,60.0,27.0,606.0,40.0,60.0,90.0,150.0,9,2010-01-08,2,10,0,2010,1,8
985,6,2,1,26.0,85.0,153.0,68.0,59.0,25.0,619.0,30.0,60.0,80.0,140.0,9,2010-01-12,2,10,0,2010,1,12
985,6,2,1,62.0,107.0,206.0,86.0,65.0,32.0,484.0,40.0,80.0,100.0,180.0,9,2011-01-02,2,10,0,2011,1,2
985,6,2,1,43.0,93.0,167.0,76.0,58.0,28.0,613.0,40.0,70.0,90.0,160.0,9,2011-01-07,2,10,0,2011,1,7
985,6,2,1,37.0,83.0,160.0,67.0,58.0,25.0,599.0,30.0,60.0,80.0,140.0,9,2011-01-09,2,10,0,2011,1,9
985,6,2,1,1.0,87.0,150.0,63.0,86.0,57.0,37.0,0.0,50.0,70.0,120.0,4,2010-01-04,1,1,1,2010,1,4
985,6,2,1,3.0,90.0,154.0,64.0,87.0,58.0,-113.0,10.0,50.0,80.0,130.0,4,2010-01-05,1,1,1,2010,1,5
985,6,2,1,-6.0,66.0,113.0,47.0,72.0,42.0,-395.0,0.0,40.0,50.0,90.0,4,2010-01-07,1,1,1,2010,1,7
985,6,2,1,-7.0,61.0,105.0,44.0,68.0,39.0,-508.0,10.0,30.0,60.0,90.0,4,2010-01-08,1,1,1,2010,1,8
985,6,2,1,-3.0,76.0,131.0,55.0,79.0,49.0,-1053.0,0.0,40.0,60.0,100.0,4,2010-01-12,1,1,1,2010,1,12
985,6,2,1,1.0,87.0,160.0,63.0,86.0,57.0,37.0,0.0,50.0,70.0,120.0,4,2011-01-04,1,1,1,2011,1,4
985,6,2,1,4.0,90.0,153.0,64.0,81.0,58.0,-113.0,10.0,50.0,80.0,130.0,4,2011-01-05,1,1,1,2011,1,5
